t,T_true,T_meas,T_out,setpoint,heater,error,T_pred,lower,upper
0.0,18.0,18.3,5.0,21.0,1,2.6999999999999993,18.3,20.5,21.5
1.0,18.0174,18.3087,5.00174532903047,21.0,1,2.6912999999999982,18.395700000000012,20.5,21.5
2.0,18.034796869065804,18.31739895635527,5.003490656731796,21.0,1,2.6826010436447305,18.404388519907947,20.5,21.5
3.0,18.052190607823338,18.326096869222287,5.005235981774836,21.0,1,2.6739031307777132,18.41307599789246,20.5,21.5
4.0,18.06958121689813,18.334793738757455,5.0069813028304475,21.0,1,2.6652062612425453,18.421762434109134,20.5,21.5
5.0,18.086968696915317,18.352187478140518,5.008726618569493,21.0,1,2.647812521859482,18.526124871971152,20.5,21.5
6.0,18.104353048499647,18.36957808784045,5.010471927662839,21.0,1,2.6304219121595516,18.543484184839752,20.5,21.5
7.0,18.12173427227548,18.386965568482385,5.012217228781357,21.0,1,2.6130344315176153,18.560840374901748,20.5,21.5
8.0,18.13911236886678,18.40434992069107,5.013962520595923,21.0,1,2.5956500793089283,18.57819344277794,20.5,21.5
9.0,18.156487338897126,18.42173114509087,5.015707801777423,21.0,1,2.5782688549091297,18.595543389088856,20.5,21.5
10.0,18.173859182989702,18.439109242305747,5.017453070996748,21.0,1,2.560890757694253,18.612890214454517,20.5,21.5
11.0,18.191227901767302,18.45648421295928,5.0191983269248,21.0,1,2.5435157870407217,18.63023391949459,20.5,21.5
12.0,18.208593495852334,18.473856057674652,5.020943568232491,21.0,1,2.526143942325348,18.64757450482839,20.5,21.5
13.0,18.22595596586681,18.49122477707466,5.022688793590745,21.0,1,2.5087752229253404,18.664911971074734,20.5,21.5
14.0,18.243315312432355,18.508590371781708,5.024434001670494,21.0,1,2.4914096282182925,18.682246318852187,20.5,21.5
15.0,18.260671536170204,18.52595284241781,5.026179191142689,21.0,1,2.4740471575821914,18.69957754877882,20.5,21.5
16.0,18.278024637701197,18.543312189604585,5.02792436067829,21.0,1,2.4566878103954153,18.716905661472346,20.5,21.5
17.0,18.29537461764579,18.560668413963278,5.029669508948277,21.0,1,2.4393315860367224,18.734230657550206,20.5,21.5
18.0,18.312721476624052,18.578021516114724,5.0314146346236415,21.0,1,2.421978483885276,18.751552537629188,20.5,21.5
19.0,18.33006521525565,18.595371496679384,5.033159736375395,21.0,1,2.404628503320616,18.768871302325984,20.5,21.5
20.0,18.347405834159876,18.61271835627732,5.034904812874567,21.0,1,2.3872816437226803,18.786186952256678,20.5,21.5
21.0,18.36474333395562,18.630062095528206,5.036649862792205,21.0,1,2.3699379044717936,18.803499488037072,20.5,21.5
22.0,18.382077715261385,18.647402715051324,5.038394884799379,21.0,1,2.3525972849486756,18.820808910282505,20.5,21.5
23.0,18.39940897869529,18.66474021546557,5.040139877567178,21.0,1,2.335259784534429,18.838115219608035,20.5,21.5
24.0,18.416737124875066,18.68207459738945,5.0418848397667135,21.0,1,2.3179254026105482,18.85541841662826,20.5,21.5
25.0,18.434062154418044,18.699405861441086,5.043629770069122,21.0,1,2.300594138558914,18.87271850195743,20.5,21.5
26.0,18.451384067941174,18.716734008238195,5.045374667145563,21.0,1,2.2832659917618052,18.890015476209282,20.5,21.5
27.0,18.468702866061015,18.734059038398122,5.047119529667221,21.0,1,2.2659409616018777,18.907309339997397,20.5,21.5
28.0,18.486018549393737,18.75138095253781,5.048864356305306,21.0,1,2.2486190474621885,18.924600093934703,20.5,21.5
29.0,18.50333111855512,18.76869975127382,5.050609145731059,21.0,1,2.2313002487261784,18.941887738633923,20.5,21.5
30.0,18.520640574160556,18.78601543522233,5.052353896615746,21.0,1,2.2139845647776717,18.959172274707395,20.5,21.5
31.0,18.537946916825046,18.803328004999102,5.054098607630664,21.0,1,2.196671995000898,18.97645370276684,20.5,21.5
32.0,18.555250147163207,18.82063746121954,5.055843277447138,21.0,1,2.1793625387804596,18.993732023423924,20.5,21.5
33.0,18.572550265789264,18.837943804498643,5.057587904736527,21.0,1,2.162056195501357,19.011007237289668,20.5,21.5
34.0,18.589847273317055,18.855247035451033,5.059332488170221,21.0,1,2.1447529645489674,19.02827934497493,20.5,21.5
35.0,18.607141170360027,18.872547154690928,5.061077026419645,21.0,1,2.1274528453090724,19.045548347089877,20.5,21.5
36.0,18.62443195753124,18.889844162832166,5.062821518156257,21.0,1,2.1101558371678344,19.062814244244546,20.5,21.5
37.0,18.641719635443366,18.907138060488197,5.064565962051549,21.0,1,2.0928619395118027,19.080077037048515,20.5,21.5
38.0,18.659004204708687,18.924428848272083,5.066310356777053,21.0,1,2.0755711517279174,19.097336726110935,20.5,21.5
39.0,18.6762856659391,18.94171652679649,5.068054701004335,21.0,1,2.0582834732035096,19.11459331204057,20.5,21.5
40.0,18.693564019746113,18.95900109667371,5.069798993405002,21.0,1,2.0409989033262903,19.131846795445902,20.5,21.5
41.0,18.710839266740845,18.97628255851563,5.071543232650699,21.0,1,2.0237174414843686,19.14909717693485,20.5,21.5
42.0,18.728111407534026,18.993560912933766,5.073287417413113,21.0,1,2.0064390870662336,19.166344457115116,20.5,21.5
43.0,18.745380442736003,19.010836160539228,5.075031546363969,21.0,1,1.9891638394607725,19.18358863659384,20.5,21.5
44.0,18.76264637295673,19.028108301942755,5.07677561817504,21.0,1,1.9718916980572452,19.200829715978028,20.5,21.5
45.0,18.779909198805775,19.045377337754687,5.078519631518137,21.0,1,1.9546226622453133,19.218067695874005,20.5,21.5
46.0,18.797168920892318,19.06264326858498,5.080263585065119,21.0,1,1.9373567314150186,19.23530257688793,20.5,21.5
47.0,18.81442553982515,19.079906095043206,5.08200747748789,21.0,1,1.9200939049567936,19.252534359625457,20.5,21.5
48.0,18.831679056212685,19.097165817738542,5.0837513074583995,21.0,1,1.9028341822614578,19.2697630446919,20.5,21.5
49.0,18.848929470662934,19.11442243727978,5.085495073648644,21.0,1,1.8855775627202185,19.286988632692175,20.5,21.5
50.0,18.86617678378353,19.13167595427533,5.087238774730672,21.0,1,1.8683240457246697,19.304211124230818,20.5,21.5
51.0,18.88342099618172,19.148926369333214,5.088982409376578,21.0,1,1.8510736306667859,19.321430519912052,20.5,21.5
52.0,18.90066210846436,19.166173683061054,5.090725976258508,21.0,1,1.8338263169389464,19.33864682033945,20.5,21.5
53.0,18.917900121237917,19.1834178960661,5.09246947404866,21.0,1,1.8165821039339,19.355860026116563,20.5,21.5
54.0,18.93513503510848,19.20065900895521,5.094212901419286,21.0,1,1.7993409910447902,19.37307013784631,20.5,21.5
55.0,18.95236685068174,19.217897022334853,5.095956257042688,21.0,1,1.7821029776651471,19.390277156131283,20.5,21.5
56.0,18.969595568563015,19.23513193681111,5.097699539591226,21.0,1,1.7648680631888887,19.407481081573696,20.5,21.5
57.0,18.986821189357222,19.252363752989687,5.099442747737315,21.0,1,1.7476362470103126,19.424681914775448,20.5,21.5
58.0,19.0040437136689,19.26959247147588,5.101185880153427,21.0,1,1.7304075285241183,19.441879656337825,20.5,21.5
59.0,19.021263142102196,19.286818092874626,5.102928935512088,21.0,1,1.7131819071253744,19.459074306862064,20.5,21.5
60.0,19.03847947526088,19.304040617790456,5.1046719124858875,21.0,1,1.6959593822095442,19.476265866948758,20.5,21.5
61.0,19.055692713748325,19.321260046827515,5.106414809747473,21.0,1,1.6787399531724851,19.493454337198106,20.5,21.5
62.0,19.072902858167524,19.338476380589576,5.10815762596955,21.0,1,1.6615236194104241,19.510639718210186,20.5,21.5
63.0,19.090109909121082,19.35568961968001,5.109900359824891,21.0,1,1.6443103803199897,19.527822010584355,20.5,21.5
64.0,19.10731386721122,19.372899764701817,5.111643009986327,21.0,1,1.6271002352981832,19.545001214919882,20.5,21.5
65.0,19.124514733039778,19.390106816257596,5.113385575126755,21.0,1,1.609893183742404,19.562177331815388,20.5,21.5
66.0,19.141712507208194,19.407310774949572,5.115128053919134,21.0,1,1.592689225050428,19.57935036186933,20.5,21.5
67.0,19.158907190317535,19.424511641379574,5.116870445036493,21.0,1,1.5754883586204258,19.596520305679597,20.5,21.5
68.0,19.176098782968477,19.441709416149052,5.118612747151923,21.0,1,1.5582905838509475,19.613687163843835,20.5,21.5
69.0,19.193287285761315,19.45890409985907,5.120354958938587,21.0,1,1.541095900140931,19.630850936959234,20.5,21.5
70.0,19.210472699295952,19.476095693110302,5.122097079069714,21.0,1,1.5239043068896976,19.648011625622637,20.5,21.5
71.0,19.227655024171906,19.493284196503044,5.123839106218604,21.0,1,1.5067158034969559,19.66516923043046,20.5,21.5
72.0,19.244834260988316,19.5104696106372,5.125581039058627,21.0,1,1.4895303893627982,19.682323751978778,20.5,21.5
73.0,19.26201041034393,19.527651936112292,5.127322876263226,21.0,1,1.4723480638877078,19.699475190863197,20.5,21.5
74.0,19.279183472837115,19.544831173527452,5.129064616505916,21.0,1,1.4551688264725477,19.716623547679053,20.5,21.5
75.0,19.296353449065847,19.56200732348143,5.130806258460286,21.0,1,1.4379926765185687,19.733768823021222,20.5,21.5
76.0,19.313520339627726,19.579180386572595,5.1325478008,21.0,1,1.4208196134274047,19.750911017484235,20.5,21.5
77.0,19.33068414511996,19.59635036339892,5.134289242198798,21.0,1,1.4036496366010809,19.768050131662157,20.5,21.5
78.0,19.347844866139376,19.613517254558012,5.1360305813304965,21.0,1,1.3864827454419881,19.78518616614894,20.5,21.5
79.0,19.365002503282415,19.63068106064707,5.137771816868989,21.0,1,1.3693189393529295,19.802319121537657,20.5,21.5
80.0,19.382157057145132,19.64784178226293,5.13951294748825,21.0,1,1.3521582177370703,19.81944899842152,20.5,21.5
81.0,19.3993085283232,19.664999420002026,5.141253971862334,21.0,1,1.335000579997974,19.83657579739299,20.5,21.5
82.0,19.416456917411907,19.682153974460412,5.142994888665372,21.0,1,1.3178460255395876,19.853699519044277,20.5,21.5
83.0,19.433602225006158,19.699305446233772,5.1447356965715825,21.0,1,1.3006945537662276,19.870820163967373,20.5,21.5
84.0,19.450744451700473,19.716453835917385,5.146476394255263,21.0,1,1.2835461640826153,19.887937732753507,20.5,21.5
85.0,19.467883598088985,19.733599144106154,5.1482169803907984,21.0,1,1.2664008558938455,19.905052225993852,20.5,21.5
86.0,19.485019664765446,19.750741371394604,5.149957453652656,21.0,1,1.2492586286053964,19.922163644279095,20.5,21.5
87.0,19.502152652323222,19.767880518376863,5.151697812715388,21.0,1,1.232119481623137,19.939271988199458,20.5,21.5
88.0,19.5192825613553,19.78501658564669,5.153438056253638,21.0,1,1.2149834143533091,19.95637725834497,20.5,21.5
89.0,19.53640939245428,19.802149573797454,5.155178182942132,21.0,1,1.197850426202546,19.973479455305085,20.5,21.5
90.0,19.55353314621238,19.819279483422132,5.15691819145569,21.0,1,1.1807205165778676,19.990578579668917,20.5,21.5
91.0,19.57065382322143,19.83640631511333,5.158658080469219,21.0,1,1.1635936848866706,20.0076746320253,20.5,21.5
92.0,19.58777142407288,19.85353006946326,5.160397848657718,21.0,1,1.146469930536739,20.024767612962577,20.5,21.5
93.0,19.604885949357797,19.870650747063763,5.162137494696277,21.0,1,1.1293492529362368,20.041857523068785,20.5,21.5
94.0,19.621997399666864,19.887768348506278,5.163877017260082,21.0,1,1.1122316514937225,20.05894436293142,20.5,21.5
95.0,19.639105775590384,19.904882874381876,5.165616415024409,21.0,1,1.095117125618124,20.07602813313786,20.5,21.5
96.0,19.65621107771827,19.921994325281247,5.167355686664631,21.0,1,1.078005674718753,20.093108834274958,20.5,21.5
97.0,19.67331330664006,19.939102701794685,5.169094830856218,21.0,1,1.0608972982053153,20.11018646692906,20.5,21.5
98.0,19.690412462944906,19.956208004512103,5.170833846274735,21.0,1,1.0437919954878971,20.127261031686285,20.5,21.5
99.0,19.707508547221572,19.973310234023046,5.172572731595847,21.0,1,1.026689765976954,20.144332529132477,20.5,21.5
100.0,19.724601560058446,19.99040939091666,5.174311485495316,21.0,1,1.0095906090833395,20.161400959852806,20.5,21.5
101.0,19.741691502043533,20.00750547578171,5.176050106649007,21.0,1,0.9924945242182908,20.178466324432197,20.5,21.5
102.0,19.758778373764454,20.02459848920659,5.177788593732883,21.0,1,0.9754015107934109,20.195528623455388,20.5,21.5
103.0,19.77586217580845,20.0416884317793,5.179526945423011,21.0,1,0.9583115682207008,20.2125878575064,20.5,21.5
104.0,19.79294290876237,20.058775304087455,5.181265160395561,21.0,1,0.9412246959125454,20.22964402716901,20.5,21.5
105.0,19.810020573212697,20.075859106718305,5.183003237326805,21.0,1,0.9241408932816952,20.246697133026807,20.5,21.5
106.0,19.82709516974552,20.0929398402587,5.184741174893123,21.0,1,0.9070601597412988,20.263747175662665,20.5,21.5
107.0,19.844166698946548,20.110017505295122,5.186478971771001,21.0,1,0.8899824947048778,20.280794155659333,20.5,21.5
108.0,19.861235161401112,20.127092102413652,5.188216626637028,21.0,1,0.872907897586348,20.29783807359895,20.5,21.5
109.0,19.87830055769416,20.144163632200012,5.189954138167908,21.0,1,0.8558363677999878,20.314878930063614,20.5,21.5
110.0,19.895362888410254,20.161232095239523,5.191691505040448,21.0,1,0.838767904760477,20.33191672563463,20.5,21.5
111.0,19.91242215413358,20.178297492117135,5.193428725931568,21.0,1,0.8217025078828648,20.348951460893257,20.5,21.5
112.0,19.92947835544794,20.195359823417412,5.195165799518299,21.0,1,0.8046401765825877,20.365983136420184,20.5,21.5
113.0,19.946531492936757,20.21241908972454,5.196902724477783,21.0,1,0.7875809102754587,20.38301175279583,20.5,21.5
114.0,19.963581567183066,20.229475291622325,5.198639499487278,21.0,1,0.7705247083776747,20.400037310600165,20.5,21.5
115.0,19.980628578769526,20.246528429694177,5.200376123224153,21.0,1,0.7534715703058232,20.41705981041269,20.5,21.5
116.0,19.997672528278418,20.263578504523146,5.202112594365893,21.0,1,0.7364214954768542,20.434079252812836,20.5,21.5
117.0,20.014713416291634,20.280625516691885,5.2038489115901,21.0,1,0.7193744833081155,20.45109563837927,20.5,21.5
118.0,20.031751243390694,20.297669466782672,5.205585073574493,21.0,1,0.702330533217328,20.468108967690547,20.5,21.5
119.0,20.048786010156732,20.314710355377407,5.207321078996911,21.0,1,0.6852896446225927,20.48511924132476,20.5,21.5
120.0,20.0658177171705,20.331748183057602,5.209056926535307,21.0,1,0.6682518169423979,20.50212645985955,20.5,21.5
121.0,20.082846365012372,20.34878295040439,5.21079261486776,21.0,1,0.6512170495956084,20.519130623872286,20.5,21.5
122.0,20.099871954262344,20.365814657998534,5.212528142672467,21.0,1,0.6341853420014658,20.53613173393996,20.5,21.5
123.0,20.116894485500026,20.3828433064204,5.214263508627747,21.0,1,0.6171566935795987,20.553129790639073,20.5,21.5
124.0,20.133913959304653,20.399868896249988,5.215998711412046,21.0,1,0.6001311037500123,20.57012479454585,20.5,21.5
125.0,20.150930376255076,20.4168914280669,5.217733749703929,21.0,1,0.5831085719330993,20.58711674623603,20.5,21.5
126.0,20.167943736929764,20.433910902450382,5.219468622182091,21.0,1,0.566089097549618,20.604105646285195,20.5,21.5
127.0,20.184954041906813,20.450927319979275,5.221203327525349,21.0,1,0.5490726800207248,20.621091495268207,20.5,21.5
128.0,20.201961291763936,20.467940681232058,5.222937864412651,21.0,1,0.5320593187679421,20.638074293759885,20.5,21.5
129.0,20.218965487078467,20.48495098678682,5.224672231523071,21.0,1,0.5150490132131793,20.65505404233445,20.5,21.5
130.0,20.235966628427356,20.50195823722128,5.226406427535814,21.0,1,0.49804176277871903,20.672030741565884,20.5,21.5
131.0,20.252964716387176,20.518962433112762,5.228140451130212,21.0,1,0.4810375668872382,20.68900439202757,20.5,21.5
132.0,20.269959751534124,20.535963575038224,5.229874300985733,21.0,1,0.4640364249617761,20.705974994292845,20.5,21.5
133.0,20.286951734444013,20.55296166357424,5.231607975781974,21.0,1,0.4470383364257593,20.72294254893441,20.5,21.5
134.0,20.30394066569228,20.569956699297002,5.233341474198666,21.0,1,0.430043300702998,20.739907056524615,20.5,21.5
135.0,20.320926545853983,20.586948682782328,5.2350747949156755,21.0,1,0.41305131721767196,20.75686851763559,20.5,21.5
136.0,20.337909375503795,20.60393761460565,5.236807936613002,21.0,1,0.3960623853943517,20.77382693283885,20.5,21.5
137.0,20.354889155216018,20.620923495342026,5.2385408979707835,21.0,1,0.3790765046579736,20.790782302705807,20.5,21.5
138.0,20.371865885564567,20.63790632556614,5.240273677669294,21.0,1,0.3620936744338614,20.80773462780726,20.5,21.5
139.0,20.38883956712299,20.654886105852277,5.242006274388947,21.0,1,0.34511389414772253,20.824683908713666,20.5,21.5
140.0,20.405810200464444,20.67186283677437,5.243738686810295,21.0,1,0.32813716322563025,20.841630145995293,20.5,21.5
141.0,20.422777786161713,20.68883651890595,5.24547091361403,21.0,1,0.3111634810940487,20.858573340221767,20.5,21.5
142.0,20.439742324787204,20.70580715282019,5.247202953480985,21.0,1,0.2941928471798114,20.87551349196256,20.5,21.5
143.0,20.456703816912942,20.722774739089864,5.248934805092138,21.0,1,0.2772252609101358,20.89245060178662,20.5,21.5
144.0,20.473662263110576,20.73973927828738,5.2506664671286085,21.0,1,0.26026072171261916,20.909384670262547,20.5,21.5
145.0,20.49061766395138,20.756700770984768,5.25239793827166,21.0,1,0.24329922901523204,20.92631569795864,20.5,21.5
146.0,20.507570020006245,20.773659217753675,5.254129217202701,21.0,1,0.22634078224632503,20.943243685442745,20.5,21.5
147.0,20.524519331845685,20.790614619165375,5.255860302603288,21.0,1,0.20938538083462532,20.960168633282372,20.5,21.5
148.0,20.541465600039835,20.807566975790753,5.257591193155125,21.0,1,0.19243302420924735,20.977090542044532,20.5,21.5
149.0,20.55840882515846,20.82451628820033,5.259321887540064,21.0,1,0.17548371179967148,20.994009412296087,20.5,21.5
150.0,20.575349007770935,20.841462556964238,5.261052384440103,21.0,1,0.15853744303576178,21.010925244603335,20.5,21.5
151.0,20.59228614844627,20.858405782652245,5.262782682537396,21.0,1,0.14159421734775535,21.02783803953231,20.5,21.5
152.0,20.60922024775309,20.875345965833723,5.264512780514245,21.0,1,0.12465403416627652,21.044747797648512,20.5,21.5
153.0,20.626151306259644,20.892283107077684,5.266242677053104,21.0,1,0.10771689292231557,21.061654519517294,20.5,21.5
154.0,20.6430793245338,20.909217206952754,5.267972370836584,21.0,1,0.09078279304724646,21.078558205703445,20.5,21.5
155.0,20.66000430314306,20.926148266027177,5.269701860547446,21.0,1,0.0738517339728233,21.09545885677141,20.5,21.5
156.0,20.67692624265454,20.94307628486883,5.271431144868608,21.0,1,0.05692371513116967,21.112356473285367,20.5,21.5
157.0,20.693845143634984,20.96000126404521,5.273160222483147,21.0,1,0.03999873595478931,21.129251055809014,20.5,21.5
158.0,20.710761006650753,20.976923204123434,5.274889092074293,21.0,1,0.02307679587656608,21.146142604905666,20.5,21.5
159.0,20.727673832267836,20.993842105670243,5.276617752325438,21.0,1,0.0061578943297568856,21.163031121138335,20.5,21.5
160.0,20.74458362105185,21.010757969251998,5.278346201920131,21.0,1,-0.010757969251997679,21.179916605069543,20.5,21.5
161.0,20.761490373568023,21.027670795434695,5.280074439542083,21.0,1,-0.02767079543469464,21.196799057261664,20.5,21.5
162.0,20.77839409038122,21.04458058478394,5.281802463875166,21.0,1,-0.044580584783940225,21.213678478276396,20.5,21.5
163.0,20.795294772055918,21.061487337864975,5.283530273603413,21.0,1,-0.061487337864974734,21.23055486867532,20.5,21.5
164.0,20.812192419156226,21.078391055242655,5.2852578674110235,21.0,1,-0.07839105524265477,21.247428229019455,20.5,21.5
165.0,20.829087032245877,21.09529173748146,5.286985243982358,21.0,1,-0.09529173748146036,21.264298559869516,20.5,21.5
166.0,20.845978611888224,21.112189385145502,5.288712402001947,21.0,1,-0.11218938514550203,21.28116586178592,20.5,21.5
167.0,20.862867158646246,21.129083998798507,5.290439340154481,21.0,1,-0.12908399879850663,21.298030135328553,20.5,21.5
168.0,20.879752673082546,21.14597557900383,5.292166057124823,21.0,1,-0.1459755790038315,21.31489138105708,20.5,21.5
169.0,20.896635155759355,21.162864126324457,5.293892551598003,21.0,1,-0.16286412632445746,21.331749599530717,20.5,21.5
170.0,20.913514607238522,21.179749641322985,5.295618822259221,21.0,1,-0.1797496413229851,21.34860479130826,20.5,21.5
171.0,20.930391028081527,21.196632124561646,5.297344867793846,21.0,1,-0.19663212456164558,21.36545695694825,20.5,21.5
172.0,20.947264418849468,21.21351157660229,5.299070686887419,21.0,1,-0.21351157660228992,21.382306097008733,20.5,21.5
173.0,20.964134780103077,21.230387998006396,5.300796278225654,21.0,1,-0.2303879980063961,21.399152212047458,20.5,21.5
174.0,20.981002112402702,21.247261389335065,5.302521640494438,21.0,1,-0.24726138933506547,21.41599530262176,20.5,21.5
175.0,20.99786641630832,21.264131751149026,5.304246772379833,21.0,1,-0.26413175114902643,21.432835369288636,20.5,21.5
176.0,21.014727692379534,21.280999084008627,5.305971672568076,21.0,1,-0.28099908400862716,21.449672412604635,20.5,21.5
177.0,21.03158594117557,21.29786338847385,5.30769633974558,21.0,1,-0.29786338847384997,21.466506433126078,20.5,21.5
178.0,21.048441163255283,21.31472466510429,5.309420772598936,21.0,1,-0.31472466510428987,21.48333743140869,20.5,21.5
179.0,21.06529335917715,21.33158291445918,5.311144969814913,21.0,0,-0.33158291445917953,21.500165408008076,20.5,21.5
180.0,21.06214252949928,21.34443813709737,5.3128689300804615,21.0,0,-0.34443813709737015,21.472990363479276,20.5,21.5
181.0,21.058992674779397,21.35329113357734,5.314592652082709,21.0,0,-0.3532911335773399,21.441821098377037,20.5,21.5
182.0,21.05584379477486,21.3581427042972,5.316316134508967,21.0,0,-0.35814270429720096,21.406658411495812,20.5,21.5
183.0,21.052695889242806,21.3589936494947,5.318039376046729,21.0,0,-0.3589936494946997,21.367503101469687,20.5,21.5
184.0,21.049548957940168,21.355844769247305,5.31976237538367,21.0,0,-0.35584476924730524,21.32435596677336,20.5,21.5
185.0,21.046403000623656,21.352696863472183,5.321485131207652,21.0,0,-0.35269686347218254,21.321217805720956,20.5,21.5
186.0,21.043258017049773,21.349549931926255,5.3232076422067225,21.0,0,-0.34954993192625494,21.31808061646698,20.5,21.5
187.0,21.040114006974804,21.346403974366247,5.324929907069113,21.0,0,-0.3464039743662468,21.314944398766166,20.5,21.5
188.0,21.036970970154822,21.343258990548655,5.326651924483245,21.0,0,-0.34325899054865516,21.31180915237274,20.5,21.5
189.0,21.03382890634569,21.340114980229757,5.328373693137726,21.0,0,-0.3401149802297567,21.308674877040772,20.5,21.5
190.0,21.030687815303047,21.336971943165636,5.330095211721355,21.0,0,-0.3369719431656364,21.305541572524433,20.5,21.5
191.0,21.02754769678233,21.333829879112148,5.3318164789231215,21.0,0,-0.3338298791121481,21.302409238577265,20.5,21.5
192.0,21.02440855053876,21.33068878782494,5.333537493432204,21.0,0,-0.3306887878249398,21.299277874952857,20.5,21.5
193.0,21.021270376327337,21.327548669059443,5.335258253937977,21.0,0,-0.3275486690594427,21.29614748140447,20.5,21.5
194.0,21.018133173902857,21.32440952257088,5.336978759130005,21.0,0,-0.3244095225708783,21.293018057685234,20.5,21.5
195.0,21.014996943019902,21.321271348114248,5.338699007698049,21.0,0,-0.32127134811424796,21.289889603547945,20.5,21.5
196.0,21.011861683432837,21.31813414544435,5.340418998332065,21.0,0,-0.3181341454443505,21.286762118745376,20.5,21.5
197.0,21.008727394895818,21.31499791431576,5.342138729722205,21.0,0,-0.31499791431576085,21.283635603029865,20.5,21.5
198.0,21.005594077162783,21.311862654482848,5.343858200558819,21.0,0,-0.311862654482848,21.28051005615372,20.5,21.5
199.0,21.002461729987463,21.30872836569977,5.3455774095324555,21.0,0,-0.30872836569977125,21.277385477869004,20.5,21.5
200.0,20.999330353123373,21.305595047720466,5.347296355333861,21.0,0,-0.3055950477204661,21.274261867927414,20.5,21.5
201.0,20.996199946323816,21.30246270029866,5.349015036653984,21.0,0,-0.3024627002986584,21.27113922608058,20.5,21.5
202.0,20.993070509341884,21.299331323187875,5.350733452183974,21.0,0,-0.29933132318787514,21.268017552080043,20.5,21.5
203.0,20.98994204193045,21.29620091614141,5.352451600615184,21.0,0,-0.29620091614140875,21.264896845676745,20.5,21.5
204.0,20.98681454384219,21.293071478912356,5.354169480639166,21.0,0,-0.2930714789123563,21.26177710662183,20.5,21.5
205.0,20.98368801482955,21.28994301125359,5.355887090947683,21.0,0,-0.289943011253591,21.258658334665938,20.5,21.5
206.0,20.980562454644772,21.286815512917787,5.3576044302326995,21.0,0,-0.2868155129177872,21.25554052955975,20.5,21.5
207.0,20.97743786303989,21.283688983657388,5.359321497186385,21.0,0,-0.28368898365738815,21.252423691053398,20.5,21.5
208.0,20.974314239766716,21.280563423224642,5.36103829050112,21.0,0,-0.2805634232246419,21.24930781889718,20.5,21.5
209.0,20.971191584576864,21.277438831371576,5.362754808869491,21.0,0,-0.2774388313715761,21.246192912840918,20.5,21.5
210.0,20.968069897221724,21.27431520785001,5.364471050984295,21.0,0,-0.27431520785000885,21.243078972634336,20.5,21.5
211.0,20.96494917745248,21.27119255241155,5.3661870155385385,21.0,0,-0.2711925524115486,21.239965998026946,20.5,21.5
212.0,20.961829425020095,21.26807086480759,5.36790270122544,21.0,0,-0.2680708648075907,21.23685398876801,20.5,21.5
213.0,20.958710639675335,21.264950144789317,5.3696181067384305,21.0,0,-0.2649501447893172,21.233742944606583,20.5,21.5
214.0,20.955592821168747,21.26183039210769,5.371333230771154,21.0,0,-0.2618303921076901,21.23063286529142,20.5,21.5
215.0,20.952475969250667,21.25871160651348,5.373048072017469,21.0,0,-0.25871160651347935,21.227523750571372,20.5,21.5
216.0,20.94936008367122,21.255593787757228,5.37476262917145,21.0,0,-0.25559378775722763,21.22441560019471,20.5,21.5
217.0,20.94624516418032,21.252476935589275,5.3764769009273845,21.0,0,-0.2524769355892751,21.22130841390975,20.5,21.5
218.0,20.943131210527667,21.249361049759738,5.378190885979783,21.0,0,-0.24936104975973805,21.218202191464368,20.5,21.5
219.0,20.940018222462758,21.24624613001854,5.379904583023369,21.0,0,-0.246246130018541,21.21509693260657,20.5,21.5
220.0,20.93690619973487,21.243132176115385,5.38161799075309,21.0,0,-0.24313217611538462,21.21199263708382,20.5,21.5
221.0,20.933795142093075,21.240019187799753,5.383331107864109,21.0,0,-0.24001918779975284,21.208889304643435,20.5,21.5
222.0,20.93068504928623,21.236907164820934,5.385043933051815,21.0,0,-0.2369071648209342,21.205786935032748,20.5,21.5
223.0,20.92757592106298,21.233796106927997,5.386756465011816,21.0,0,-0.23379610692799702,21.202685527998625,20.5,21.5
224.0,20.924467757171772,21.230686013869796,5.388468702439944,21.0,0,-0.23068601386979637,21.19958508328779,20.5,21.5
225.0,20.921360557360828,21.22757688539499,5.390180644032257,21.0,0,-0.22757688539498844,21.19648560064691,20.5,21.5
226.0,20.91825432137816,21.224468721252002,5.391892288485035,21.0,0,-0.224468721252002,21.193387079822138,20.5,21.5
227.0,20.915149048971582,21.221361521189074,5.393603634494789,21.0,0,-0.22136152118907404,21.190289520559794,20.5,21.5
228.0,20.912044739888685,21.218255284954214,5.395314680758252,21.0,0,-0.2182552849542141,21.187192922605615,20.5,21.5
229.0,20.90894139387686,21.215150012295233,5.39702542597239,21.0,0,-0.21515001229523278,21.18409728570542,20.5,21.5
230.0,20.905839010683277,21.21204570295972,5.398735868834394,21.0,0,-0.21204570295972047,21.181002609604597,20.5,21.5
231.0,20.902737590054908,21.20894235669507,5.40044600804169,21.0,0,-0.20894235669506855,21.17790889404855,20.5,21.5
232.0,20.899637131738505,21.205839973248455,5.402155842291929,21.0,0,-0.20583997324845527,21.174816138782322,20.5,21.5
233.0,20.896537635480616,21.202738552366846,5.403865370283001,21.0,0,-0.20273855236684568,21.17172434355075,20.5,21.5
234.0,20.893439101027578,21.199638093796988,5.405574590713025,21.0,0,-0.19963809379698816,21.168633508098413,20.5,21.5
235.0,20.890341528125514,21.196538597285436,5.407283502280355,21.0,0,-0.19653859728543566,21.16554363216991,20.5,21.5
236.0,20.887244916520345,21.193440062578524,5.40899210368358,21.0,0,-0.19344006257852442,21.162454715509412,20.5,21.5
237.0,20.884149265957777,21.190342489422374,5.410700393621528,21.0,0,-0.19034248942237397,21.15936675786087,20.5,21.5
238.0,20.88105457618331,21.187245877562912,5.412408370793259,21.0,0,-0.187245877562912,21.156279758968292,20.5,21.5
239.0,20.87796084694223,21.184150226745842,5.414116033898076,21.0,0,-0.18415022674584236,21.153193718575146,20.5,21.5
240.0,20.87486807797962,21.181055536716663,5.415823381635518,21.0,0,-0.18105553671666286,21.150108636424868,20.5,21.5
241.0,20.871776269040353,21.177961807220665,5.417530412705367,21.0,0,-0.17796180722066524,21.14702451226069,20.5,21.5
242.0,20.868685419869085,21.174869038002925,5.419237125807643,21.0,0,-0.17486903800292453,21.143941345825517,20.5,21.5
243.0,20.86559553021027,21.171777228808317,5.420943519642611,21.0,0,-0.1717772288083168,21.14085913686224,20.5,21.5
244.0,20.862506599808157,21.1686863793815,5.422649592910777,21.0,0,-0.16868637938150144,21.137777885113348,20.5,21.5
245.0,20.85941862840678,21.16559648946693,5.424355344312892,21.0,0,-0.16559648946693173,21.134697590321235,20.5,21.5
246.0,20.85633161574996,21.162507558808855,5.4260607725499534,21.0,0,-0.16250755880885492,21.131618252228087,20.5,21.5
247.0,20.853245561581318,21.1594195871513,5.4277658763232015,21.0,0,-0.15941958715130156,21.128539870575768,20.5,21.5
248.0,20.850160465644265,21.1563325742381,5.429470654334127,21.0,0,-0.15633257423809965,21.12546244510608,20.5,21.5
249.0,20.847076327682004,21.15324651981287,5.431175105284466,21.0,0,-0.15324651981287118,21.122385975560587,20.5,21.5
250.0,20.843993147437523,21.150161423619018,5.432879227876206,21.0,0,-0.15016142361901785,21.119310461680485,20.5,21.5
251.0,20.84091092465361,21.14707728539975,5.434583020811583,21.0,0,-0.1470772853997495,21.116235903207066,20.5,21.5
252.0,20.837829659072842,21.143994104898052,5.4362864827930855,21.0,0,-0.1439941048980522,21.11316229988108,20.5,21.5
253.0,20.834749350437587,21.140911881856717,5.4379896125234515,21.0,0,-0.14091188185671655,21.11008965144336,20.5,21.5
254.0,20.831669998490003,21.13783061601832,5.439692408705675,21.0,0,-0.13783061601832003,21.107017957634355,20.5,21.5
255.0,20.828591602972047,21.134750307125223,5.441394870043002,21.0,0,-0.1347503071252234,21.103947218194257,20.5,21.5
256.0,20.82551416362546,21.131670954919592,5.4430969952389345,21.0,0,-0.13167095491959202,21.100877432863278,20.5,21.5
257.0,20.822437680191783,21.128592559143378,5.44479878299723,21.0,0,-0.12859255914337808,21.09780860138124,20.5,21.5
258.0,20.819362152412342,21.12551511953833,5.4465002320219025,21.0,0,-0.12551511953833128,21.094740723487863,20.5,21.5
259.0,20.816287580028263,21.122438635845988,5.448201341017225,21.0,0,-0.12243863584598813,21.091673798922557,20.5,21.5
260.0,20.81321396278046,21.11936310780767,5.44990210868773,21.0,0,-0.11936310780766846,21.08860782742447,20.5,21.5
261.0,20.81014130040964,21.116288535164507,5.451602533738208,21.0,0,-0.11628853516450732,21.085542808732896,20.5,21.5
262.0,20.807069592656305,21.11321491765741,5.45330261487371,21.0,0,-0.11321491765740888,21.082478742586424,20.5,21.5
263.0,20.80399883926075,21.110142255027093,5.455002350799552,21.0,0,-0.11014225502709252,21.07941562872393,20.5,21.5
264.0,20.80092903996306,21.107070547014054,5.456701740221312,21.0,0,-0.10707054701405383,21.076353466883667,20.5,21.5
265.0,20.79786019450311,21.103999793358582,5.458400781844828,21.0,0,-0.10399979335858234,21.073292256803867,20.5,21.5
266.0,20.79479230262058,21.10092999380077,5.460099474376209,21.0,0,-0.10092999380076861,21.07023199822263,20.5,21.5
267.0,20.79172536405493,21.097861148080494,5.461797816521825,21.0,0,-0.09786114808049362,21.067172690877744,20.5,21.5
268.0,20.78865937854542,21.09479325593743,5.463495806988314,21.0,0,-0.09479325593742871,21.06411433450678,20.5,21.5
269.0,20.78559434583111,21.09172631711104,5.465193444482585,21.0,0,-0.09172631711103918,21.061056928847144,20.5,21.5
270.0,20.78253026565084,21.088660331340584,5.466890727711811,21.0,0,-0.08866033134058426,21.058000473636035,20.5,21.5
271.0,20.779467137743254,21.08559529836512,5.468587655383438,21.0,0,-0.0855952983651207,21.054944968610485,20.5,21.5
272.0,20.776404961846783,21.082531217923492,5.47028422620518,21.0,0,-0.08253121792349205,21.051890413507206,20.5,21.5
273.0,20.773343737699655,21.07946808975434,5.471980438885026,21.0,0,-0.07946808975433939,21.048836808062813,20.5,21.5
274.0,20.770283465039892,21.076405913596098,5.473676292131238,21.0,0,-0.07640591359609772,21.04578415201368,20.5,21.5
275.0,20.76722414360531,21.07334468918699,5.475371784652346,21.0,0,-0.07334468918698889,21.0427324450959,20.5,21.5
276.0,20.76416577313352,21.070284416265046,5.477066915157161,21.0,0,-0.07028441626504645,21.039681687045622,20.5,21.5
277.0,20.761108353361927,21.067225094568073,5.478761682354769,21.0,0,-0.06722509456807302,21.03663187759834,20.5,21.5
278.0,20.758051884027726,21.064166723833686,5.480456084954527,21.0,0,-0.06416672383368649,21.03358301648982,20.5,21.5
279.0,20.75499636486791,21.061109303799288,5.482150121666077,21.0,0,-0.06110930379928803,21.030535103455303,20.5,21.5
280.0,20.75194179561927,21.05805283420208,5.483843791199336,21.0,0,-0.05805283420207985,21.027488138229998,20.5,21.5
281.0,20.748888176018387,21.05499731477905,5.485537092264499,21.0,0,-0.05499731477905101,21.024442120548763,20.5,21.5
282.0,20.745835505801637,21.05194274526699,5.487230023572045,21.0,0,-0.05194274526699161,21.021397050146398,20.5,21.5
283.0,20.74278378470519,21.048889125402486,5.488922583832733,21.0,0,-0.04888912540248569,21.018352926757427,20.5,21.5
284.0,20.739733012465013,21.045836454921904,5.490614771757605,21.0,0,-0.045836454921904135,21.01530975011609,20.5,21.5
285.0,20.736683188816873,21.042784733561426,5.492306586057986,21.0,0,-0.04278473356142598,21.012267519956644,20.5,21.5
286.0,20.73363431349632,21.03973396105701,5.493998025445486,21.0,0,-0.03973396105700999,21.00922623601285,20.5,21.5
287.0,20.73058638623871,21.036684137144427,5.495689088632,21.0,0,-0.03668413714442664,21.006185898018593,20.5,21.5
288.0,20.727539406779186,21.033635261559223,5.497379774329709,21.0,0,-0.033635261559222585,21.003146505707182,20.5,21.5
289.0,20.724493374852695,21.03058733403676,5.499070081251085,21.0,0,-0.030587334036759728,21.00010805881213,20.5,21.5
290.0,20.721448290193976,21.02754035431218,5.500760008108883,21.0,0,-0.027540354312179716,20.99707055706638,20.5,21.5
291.0,20.71840415253756,21.024494322120425,5.502449553616151,21.0,0,-0.024494322120425238,20.99403400020288,20.5,21.5
292.0,20.715360961617776,21.02144923719624,5.504138716486227,21.0,0,-0.021449237196240034,20.990998387954388,20.5,21.5
293.0,20.71231871716875,21.018405099274155,5.50582749543274,21.0,0,-0.01840509927415468,20.9879637200533,20.5,21.5
294.0,20.7092774189244,21.015361908088494,5.507515889169611,21.0,0,-0.015361908088493692,20.984929996231884,20.5,21.5
295.0,20.70623706661845,21.01231966337339,5.509203896411055,21.0,0,-0.012319663373389744,20.98189721622235,20.5,21.5
296.0,20.703197659984408,21.00927836486276,5.510891515871581,21.0,0,-0.009278364862758792,20.97886537975645,20.5,21.5
297.0,20.700159198755586,21.00623801229032,5.512578746265993,21.0,0,-0.006238012290321393,20.975834486565947,20.5,21.5
298.0,20.697121682665088,21.003198605389592,5.514265586309392,21.0,0,-0.0031986053895920463,20.9728045363823,20.5,21.5
299.0,20.694085111445816,21.000160143893872,5.515952034717176,21.0,0,-0.00016014389387208894,20.969775528936673,20.5,21.5
300.0,20.69104948483047,20.997122627536278,5.5176380902050415,21.0,0,0.0028773724637218834,20.96674746396034,20.5,21.5
301.0,20.688014802551542,20.994086056049703,5.519323751488983,21.0,0,0.005913943950297096,20.96372034118395,20.5,21.5
302.0,20.68498106434133,20.991050429166854,5.521009017285297,21.0,0,0.008949570833145515,20.96069416033837,20.5,21.5
303.0,20.68194826993192,20.98801574662022,5.522693886310579,21.0,0,0.011984253379779375,20.957668921153882,20.5,21.5
304.0,20.678916419055195,20.984982008142097,5.524378357281729,21.0,0,0.015017991857902757,20.954644623360863,20.5,21.5
305.0,20.67588551144284,20.98194921346457,5.5260624289159495,21.0,0,0.018050786535429353,20.951621266689305,20.5,21.5
306.0,20.672855546826334,20.978917362319528,5.527746099930746,21.0,0,0.021082637680471805,20.948598850869104,20.5,21.5
307.0,20.669826524936955,20.975886454438655,5.529429369043929,21.0,0,0.024113545561345262,20.94557737562992,20.5,21.5
308.0,20.666798445505776,20.972856489553426,5.531112234973618,21.0,0,0.02714351044657448,20.942556840701133,20.5,21.5
309.0,20.66377130826367,20.96982746739512,5.532794696438235,21.0,0,0.03017253260487962,20.93953724581207,20.5,21.5
310.0,20.660745112941303,20.966799387694813,5.534476752156514,21.0,0,0.033200612305186894,20.93651859069174,20.5,21.5
311.0,20.657719859269147,20.963772250183375,5.536158400847495,21.0,0,0.03622774981662502,20.933500875068994,20.5,21.5
312.0,20.65469554697746,20.960746054591475,5.537839641230532,21.0,0,0.039253945408525226,20.930484098672473,20.5,21.5
313.0,20.65167217579631,20.957720800649586,5.539520472025284,21.0,0,0.04227919935041413,20.927468261230697,20.5,21.5
314.0,20.648649745455558,20.95469648808796,5.5412008919517275,21.0,0,0.04530351191203863,20.924453362471716,20.5,21.5
315.0,20.64562825568486,20.95167311663667,5.542880899730148,21.0,0,0.04832688336333035,20.921439402123752,20.5,21.5
316.0,20.642607706213667,20.948650686025573,5.544560494081149,21.0,0,0.05134931397442699,20.918426379914607,20.5,21.5
317.0,20.63958809677124,20.94562919598433,5.546239673725643,21.0,0,0.05437080401566874,20.915414295571914,20.5,21.5
318.0,20.63656942708663,20.942608646242395,5.547918437384865,21.0,0,0.0573913537576054,20.912403148823028,20.5,21.5
319.0,20.63355169688869,20.93958903652902,5.549596783780361,21.0,0,0.06041096347097863,20.90939293939529,20.5,21.5
320.0,20.63053490590607,20.93657036657326,5.551274711633998,21.0,0,0.06342963342673968,20.90638366701565,20.5,21.5
321.0,20.627519053867218,20.933552636103972,5.5529522196679615,21.0,0,0.06644736389602812,20.903375331411088,20.5,21.5
322.0,20.624504140500378,20.930535844849796,5.554629306604756,21.0,0,0.06946415515020377,20.90036793230804,20.5,21.5
323.0,20.621490165533597,20.927519992539192,5.556305971167205,21.0,0,0.07248000746080763,20.897361469433154,20.5,21.5
324.0,20.618477128694725,20.9245050789004,5.557982212078459,21.0,0,0.07549492109960099,20.894355942512465,20.5,21.5
325.0,20.6154650297114,20.921491103661463,5.5596580280619845,21.0,0,0.07850889633853697,20.891351351272103,20.5,21.5
326.0,20.61245386831107,20.918478066550236,5.561333417841576,21.0,0,0.0815219334497641,20.888347695437965,20.5,21.5
327.0,20.609443644220978,20.91546596729436,5.563008380141351,21.0,0,0.08453403270564053,20.885344974735595,20.5,21.5
328.0,20.606434357168162,20.912454805621273,5.564682913685753,21.0,0,0.08754519437872688,20.88234318889041,20.5,21.5
329.0,20.603426006879467,20.90944458125822,5.566357017199552,21.0,0,0.09055541874177919,20.879342337627698,20.5,21.5
330.0,20.600418593081532,20.906435293932244,5.568030689407845,21.0,0,0.09356470606775602,20.876342420672476,20.5,21.5
331.0,20.5974121155008,20.90342694337019,5.569703929036058,21.0,0,0.0965730566298113,20.873343437749636,20.5,21.5
332.0,20.594406573863505,20.900419529298695,5.571376734809947,21.0,0,0.09958047070130505,20.870345388583758,20.5,21.5
333.0,20.591401967895695,20.897413051444197,5.573049105455596,21.0,0,0.1025869485558033,20.867348272899214,20.5,21.5
334.0,20.588398297323206,20.894407509532947,5.5747210396994245,21.0,0,0.10559249046705332,20.864352090420446,20.5,21.5
335.0,20.58539556187168,20.891402903290974,5.5763925362681785,21.0,0,0.10859709670902618,20.861356840871245,20.5,21.5
336.0,20.582393761266562,20.88839923244413,5.578063593888944,21.0,0,0.11160076755587056,20.858362523975686,20.5,21.5
337.0,20.579392895233088,20.885396496718045,5.579734211289135,21.0,0,0.11460350328195545,20.855369139457196,20.5,21.5
338.0,20.5763929634963,20.882394695838165,5.581404387196505,21.0,0,0.11760530416183457,20.852376687039374,20.5,21.5
339.0,20.57339396578104,20.879393829529736,5.583074120339143,21.0,0,0.12060617047026412,20.84938516644544,20.5,21.5
340.0,20.570395901811953,20.87639389751779,5.5847434094454735,21.0,0,0.12360610248220993,20.846394577398332,20.5,21.5
341.0,20.567398771313478,20.87339489952717,5.58641225324426,21.0,0,0.1266051004728297,20.843404919620973,20.5,21.5
342.0,20.564402574009865,20.870396835282527,5.588080650464608,21.0,0,0.1296031647174729,20.840416192836095,20.5,21.5
343.0,20.561407309625157,20.867399704508294,5.589748599835957,21.0,0,0.13260029549170582,20.837428396765965,20.5,21.5
344.0,20.558412977883197,20.864403506928728,5.591416100088093,21.0,0,0.1355964930712723,20.834441531133063,20.5,21.5
345.0,20.55541957850764,20.861408242267863,5.593083149951142,21.0,0,0.1385917577321365,20.83145559565922,20.5,21.5
346.0,20.552427111221927,20.858413910249553,5.5947497481555715,21.0,0,0.14158608975044729,20.828470590066445,20.5,21.5
347.0,20.549435575749314,20.85542051059744,5.596415893432196,21.0,0,0.1445794894025596,20.825486514076317,20.5,21.5
348.0,20.54644497181285,20.85242804303498,5.598081584512173,21.0,0,0.14757195696502023,20.822503367410373,20.5,21.5
349.0,20.54345529913539,20.849436507285418,5.599746820127006,21.0,0,0.15056349271458203,20.8195211497898,20.5,21.5
350.0,20.540466557439586,20.846445903071807,5.6014115990085465,21.0,0,0.15355409692819322,20.816539860935695,20.5,21.5
351.0,20.5374787464479,20.843456230117003,5.603075919888991,21.0,0,0.15654376988299745,20.81355950056896,20.5,21.5
352.0,20.534491865882586,20.840467488143656,5.604739781500889,21.0,0,0.15953251185634443,20.810580068410186,20.5,21.5
353.0,20.53150591546571,20.837479676874228,5.606403182577136,21.0,0,0.16252032312577214,20.80760156417995,20.5,21.5
354.0,20.528520894919133,20.83449279603098,5.608066121850981,21.0,0,0.16550720396902108,20.80462398759849,20.5,21.5
355.0,20.52553680396452,20.831506845335966,5.609728598056021,21.0,0,0.16849315466403425,20.801647338385834,20.5,21.5
356.0,20.522553642323338,20.828521824511053,5.611390609926211,21.0,0,0.1714781754889465,20.79867161626193,20.5,21.5
357.0,20.519571409716857,20.82553773327791,5.613052156195855,21.0,0,0.17446226672209164,20.795696820946457,20.5,21.5
358.0,20.516590105866154,20.822554571357998,5.6147132355996145,21.0,0,0.1774454286420024,20.79272295215889,20.5,21.5
359.0,20.5136097304921,20.81957233847259,5.616373846872503,21.0,0,0.18042766152741052,20.78975000961851,20.5,21.5
360.0,20.510630283315376,20.81659103434276,5.618033988749895,21.0,0,0.18340896565723952,20.78677799304447,20.5,21.5
361.0,20.50765176405646,20.813610658689385,5.619693659967519,21.0,0,0.18638934131061546,20.783806902155625,20.5,21.5
362.0,20.504674172435642,20.81063121123314,5.621352859261464,21.0,0,0.1893687887668598,20.780836736670697,20.5,21.5
363.0,20.501697508173006,20.80765269169451,5.623011585368176,21.0,0,0.1923473083054894,20.777867496308215,20.5,21.5
364.0,20.498721770988446,20.80467509979378,5.624669837024465,21.0,0,0.19532490020622006,20.774899180786473,20.5,21.5
365.0,20.495746960601654,20.801698435251037,5.626327612967499,21.0,0,0.198301564748963,20.771931789823608,20.5,21.5
366.0,20.492773076732128,20.79872269778617,5.62798491193481,21.0,0,0.20127730221382834,20.768965323137518,20.5,21.5
367.0,20.48980011909917,20.79574788711888,5.629641732664292,21.0,0,0.20425211288112166,20.765999780445945,20.5,21.5
368.0,20.48682808742188,20.792774002968653,5.631298073894205,21.0,0,0.20722599703134748,20.763035161466394,20.5,21.5
369.0,20.483856981419176,20.789801045054798,5.632953934363172,21.0,0,0.21019895494520213,20.76007146591625,20.5,21.5
370.0,20.480886800809767,20.786829013096423,5.634609312810184,21.0,0,0.2131709869035774,20.75710869351267,20.5,21.5
371.0,20.477917545312167,20.78385790681243,5.636264207974598,21.0,0,0.21614209318757105,20.754146843972492,20.5,21.5
372.0,20.4749492146447,20.780887725921538,5.63791861859614,21.0,0,0.21911227407846212,20.751185917012627,20.5,21.5
373.0,20.471981808525488,20.777918470142257,5.6395725434149035,21.0,0,0.22208152985774277,20.74822591234945,20.5,21.5
374.0,20.469015326672466,20.774950139192914,5.6412259811713525,21.0,0,0.22504986080708633,20.745266829699478,20.5,21.5
375.0,20.466049768803366,20.771982732791635,5.642878930606323,21.0,0,0.22801726720836513,20.742308668778847,20.5,21.5
376.0,20.463085134635726,20.769016250656346,5.644531390461022,21.0,0,0.23098374934365395,20.739351429303458,20.5,21.5
377.0,20.460121423886893,20.766050692504784,5.646183359477029,21.0,0,0.23394930749521592,20.736395110989164,20.5,21.5
378.0,20.45715863627401,20.76308605805449,5.6478348363962985,21.0,0,0.23691394194550952,20.733439713551554,20.5,21.5
379.0,20.454196771514034,20.760122347022804,5.649485819961159,21.0,0,0.23987765297719577,20.730485236705942,20.5,21.5
380.0,20.451235829323725,20.757159559126872,5.651136308914314,21.0,0,0.2428404408731275,20.727531680167555,20.5,21.5
381.0,20.44827580941964,20.754197694083654,5.652786301998844,21.0,0,0.2458023059163459,20.72457904365147,20.5,21.5
382.0,20.445316711518156,20.751236751609905,5.654435797958207,21.0,0,0.24876324839009456,20.72162732687242,20.5,21.5
383.0,20.442358535335444,20.74827673142219,5.656084795536243,21.0,0,0.251723268577809,20.718676529545046,20.5,21.5
384.0,20.439401280587486,20.745317633236883,5.6577332934771665,21.0,0,0.2546823667631166,20.715726651383807,20.5,21.5
385.0,20.436444946990065,20.742359456770153,5.659381290525575,21.0,0,0.2576405432298472,20.712777692102847,20.5,21.5
386.0,20.433489534258772,20.73940220173798,5.661028785426446,21.0,0,0.2605977982620189,20.709829651416264,20.5,21.5
387.0,20.430535042109007,20.73644586785615,5.662675776925142,21.0,0,0.2635541321438488,20.706882529037852,20.5,21.5
388.0,20.42758147025597,20.733490454840258,5.664322263767406,21.0,0,0.26650954515974234,20.703936324681322,20.5,21.5
389.0,20.42462881841467,20.730535962405693,5.665968244699369,21.0,0,0.26946403759430737,20.700991038060042,20.5,21.5
390.0,20.42167708629993,20.727582390267667,5.667613718467542,21.0,0,0.272417609732333,20.69804666888741,20.5,21.5
391.0,20.418726273626362,20.724629738141186,5.669258683818827,21.0,0,0.2753702618588143,20.695103216876372,20.5,21.5
392.0,20.4157763801084,20.72167800574106,5.67090313950051,21.0,0,0.27832199425893833,20.69216068173982,20.5,21.5
393.0,20.41282740546028,20.718727192781923,5.672547084260268,21.0,0,0.2812728072180768,20.68921906319054,20.5,21.5
394.0,20.40987934939604,20.7157772989782,5.674190516846164,21.0,0,0.28422270102180036,20.686278360940964,20.5,21.5
395.0,20.40693221162953,20.712828324044118,5.675833436006654,21.0,0,0.2871716759558822,20.6833385747033,20.5,21.5
396.0,20.403985991874407,20.709880267693727,5.677475840490583,21.0,0,0.2901197323062732,20.680399704189817,20.5,21.5
397.0,20.40104068984413,20.706933129640873,5.679117729047188,21.0,0,0.2930668703591266,20.67746174911234,20.5,21.5
398.0,20.398096305251972,20.703986909599212,5.6807591004261,21.0,0,0.2960130904007876,20.674524709182602,20.5,21.5
399.0,20.395152837811008,20.701041607282207,5.6823999533773435,21.0,0,0.29895839271779323,20.67158858411215,20.5,21.5
400.0,20.39221028723412,20.698097222403124,5.684040286651338,21.0,0,0.3019027775968759,20.668653373612297,20.5,21.5
401.0,20.389268653234005,20.695153754675044,5.685680098998897,21.0,0,0.3048462453249563,20.66571907739424,20.5,21.5
402.0,20.38632793552316,20.69221120381085,5.687319389171233,21.0,0,0.30778879618915056,20.662785695168907,20.5,21.5
403.0,20.383388133813888,20.689269569523237,5.688958155919954,21.0,0,0.3107304304767631,20.65985322664711,20.5,21.5
404.0,20.38044924781831,20.686328851524696,5.690596397997069,21.0,0,0.3136711484753043,20.656921671539283,20.5,21.5
405.0,20.377511277248345,20.68338904952754,5.692234114154986,21.0,0,0.3166109504724588,20.653991029555996,20.5,21.5
406.0,20.374574221815728,20.680450163243883,5.693871303146512,21.0,0,0.31954983675611714,20.6510613004073,20.5,21.5
407.0,20.371638081231993,20.67751219238565,5.695507963724856,21.0,0,0.32248780761435114,20.64813248380331,20.5,21.5
408.0,20.36870285520849,20.67457513666457,5.6971440946436305,21.0,0,0.3254248633354315,20.645204579453765,20.5,21.5
409.0,20.365768543456376,20.671638995792183,5.69877969465685,21.0,0,0.32836100420781733,20.642277587068325,20.5,21.5
410.0,20.362835145686617,20.668703769479837,5.7004147625189345,21.0,0,0.331296230520163,20.63935150635638,20.5,21.5
411.0,20.359902661609983,20.66576945743869,5.702049296984709,21.0,0,0.33423054256131124,20.636426337027206,20.5,21.5
412.0,20.35697109093706,20.662836059379703,5.703683296809404,21.0,0,0.33716394062029664,20.63350207878985,20.5,21.5
413.0,20.354040433378234,20.65990357501365,5.705316760748657,21.0,0,0.3400964249863492,20.630578731353125,20.5,21.5
414.0,20.351110688643708,20.65697200405112,5.706949687558514,21.0,0,0.34302799594888,20.62765629442581,20.5,21.5
415.0,20.34818185644349,20.654041346202494,5.708582075995432,21.0,0,0.34595865379750634,20.62473476771623,20.5,21.5
416.0,20.3452539364874,20.65111160117798,5.710213924816274,21.0,0,0.3488883988220195,20.62181415093285,20.5,21.5
417.0,20.342326928485065,20.64818276868758,5.711845232778318,21.0,0,0.3518172313124204,20.61889444378357,20.5,21.5
418.0,20.339400832145923,20.64525484844112,5.71347599863925,21.0,0,0.3547451515588804,20.61597564597652,20.5,21.5
419.0,20.33647564717922,20.64232784014822,5.715106221157173,21.0,0,0.3576721598517807,20.613057757219217,20.5,21.5
420.0,20.333551373294018,20.639401743518327,5.716735899090601,21.0,0,0.36059825648167276,20.610140777219407,20.5,21.5
421.0,20.330628010199177,20.636476558260682,5.718365031198462,21.0,0,0.36352344173931783,20.60722470568423,20.5,21.5
422.0,20.327705557603377,20.633552284084345,5.719993616240102,21.0,0,0.3664477159156547,20.604309542320976,20.5,21.5
423.0,20.324784015215105,20.630628920698182,5.7216216529752835,21.0,0,0.3693710793018177,20.601395286836553,20.5,21.5
424.0,20.321863382742656,20.62770646781087,5.723249140164184,21.0,0,0.3722935321891292,20.598481938937756,20.5,21.5
425.0,20.31894365989414,20.624784925130893,5.724876076567403,21.0,0,0.3752150748691072,20.595569498331113,20.5,21.5
426.0,20.316024846377474,20.621864292366553,5.726502460945957,21.0,0,0.3781357076334473,20.592657964723152,20.5,21.5
427.0,20.313106941900386,20.618944569225953,5.728128292061283,21.0,0,0.38105543077404747,20.58974733781995,20.5,21.5
428.0,20.310189946170418,20.61602575541702,5.729753568675239,21.0,0,0.3839742445829799,20.586837617327696,20.5,21.5
429.0,20.30727385889492,20.613107850647474,5.731378289550109,21.0,0,0.38689214935252636,20.58392880295201,20.5,21.5
430.0,20.30435867978105,20.610190854624854,5.733002453448594,21.0,0,0.3898091453751462,20.581020894398655,20.5,21.5
431.0,20.301444408535783,20.607274767056516,5.734626059133825,21.0,0,0.3927252329434836,20.578113891373143,20.5,21.5
432.0,20.298531044865904,20.60435958764962,5.736249105369356,21.0,0,0.3956404123503816,20.57520779358064,20.5,21.5
433.0,20.295618588478003,20.601445316111135,5.737871590919164,21.0,0,0.3985546838888645,20.572302600726307,20.5,21.5
434.0,20.292707039078493,20.59853195214785,5.739493514547658,21.0,0,0.4014680478521484,20.569398312515013,20.5,21.5
435.0,20.289796396373585,20.59561949546636,5.741114875019672,21.0,0,0.40438050453364127,20.56649492865143,20.5,21.5
436.0,20.286886660069314,20.592707945773064,5.742735671100469,21.0,0,0.4072920542269358,20.56359244884012,20.5,21.5
437.0,20.28397782987152,20.589797302774187,5.7443559015557435,21.0,0,0.41020269722581304,20.560690872785415,20.5,21.5
438.0,20.281069905485857,20.586887566175758,5.745975565151618,21.0,0,0.41311243382424223,20.557790200191466,20.5,21.5
439.0,20.27816288661779,20.58397873568362,5.747594660654649,21.0,0,0.416021264316381,20.55489043076223,20.5,21.5
440.0,20.275256772972597,20.58107081100342,5.749213186831824,21.0,0,0.4189291889965787,20.551991564201444,20.5,21.5
441.0,20.27235156425537,20.57816379184063,5.750831142450566,21.0,0,0.4218362081593696,20.54909360021272,20.5,21.5
442.0,20.26944726017101,20.57525767790053,5.752448526278731,21.0,0,0.42474232209946905,20.546196538499537,20.5,21.5
443.0,20.266543860424232,20.572352468888205,5.7540653370846115,21.0,0,0.4276475311117949,20.543300378764947,20.5,21.5
444.0,20.263641364719565,20.569448164508565,5.7556815736369344,21.0,0,0.4305518354914355,20.54040512071216,20.5,21.5
445.0,20.260739772761347,20.566544764466315,5.757297234704866,21.0,0,0.43345523553368537,20.537510764043816,20.5,21.5
446.0,20.257839084253735,20.563642268465987,5.75891231905801,21.0,0,0.436357731534013,20.53461730846271,20.5,21.5
447.0,20.254939298900695,20.560740676211925,5.7605268254664095,21.0,0,0.4392593237880753,20.531724753671302,20.5,21.5
448.0,20.252040416406007,20.55783998740828,5.762140752700548,21.0,0,0.4421600125917209,20.528833099371823,20.5,21.5
449.0,20.249142436473267,20.554940201759024,5.763754099531349,21.0,0,0.4450597982409761,20.525942345266472,20.5,21.5
450.0,20.24624535880588,20.55204131896793,5.765366864730179,21.0,0,0.4479586810320697,20.523052491056994,20.5,21.5
451.0,20.243349183107064,20.549143338738595,5.766979047068848,21.0,0,0.45085666126140467,20.520163536445246,20.5,21.5
452.0,20.240453909079857,20.546246260774428,5.768590645319607,21.0,0,0.45375373922557216,20.517275481132753,20.5,21.5
453.0,20.237559536427106,20.54335008477865,5.770201658255156,21.0,0,0.4566499152213517,20.514388324820853,20.5,21.5
454.0,20.23466606485147,20.540454810454293,5.771812084648637,21.0,0,0.45954518954570744,20.511502067210735,20.5,21.5
455.0,20.23177349405543,20.537560437504204,5.7734219232736415,21.0,0,0.46243956249579554,20.508616708003323,20.5,21.5
456.0,20.228881823741276,20.534666965631043,5.775031172904206,21.0,0,0.4653330343689568,20.50573224689943,20.5,21.5
457.0,20.225991053611107,20.531774394537294,5.776639832314817,21.0,0,0.4682256054627061,20.5028486835998,20.5,21.5
458.0,20.223101183366847,20.528882723925243,5.778247900280412,21.0,1,0.4711172760747573,20.49996601780473,20.5,21.5
459.0,20.24021221271023,20.529991953496996,5.779855375576377,21.0,1,0.4700080465030041,20.541084249214528,20.5,21.5
460.0,20.257320141342802,20.535101282954468,5.781462256978547,21.0,1,0.4648987170455321,20.586194577529188,20.5,21.5
461.0,20.274424969765928,20.5442099121594,5.783068543263215,21.0,1,0.45579008784060093,20.63529620420871,20.5,21.5
462.0,20.291526698480627,20.557317041133302,5.784674233207123,21.0,1,0.4426829588666976,20.688388330872336,20.5,21.5
463.0,20.308625327987574,20.574421870057446,5.786279325587468,21.0,1,0.4255781299425543,20.74547015929888,20.5,21.5
464.0,20.325720858787093,20.59152359927282,5.787883819181902,21.0,1,0.4084764007271815,20.762540891426546,20.5,21.5
465.0,20.342813291379173,20.608622229280094,5.789487712768534,21.0,1,0.391377770719906,20.77960852935285,20.5,21.5
466.0,20.35990262626345,20.625717760579597,5.79109100512593,21.0,1,0.3742822394204026,20.79667307357463,20.5,21.5
467.0,20.376988863939225,20.642810193671316,5.792693695033112,21.0,1,0.3571898063286838,20.813734524588504,20.5,21.5
468.0,20.394072004905443,20.659899529054893,5.794295781269561,21.0,1,0.34010047094510654,20.830792882890666,20.5,21.5
469.0,20.411152049660714,20.676985767229617,5.79589726261522,21.0,1,0.3230142327703831,20.84784814897685,20.5,21.5
470.0,20.428228998703304,20.694068908694444,5.797498137850493,21.0,1,0.3059310913055562,20.864900323342713,20.5,21.5
471.0,20.445302852531132,20.71114895394798,5.79909840575624,21.0,1,0.28885104605202017,20.88194940648334,20.5,21.5
472.0,20.462373611641777,20.72822590348849,5.80069806511379,21.0,1,0.2717740965115105,20.898995398893586,20.5,21.5
473.0,20.47944127653247,20.745299757813893,5.802297114704932,21.0,1,0.2547002421861073,20.916038301067925,20.5,21.5
474.0,20.496505847700103,20.762370517421772,5.8038955533119205,21.0,1,0.23762948257822814,20.933078113500564,20.5,21.5
475.0,20.513567325641226,20.779438182809358,5.805493379717475,21.0,1,0.22056181719064227,20.950114836685216,20.5,21.5
476.0,20.530625710852043,20.79650275447354,5.80709059270478,21.0,1,0.2034972455264601,20.96714847111536,20.5,21.5
477.0,20.547681003828412,20.813564232910867,5.80868719105749,21.0,1,0.186435767089133,20.984179017284138,20.5,21.5
478.0,20.564733205065856,20.830622618617546,5.810283173559725,21.0,1,0.1693773813824535,21.00120647568434,20.5,21.5
479.0,20.581782315059556,20.847677912089434,5.811878538996075,21.0,1,0.15232208791056578,21.01823084680831,20.5,21.5
480.0,20.598828334304343,20.864730113822056,5.8134732861516,21.0,1,0.13526988617794444,21.03525213114827,20.5,21.5
481.0,20.615871263294714,20.88177922431059,5.815067413811831,21.0,1,0.1182207756894087,21.05227032919595,20.5,21.5
482.0,20.63291110252482,20.89882524404987,5.81666092076277,21.0,1,0.10117475595012948,21.069285441442663,20.5,21.5
483.0,20.649947852488467,20.915868173534392,5.818253805790892,21.0,1,0.08413182646560813,21.086297468379605,20.5,21.5
484.0,20.666981513679126,20.932908013258306,5.819846067683145,21.0,1,0.06709198674169414,21.103306410497446,20.5,21.5
485.0,20.684012086589927,20.949944763715425,5.821437705226955,21.0,1,0.050055236284574534,21.12031226828662,20.5,21.5
486.0,20.701039571713654,20.966978425399212,5.823028717210217,21.0,1,0.03302157460078803,21.137315042237077,20.5,21.5
487.0,20.718063969542754,20.9840089988028,5.82461910242131,21.0,1,0.015991001197200205,21.154314732838678,20.5,21.5
488.0,20.73508528056933,21.001036484418975,5.826208859649084,21.0,1,-0.001036484418975192,21.17131134058073,20.5,21.5
489.0,20.752103505285145,21.01806088274018,5.827797987682869,21.0,1,-0.018060882740179807,21.188304865952226,20.5,21.5
490.0,20.769118644181624,21.035082194258518,5.829386485312478,21.0,1,-0.035082194258517774,21.205295309441897,20.5,21.5
491.0,20.78613069774985,21.052100419465756,5.830974351328199,21.0,1,-0.05210041946575572,21.222282671538135,20.5,21.5
492.0,20.803139666480565,21.06911555885332,5.8325615845208025,21.0,1,-0.06911555885331921,21.239266952728954,20.5,21.5
493.0,20.820145550864172,21.086127612912286,5.834148183681542,21.0,1,-0.08612761291228566,21.25624815350195,20.5,21.5
494.0,20.837148351390734,21.103136582133402,5.835734147602153,21.0,1,-0.10313658213340204,21.273226274344566,20.5,21.5
495.0,20.854148068549975,21.12014246700707,5.837319475074856,21.0,1,-0.12014246700707076,21.290201315743758,20.5,21.5
496.0,20.87114470283128,21.137145268023357,5.838904164892354,21.0,1,-0.1371452680233567,21.307173278186216,20.5,21.5
497.0,20.888138254723692,21.154144985671984,5.840488215847837,21.0,1,-0.15414498567198365,21.324142162158253,20.5,21.5
498.0,20.90512872471592,21.171141620442334,5.842071626734982,21.0,1,-0.17114162044233439,21.34110796814584,20.5,21.5
499.0,20.922116113296322,21.188135172823454,5.843654396347952,21.0,1,-0.18813517282345416,21.358070696634652,20.5,21.5
500.0,20.939100420952933,21.205125643304047,5.8452365234813985,21.0,1,-0.20512564330404714,21.375030348109977,20.5,21.5
501.0,20.956081648173438,21.222113032372476,5.846818006930464,21.0,1,-0.22211303237247648,21.39198692305677,20.5,21.5
502.0,20.973059795445188,21.239097340516775,5.84839884549078,21.0,1,-0.2390973405167749,21.40894042195976,20.5,21.5
503.0,20.990034863255197,21.25607856822463,5.8499790379584695,21.0,1,-0.2560785682246305,21.425890845303186,20.5,21.5
504.0,21.007006852090136,21.273056715983394,5.851558583130146,21.0,1,-0.27305671598339387,21.442838193571028,20.5,21.5
505.0,21.023975762436343,21.290031784280078,5.853137479802917,21.0,1,-0.29003178428007814,21.45978246724692,20.5,21.5
506.0,21.040941594779817,21.307003773601355,5.854715726774385,21.0,1,-0.30700377360135533,21.476723666814127,20.5,21.5
507.0,21.057904349606215,21.32397268443356,5.856293322842646,21.0,1,-0.32397268443356,21.493661792755606,20.5,21.5
508.0,21.074864027400864,21.340938517262693,5.857870266806292,21.0,0,-0.34093851726269264,21.51059684555402,20.5,21.5
509.0,21.071820628648744,21.35390127257441,5.859446557464411,21.0,0,-0.3539012725744115,21.4835288256916,20.5,21.5
510.0,21.068778153834508,21.362861750854044,5.8610221936165905,21.0,0,-0.3628617508540444,21.452466533650373,20.5,21.5
511.0,21.065736602642463,21.36782075242657,5.8625971740629135,21.0,0,-0.36782075242657086,21.417410768151836,20.5,21.5
512.0,21.062695974756746,21.368779077456676,5.864171497603965,21.0,0,-0.3687790774566757,21.378362327757724,20.5,21.5
513.0,21.059656269861314,21.365737525948767,5.8657451630408275,21.0,0,-0.3657375259487665,21.335322010869675,20.5,21.5
514.0,21.05661748763995,21.362696897747007,5.867318169175088,21.0,0,-0.3626968977470071,21.332290615729413,20.5,21.5
515.0,21.05357962777626,21.35965719253536,5.868890514808834,21.0,0,-0.35965719253535866,21.329260140418874,20.5,21.5
516.0,21.050542689953666,21.3566184099976,5.870462198744655,21.0,0,-0.3566184099976013,21.326230584620028,20.5,21.5
517.0,21.047506673855423,21.353580549817337,5.872033219785646,21.0,0,-0.35358054981733744,21.3232019480147,20.5,21.5
518.0,21.04447157916461,21.350543611677995,5.8736035767354045,21.0,0,-0.3505436116779954,21.320174230284575,20.5,21.5
519.0,21.041437405564125,21.347507595262833,5.875173268398037,21.0,0,-0.34750759526283304,21.31714743111121,20.5,21.5
520.0,21.038404152736693,21.344472500254916,5.876742293578155,21.0,0,-0.34447250025491627,21.31412155017575,20.5,21.5
521.0,21.035371820364862,21.34143832633716,5.878310651080877,21.0,0,-0.3414383263371583,21.31109658715958,20.5,21.5
522.0,21.032340408131006,21.338405073192277,5.87987833971183,21.0,0,-0.338405073192277,21.308072541743464,20.5,21.5
523.0,21.029309915717324,21.335372740502823,5.881445358277152,21.0,0,-0.33537274050282306,21.305049413608284,20.5,21.5
524.0,21.026280342805837,21.332341327951163,5.88301170558349,21.0,0,-0.33234132795116267,21.30202720243456,20.5,21.5
525.0,21.023251689078393,21.329310835219502,5.884577380438002,21.0,0,-0.329310835219502,21.299005907902895,20.5,21.5
526.0,21.020223954216664,21.326281261989863,5.88614238164836,21.0,0,-0.3262812619898625,21.295985529693468,20.5,21.5
527.0,21.01719713790215,21.32325260794409,5.887706708022744,21.0,0,-0.3232526079440916,21.292966067486383,20.5,21.5
528.0,21.014171239816175,21.320224872763863,5.889270358369855,21.0,0,-0.3202248727638626,21.289947520961572,20.5,21.5
529.0,21.011146259639887,21.31719805613067,5.890833331498904,21.0,0,-0.3171980561306711,21.286929889798756,20.5,21.5
530.0,21.00812219705426,21.314172157725846,5.892395626219617,21.0,0,-0.31417215772584584,21.283913173677593,20.5,21.5
531.0,21.005099051740093,21.31114717723053,5.8939572413422425,21.0,0,-0.31114717723053076,21.28089737227738,20.5,21.5
532.0,21.00207682337801,21.308123114325703,5.895518175677539,21.0,0,-0.30812311432570283,21.277882485277424,20.5,21.5
533.0,20.99905551164847,21.305099968692165,5.89707842803679,21.0,0,-0.30509996869216494,21.274868512356786,20.5,21.5
534.0,20.99603511623175,21.30207774001054,5.898637997231793,21.0,0,-0.3020777400105388,21.271855453194277,20.5,21.5
535.0,20.99301563680795,21.299056427961276,5.90019688207487,21.0,0,-0.2990564279612755,21.268843307468643,20.5,21.5
536.0,20.989997073057005,21.296036032224656,5.9017550813788615,21.0,0,-0.2960360322246558,21.26583207485846,20.5,21.5
537.0,20.98697942465867,21.293016552480786,5.903312593957131,21.0,0,-0.2930165524807862,21.26282175504209,20.5,21.5
538.0,20.98396269129253,21.2899979884096,5.904869418623566,21.0,0,-0.2899979884095991,21.25981234769773,20.5,21.5
539.0,20.980946872637997,21.28698033969085,5.906425554192575,21.0,0,-0.28698033969084946,21.256803852503353,20.5,21.5
540.0,20.977931968374307,21.283963606004118,5.9079809994790935,21.0,0,-0.28396360600411796,21.253796269136803,20.5,21.5
541.0,20.974917978180528,21.280947787028822,5.9095357532985835,21.0,0,-0.28094778702882195,21.250789597275862,20.5,21.5
542.0,20.971904901735552,21.277932882444198,5.911089814467031,21.0,0,-0.27793288244419756,21.247783836597954,20.5,21.5
543.0,20.9688927387181,21.27491889192931,5.912643181800951,21.0,0,-0.2749188919293104,21.24477898678044,20.5,21.5
544.0,20.965881488806716,21.271905815163056,5.914195854117389,21.0,0,-0.27190581516305556,21.241775047500507,20.5,21.5
545.0,20.962871151679778,21.26889365182415,5.915747830233913,21.0,0,-0.2688936518241505,21.2387720184351,20.5,21.5
546.0,20.95986172701549,21.265882401591142,5.9172991089686295,21.0,0,-0.26588240159114207,21.235769899261058,20.5,21.5
547.0,20.95685321449188,21.262872064142407,5.918849689140171,21.0,0,-0.2628720641424067,21.232768689655053,20.5,21.5
548.0,20.953845613786807,21.259862639156147,5.920399569567703,21.0,0,-0.2598626391561467,21.229768389293547,20.5,21.5
549.0,20.950838924577965,21.256854126310397,5.921948749070925,21.0,0,-0.2568541263103974,21.226768997852904,20.5,21.5
550.0,20.947833146542862,21.253846525283016,5.923497226470068,21.0,0,-0.25384652528301643,21.223770515009207,20.5,21.5
551.0,20.94482827935885,21.250839835751687,5.9250450005859,21.0,0,-0.25083983575168745,21.220772940438398,20.5,21.5
552.0,20.941824322703095,21.24783405739393,5.926592070239724,21.0,0,-0.2478340573939306,21.217776273816362,20.5,21.5
553.0,20.938821276252604,21.244829189887092,5.928138434253378,21.0,0,-0.244829189887092,21.214780514818706,20.5,21.5
554.0,20.935819139684202,21.24182523290834,5.929684091449239,21.0,0,-0.24182523290834013,21.21178566312082,20.5,21.5
555.0,20.932817912674555,21.238822186134676,5.931229040650223,21.0,0,-0.23882218613467643,21.20879171839804,20.5,21.5
556.0,20.92981759490015,21.23582004924294,5.932773280679783,21.0,0,-0.23582004924293898,21.205798680325564,20.5,21.5
557.0,20.926818186037305,21.23281882190978,5.934316810361912,21.0,0,-0.2328188219097811,21.202806548578202,20.5,21.5
558.0,20.92381968576217,21.229818503811693,5.935859628521147,21.0,0,-0.22981850381169266,21.19981532283081,20.5,21.5
559.0,20.920822093750722,21.226819094624993,5.937401733982563,21.0,0,-0.22681909462499306,21.196825002757997,20.5,21.5
560.0,20.91782540967877,21.223820594025835,5.9389431255717815,21.0,0,-0.22382059402583465,21.19383558803425,20.5,21.5
561.0,20.91482963322195,21.220823001690196,5.940483802114964,21.0,0,-0.22082300169019575,21.190847078333807,20.5,21.5
562.0,20.911834764055726,21.217826317293877,5.94202376243882,21.0,0,-0.21782631729387703,21.18785947333069,20.5,21.5
563.0,20.9088408018554,21.214830540512526,5.943563005370601,21.0,0,-0.21483054051252637,21.18487277269902,20.5,21.5
564.0,20.905847746296104,21.2118356710216,5.945101529738108,21.0,0,-0.21183567102159984,21.181886976112335,20.5,21.5
565.0,20.902855597052792,21.208841708496404,5.946639334369687,21.0,0,-0.20884170849640427,21.17890208324445,20.5,21.5
566.0,20.899864353800254,21.205848652612065,5.948176418094232,21.0,0,-0.2058486526120653,21.175918093768676,20.5,21.5
567.0,20.89687401621311,21.20285650304354,5.949712779741189,21.0,0,-0.20285650304354164,21.172935007358305,20.5,21.5
568.0,20.893884583965818,21.199865259465625,5.95124841814055,21.0,0,-0.19986525946562494,21.169952823686458,20.5,21.5
569.0,20.890896056732654,21.196874921552936,5.952783332122861,21.0,0,-0.1968749215529364,21.16697154242605,20.5,21.5
570.0,20.887908434187732,21.193885488979923,5.954317520519217,21.0,0,-0.19388548897992308,21.16399116324979,20.5,21.5
571.0,20.884921716005,21.190896961420872,5.955850982161267,21.0,0,-0.1908969614208722,21.161011685830363,20.5,21.5
572.0,20.88193590185823,21.187909338549893,5.957383715881214,21.0,0,-0.18790933854989333,21.158033109840105,20.5,21.5
573.0,20.878950991421036,21.184922620040936,5.958915720511813,21.0,0,-0.18492262004093618,21.155055434951365,20.5,21.5
574.0,20.875966984366855,21.181936805567776,5.960446994886378,21.0,0,-0.18193680556777636,21.152078660836178,20.5,21.5
575.0,20.87298388036896,21.178951894804023,5.961977537838775,21.0,0,-0.17895189480402252,21.149102787166484,20.5,21.5
576.0,20.870001679100454,21.17596788742311,5.96350734820343,21.0,0,-0.1759678874231092,21.146127813613976,20.5,21.5
577.0,20.867020380234276,21.17298478309832,5.9650364248153265,21.0,0,-0.17298478309832177,21.143153739850447,20.5,21.5
578.0,20.86403998344319,21.17000258150275,5.966564766510005,21.0,0,-0.17000258150275016,21.140180565547034,20.5,21.5
579.0,20.861060488399804,21.167021282309342,5.968092372123566,21.0,0,-0.1670212823093422,21.137208290375263,20.5,21.5
580.0,20.85808189477655,21.164040885190865,5.969619240492674,21.0,0,-0.16404088519086457,21.134236914006088,20.5,21.5
581.0,20.855104202245695,21.161061389819913,5.9711453704545505,21.0,0,-0.16106138981991336,21.1312664361104,20.5,21.5
582.0,20.852127410479337,21.158082795868925,5.972670760846981,21.0,0,-0.15808279586892482,21.12829685635904,20.5,21.5
583.0,20.849151519149412,21.155105103010168,5.974195410508315,21.0,0,-0.15510510301016822,21.125328174422602,20.5,21.5
584.0,20.846176527927685,21.152128310915742,5.9757193182774655,21.0,0,-0.1521283109157423,21.122360389971483,20.5,21.5
585.0,20.843202436485754,21.149152419257582,5.97724248299391,21.0,0,-0.14915241925758238,21.119393502675983,20.5,21.5
586.0,20.840229244495056,21.146177427707453,5.978764903497693,21.0,0,-0.14617742770745323,21.11642751220616,20.5,21.5
587.0,20.837256951626856,21.143203335936956,5.980286578629424,21.0,0,-0.14320333593695622,21.113462418231986,20.5,21.5
588.0,20.834285557552256,21.140230143617526,5.981807507230282,21.0,0,-0.14023014361752573,21.11049822042322,20.5,21.5
589.0,20.831315061942192,21.13725785042043,5.983327688142013,21.0,0,-0.13725785042042915,21.107534918449463,20.5,21.5
590.0,20.828345464467432,21.134286456016763,5.984847120206934,21.0,0,-0.13428645601676337,21.104572511980106,20.5,21.5
591.0,20.82537676479858,21.131315960077465,5.986365802267931,21.0,0,-0.13131596007746538,21.101611000684485,20.5,21.5
592.0,20.822408962606076,21.128346362273312,5.987883733168462,21.0,0,-0.1283463622733123,21.09865038423178,20.5,21.5
593.0,20.819442057560188,21.125377662274897,5.989400911752556,21.0,0,-0.12537766227489655,21.09569066229074,20.5,21.5
594.0,20.816476049331026,21.122409859752665,5.990917336864815,21.0,0,-0.12240985975266483,21.092731834530348,20.5,21.5
595.0,20.813510937588532,21.119442954376886,5.992433007350416,21.0,0,-0.11944295437688623,21.0897739006191,20.5,21.5
596.0,20.810546722002485,21.116476945817663,5.993947922055111,21.0,0,-0.11647694581766288,21.08681686022543,20.5,21.5
597.0,20.807583402242496,21.113511833744948,5.9954620798252245,21.0,0,-0.11351183374494767,21.083860713017796,20.5,21.5
598.0,20.80462097797801,21.110547617828512,5.99697547950766,21.0,0,-0.1105476178285123,21.08090545866416,20.5,21.5
599.0,20.80165944887832,21.107584297737972,5.9984881199499,21.0,0,-0.10758429773797218,21.07795109683257,20.5,21.5
600.0,20.798698814612532,21.104621873142772,6.0,21.0,0,-0.10462187314277216,21.074997627190772,20.5,21.5
601.0,20.79573907484961,21.1016603437122,6.001511118506599,21.0,0,-0.10166034371220078,21.072045049406487,20.5,21.5
602.0,20.79278022925834,21.09869970911537,6.003021474318914,21.0,0,-0.09869970911536896,21.06909336314705,20.5,21.5
603.0,20.78982227750735,21.095739969021235,6.004531066286745,21.0,0,-0.09573996902123483,21.066142568079893,20.5,21.5
604.0,20.786865219265106,21.092781123098593,6.0060398932604695,21.0,0,-0.0927811230985931,21.063192663872176,20.5,21.5
605.0,20.783909054199906,21.089823171016068,6.007547954091052,21.0,0,-0.08982317101606796,21.060243650190817,20.5,21.5
606.0,20.780953781979886,21.086866112442124,6.009055247630038,21.0,0,-0.08686611244212372,21.05729552670268,20.5,21.5
607.0,20.777999402273014,21.083909947045058,6.010561772729559,21.0,0,-0.08390994704505772,21.054348293074398,20.5,21.5
608.0,20.775045914747107,21.080954674493007,6.012067528242327,21.0,0,-0.08095467449300742,21.051401948972504,20.5,21.5
609.0,20.772093319069807,21.07800029445395,6.013572513021648,21.0,0,-0.0780002944539504,21.04845649406338,20.5,21.5
610.0,20.769141614908598,21.075046806595687,6.015076725921408,21.0,0,-0.07504680659568663,21.04551192801305,20.5,21.5
611.0,20.7661908019308,21.07209421058587,6.016580165796085,21.0,0,-0.0720942105858704,21.042568250487708,20.5,21.5
612.0,20.763240879803575,21.069142506091982,6.018082831500743,21.0,0,-0.06914250609198191,21.039625461153097,20.5,21.5
613.0,20.760291848193916,21.06619169278134,6.019584721891037,21.0,0,-0.06619169278134152,21.036683559674938,20.5,21.5
614.0,20.757343706768655,21.06324177032111,6.021085835823211,21.0,0,-0.06324177032110967,21.03374254571879,20.5,21.5
615.0,20.754396455194467,21.060292738378283,6.022586172154104,21.0,0,-0.06029273837828342,21.03080241895002,20.5,21.5
616.0,20.75145009313786,21.057344596619693,6.024085729741143,21.0,0,-0.05734459661969282,21.027863179033787,20.5,21.5
617.0,20.74850462026518,21.054397344712015,6.02558450744235,21.0,0,-0.05439734471201518,21.02492482563524,20.5,21.5
618.0,20.745560036242615,21.051450982321757,6.02708250411634,21.0,0,-0.051450982321757266,21.021987358419178,20.5,21.5
619.0,20.74261634073619,21.048505509115262,6.028579718622325,21.0,0,-0.04850550911526241,21.019050777050314,20.5,21.5
620.0,20.739673533411768,21.045560924758725,6.0300761498201085,21.0,0,-0.04556092475872475,21.016115081193348,20.5,21.5
621.0,20.73673161393505,21.04261722891816,6.031571796570095,21.0,0,-0.04261722891816078,21.01318027051252,20.5,21.5
622.0,20.733790581971576,21.03967442125944,6.033066657733284,21.0,0,-0.03967442125944132,21.010246344672247,20.5,21.5
623.0,20.730850437186728,21.036732501448263,6.034560732171273,21.0,0,-0.03673250144826312,21.00731330333648,20.5,21.5
624.0,20.727911179245726,21.03379146915017,6.036054018746261,21.0,0,-0.03379146915017017,21.00438114616924,20.5,21.5
625.0,20.724972807813625,21.030851324030543,6.037546516321043,21.0,0,-0.030851324030543026,21.00144987283427,20.5,21.5
626.0,20.722035322555328,21.0279120657546,6.039038223759019,21.0,0,-0.027912065754598814,20.998519482995157,20.5,21.5
627.0,20.71909872313557,21.0249736939874,6.040529139924188,21.0,0,-0.02497369398739835,20.995589976315394,20.5,21.5
628.0,20.716163009218928,21.022036208393835,6.042019263681153,21.0,0,-0.022036208393835466,20.992661352458207,20.5,21.5
629.0,20.71322818046982,21.01909960863866,6.043508593895119,21.0,0,-0.01909960863865834,20.989733611086887,20.5,21.5
630.0,20.710294236552503,21.016163894386434,6.044997129431898,21.0,0,-0.016163894386433952,20.98680675186419,20.5,21.5
631.0,20.70736117713108,21.013229065301584,6.046484869157903,21.0,0,-0.013229065301583631,20.98388077445308,20.5,21.5
632.0,20.704429001869485,21.010295121048365,6.047971811940158,21.0,0,-0.010295121048365274,20.98095567851618,20.5,21.5
633.0,20.7014977104315,21.007362061290884,6.04945795664629,21.0,0,-0.007362061290884014,20.97803146371607,20.5,21.5
634.0,20.698567302480743,21.004429885693067,6.050943302144535,21.0,0,-0.004429885693067348,20.9751081297149,20.5,21.5
635.0,20.695637777680677,21.0014985939187,6.052427847303739,21.0,0,-0.0014985939187006636,20.972185676175034,20.5,21.5
636.0,20.692709135694603,20.998568185631406,6.053911590993355,21.0,0,0.0014318143685940754,20.96926410275846,20.5,21.5
637.0,20.689781376185664,20.99563866049464,6.055394532083448,21.0,0,0.00436133950535833,20.966343409127,20.5,21.5
638.0,20.686854498816842,20.99271001817171,6.056876669444694,21.0,0,0.007289981828289882,20.963423594942395,20.5,21.5
639.0,20.683928503250968,20.989782258325754,6.058358001948381,21.0,0,0.010217741674246383,20.96050465986619,20.5,21.5
640.0,20.681003389150707,20.98685538061976,6.059838528466409,21.0,0,0.013144619380238254,20.957586603559843,20.5,21.5
641.0,20.67807915617857,20.983929384716554,6.061318247871295,21.0,0,0.016070615283446443,20.95466942568447,20.5,21.5
642.0,20.67515580399691,20.981004270278806,6.062797159036165,21.0,0,0.01899572972119401,20.95175312590133,20.5,21.5
643.0,20.672233332267915,20.978080036969022,6.064275260834767,21.0,0,0.021919963030978096,20.94883770387118,20.5,21.5
644.0,20.66931174065363,20.975156684449555,6.0657525521414595,21.0,0,0.024843315550445055,20.945923159254885,20.5,21.5
645.0,20.666391028815926,20.972234212382595,6.067229031831223,21.0,0,0.02776578761740467,20.943009491713,20.5,21.5
646.0,20.66347119641653,20.96931262043019,6.068704698779653,21.0,0,0.030687379569808826,20.94009670090615,20.5,21.5
647.0,20.660552243117003,20.96639190825421,6.070179551862964,21.0,0,0.0336080917457906,20.93718478649439,20.5,21.5
648.0,20.657634168578753,20.963472075516375,6.071653589957993,21.0,0,0.036527924483625185,20.93427374813803,20.5,21.5
649.0,20.654716972463028,20.960553121878256,6.0731268119421955,21.0,0,0.03944687812174408,20.931363585497067,20.5,21.5
650.0,20.651800654430925,20.957635047001258,6.074599216693647,21.0,0,0.04236495299874221,20.928454298231276,20.5,21.5
651.0,20.648885214143377,20.954717850546626,6.07607080309105,21.0,0,0.04528214945337439,20.925545886000304,20.5,21.5
652.0,20.645970651261166,20.95180153217546,6.077541570013726,21.0,0,0.04819846782454107,20.922638348463792,20.5,21.5
653.0,20.643056965444917,20.94888609154869,6.079011516341622,21.0,0,0.0511139084513097,20.919731685281004,20.5,21.5
654.0,20.640144156355095,20.945971528327103,6.08048064095531,21.0,0,0.05402847167289693,20.91682589611123,20.5,21.5
655.0,20.637232223652017,20.94305784217132,6.081948942735988,21.0,0,0.056942157828679285,20.913920980613497,20.5,21.5
656.0,20.634321166995832,20.940145032741814,6.083416420565479,21.0,0,0.059854967258186065,20.911016938446746,20.5,21.5
657.0,20.631410986046546,20.93723309969889,6.084883073326237,21.0,0,0.06276690030110998,20.90811376926965,20.5,21.5
658.0,20.628501680464,20.934322042702707,6.086348899901341,21.0,0,0.06567795729729298,20.905211472740877,20.5,21.5
659.0,20.62559324990789,20.931411861413267,6.087813899174501,21.0,0,0.0685881385867333,20.902310048518864,20.5,21.5
660.0,20.622685694037745,20.92850255549041,6.089278070030054,21.0,0,0.07149744450958906,20.899409496261853,20.5,21.5
661.0,20.619779012512943,20.925594124593836,6.0907414113529725,21.0,0,0.07440587540616406,20.896509815628086,20.5,21.5
662.0,20.61687320499271,20.922686568383067,6.092203922028858,21.0,0,0.0773134316169326,20.893611006275382,20.5,21.5
663.0,20.61396827113612,20.919779886517496,6.093665600943945,21.0,0,0.08022011348250402,20.890713067861782,20.5,21.5
664.0,20.61106421060208,20.91687407865633,6.0951264469851,21.0,0,0.08312592134366881,20.887816000044683,20.5,21.5
665.0,20.60816102304936,20.913969144458655,6.096586459039828,21.0,0,0.08603085554134537,20.88491980248189,20.5,21.5
666.0,20.605258708136557,20.911065083583377,6.098045635996264,21.0,0,0.08893491641662266,20.882024474830605,20.5,21.5
667.0,20.60235726552213,20.90816189568926,6.099503976743181,21.0,0,0.0918381043107388,20.8791300167481,20.5,21.5
668.0,20.599456694864376,20.905259580434908,6.100961480169991,21.0,0,0.09474041956509183,20.876236427891378,20.5,21.5
669.0,20.596556995821437,20.90235813747878,6.102418145166741,21.0,0,0.09764186252121831,20.873343707917517,20.5,21.5
670.0,20.593658168051306,20.89945756647917,6.103873970624116,21.0,0,0.10054243352082892,20.870451856483065,20.5,21.5
671.0,20.59076021121182,20.896557867094224,6.105328955433444,21.0,0,0.10344213290577642,20.86756087324475,20.5,21.5
672.0,20.587863124960663,20.89365903898193,6.106783098486688,21.0,0,0.10634096101806989,20.864670757858995,20.5,21.5
673.0,20.58496690895537,20.890761081800132,6.108236398676457,21.0,0,0.10923891819986764,20.861781509982155,20.5,21.5
674.0,20.582071562853315,20.88786399520651,6.109688854895999,21.0,0,0.1121360047934914,20.85889312927027,20.5,21.5
675.0,20.579177086311724,20.88496777885859,6.111140466039204,21.0,0,0.11503222114140854,20.85600561537942,20.5,21.5
676.0,20.57628347898767,20.882072432413764,6.11259123100061,21.0,0,0.11792756758623568,20.853118967965493,20.5,21.5
677.0,20.573390740538073,20.879177955529247,6.114041148675393,21.0,0,0.12082204447075284,20.850233186684076,20.5,21.5
678.0,20.5704988706197,20.87628434786211,6.11549021795938,21.0,0,0.12371565213788926,20.847348271190747,20.5,21.5
679.0,20.56760786888917,20.87339160906928,6.116938437749042,21.0,0,0.12660839093071985,20.844464221140974,20.5,21.5
680.0,20.56471773500294,20.870499738807524,6.118385806941494,21.0,0,0.12950026119247582,20.841581036189964,20.5,21.5
681.0,20.56182846861733,20.867608736733455,6.119832324434503,21.0,0,0.1323912632665447,20.838698715992766,20.5,21.5
682.0,20.55894006938849,20.86471860250354,6.121277989126483,21.0,0,0.13528139749645973,20.83581726020439,20.5,21.5
683.0,20.556052536972437,20.86182933577409,6.122722799916498,21.0,0,0.1381706642259104,20.832936668479583,20.5,21.5
684.0,20.553165871025026,20.85894093620126,6.124166755704261,21.0,0,0.141059063798739,20.830056940472975,20.5,21.5
685.0,20.55028007120196,20.856053403441067,6.125609855390137,21.0,0,0.1439465965589335,20.82717807583912,20.5,21.5
686.0,20.547395137158798,20.85316673714936,6.1270520978751435,21.0,0,0.1468332628506417,20.824300074232276,20.5,21.5
687.0,20.544511068550943,20.85028093698185,6.128493482060948,21.0,0,0.14971906301814997,20.821422935306767,20.5,21.5
688.0,20.541627865033643,20.84739600259409,6.129934006849876,21.0,0,0.15260399740591168,20.81854665871647,20.5,21.5
689.0,20.538745526262005,20.844511933641485,6.131373671144904,21.0,0,0.1554880663585152,20.81567124411545,20.5,21.5
690.0,20.535864051890982,20.841628729779288,6.132812473849666,21.0,0,0.1583712702207123,20.812796691157317,20.5,21.5
691.0,20.532983441575375,20.838746390662603,6.1342504138684495,21.0,0,0.16125360933739685,20.809922999495758,20.5,21.5
692.0,20.530103694969835,20.83586491594638,6.135687490106203,21.0,0,0.1641350840536191,20.80705016878416,20.5,21.5
693.0,20.527224811728864,20.83298430528543,6.137123701468528,21.0,0,0.16701569471457134,20.804178198675906,20.5,21.5
694.0,20.52434679150681,20.83010455833439,6.138559046861689,21.0,0,0.16989544166560933,20.80130708882401,20.5,21.5
695.0,20.52146963395788,20.82722567474777,6.139993525192606,21.0,0,0.1727743252522309,20.798436838881553,20.5,21.5
696.0,20.518593338736128,20.824347654179917,6.141427135368863,21.0,0,0.17565234582008316,20.795567448501394,20.5,21.5
697.0,20.515717905495453,20.82147049628504,6.1428598762987034,21.0,0,0.1785295037149588,20.792698917336285,20.5,21.5
698.0,20.512843333889613,20.818594200717193,6.1442917468910325,21.0,0,0.18140579928280687,20.789831245038712,20.5,21.5
699.0,20.509969623572214,20.81571876713027,6.145722746055418,21.0,0,0.1842812328697292,20.786964431261048,20.5,21.5
700.0,20.50709677419671,20.812844195178037,6.147152872702092,21.0,0,0.1871558048219626,20.784098475655703,20.5,21.5
701.0,20.50422478541641,20.809970484514093,6.148582125741951,21.0,0,0.1900295154859073,20.781233377874646,20.5,21.5
702.0,20.501353656884476,20.807097634791898,6.150010504086557,21.0,0,0.1929023652081021,20.77836913756995,20.5,21.5
703.0,20.498483388253916,20.804225645664758,6.151438006648137,21.0,0,0.19577435433524215,20.775505754393357,20.5,21.5
704.0,20.495613979177595,20.801354516785835,6.152864632339586,21.0,0,0.19864548321416464,20.77264322799661,20.5,21.5
705.0,20.492745429308226,20.79848424780814,6.1542903800744675,21.0,0,0.20151575219185958,20.76978155803119,20.5,21.5
706.0,20.48987773829838,20.795614838384534,6.15571524876701,21.0,0,0.20438516161546616,20.766920744148468,20.5,21.5
707.0,20.48701090580047,20.792746288167734,6.157139237332117,21.0,0,0.2072537118322657,20.76406078599974,20.5,21.5
708.0,20.484144931466776,20.789878596810308,6.1585623446853575,21.0,0,0.2101214031896923,20.76120168323604,20.5,21.5
709.0,20.48127981494942,20.78701176396467,6.159984569742974,21.0,0,0.21298823603532924,20.7583434355083,20.5,21.5
710.0,20.47841555590038,20.7841457892831,6.1614059114218795,21.0,0,0.21585421071689836,20.75548604246741,20.5,21.5
711.0,20.475552153971485,20.781280672417722,6.162826368639661,21.0,0,0.21871932758227786,20.752629503763927,20.5,21.5
712.0,20.47268960881442,20.778416413020512,6.164245940314579,21.0,0,0.221583586979488,20.74977381904841,20.5,21.5
713.0,20.46982792008072,20.7755530107433,6.165664625365567,21.0,0,0.22444698925669826,20.7469189879712,20.5,21.5
714.0,20.46696708742178,20.77269046523777,6.167082422712235,21.0,0,0.22730953476223092,20.744065010182442,20.5,21.5
715.0,20.464107110488836,20.76982877615546,6.168499331274869,21.0,0,0.2301712238445397,20.741211885332373,20.5,21.5
716.0,20.461247988932993,20.766967943147762,6.169915349974431,21.0,0,0.23303205685223816,20.738359613070777,20.5,21.5
717.0,20.4583897224052,20.764107965865918,6.171330477732561,21.0,0,0.235892034134082,20.73550819304748,20.5,21.5
718.0,20.455532310556265,20.761248843961027,6.1727447134715785,21.0,0,0.23875115603897257,20.73265762491212,20.5,21.5
719.0,20.452675753036846,20.75839057708404,6.17415805611448,21.0,0,0.24160942291596044,20.72980790831416,20.5,21.5
720.0,20.44982004949746,20.755533164885765,6.175570504584947,21.0,0,0.24446683511423473,20.726959042903022,20.5,21.5
721.0,20.44696519958848,20.752676607016863,6.176982057807334,21.0,0,0.24732339298313732,20.724111028327837,20.5,21.5
722.0,20.444111202960123,20.749820903127848,6.178392714706684,21.0,0,0.25017909687215223,20.7212638642377,20.5,21.5
723.0,20.441258059262474,20.74696605286909,6.179802474208721,21.0,0,0.2530339471309091,20.718417550281522,20.5,21.5
724.0,20.43840576814546,20.744112055890817,6.181211335239851,21.0,0,0.25588794410918325,20.715572086108075,20.5,21.5
725.0,20.43555432925888,20.7412589118431,6.1826192967271645,21.0,0,0.2587410881568992,20.71272747136594,20.5,21.5
726.0,20.432703742252375,20.738406620375876,6.184026357598439,21.0,0,0.26159337962412366,20.709883705703632,20.5,21.5
727.0,20.429854006775443,20.735555181138942,6.185432516782136,21.0,0,0.2644448188610582,20.707040788769596,20.5,21.5
728.0,20.427005122477443,20.732704593781936,6.186837773207403,21.0,0,0.26729540621806436,20.704198720211874,20.5,21.5
729.0,20.42415708900759,20.729854857954358,6.188242125804077,21.0,0,0.2701451420456422,20.70135749967858,20.5,21.5
730.0,20.421309906014947,20.727005973305573,6.189645573502682,21.0,0,0.27299402669442685,20.698517126817727,20.5,21.5
731.0,20.418463573148443,20.724157939484787,6.191048115234433,21.0,0,0.2758420605152132,20.695677601276923,20.5,21.5
732.0,20.41561809005686,20.721310756141072,6.192449749931232,21.0,0,0.2786892438589277,20.692838922703928,20.5,21.5
733.0,20.412773456388834,20.718464422923347,6.1938504765256726,21.0,0,0.281535577076653,20.690001090746094,20.5,21.5
734.0,20.40992967179286,20.7156189394804,6.195250293951043,21.0,0,0.28438106051959977,20.687164105050933,20.5,21.5
735.0,20.407086735917293,20.712774305460872,6.196649201141318,21.0,0,0.28722569453912783,20.68432796526559,20.5,21.5
736.0,20.404244648410337,20.70993052051325,6.198047197031172,21.0,0,0.29006947948674977,20.68149267103703,20.5,21.5
737.0,20.40140340892006,20.70708758428589,6.199444280555968,21.0,0,0.29291241571410964,20.67865822201229,20.5,21.5
738.0,20.39856301709439,20.704245496427,6.200840450651768,21.0,0,0.2957545035730007,20.67582461783809,20.5,21.5
739.0,20.3957234725811,20.70140425658465,6.202235706255326,21.0,0,0.2985957434153512,20.672991858161144,20.5,21.5
740.0,20.392884775027834,20.698563864406758,6.203630046304096,21.0,0,0.3014361355932422,20.670159942627848,20.5,21.5
741.0,20.39004692408209,20.695724319541107,6.2050234697362265,21.0,0,0.3042756804588933,20.667328870884596,20.5,21.5
742.0,20.38720991939122,20.69288562163534,6.206415975490565,21.0,0,0.30711437836465905,20.664498642577684,20.5,21.5
743.0,20.38437376060244,20.690047770336953,6.207807562506657,21.0,0,0.3099522296630468,20.661669257353076,20.5,21.5
744.0,20.38153844736282,20.687210765293297,6.209198229724749,21.0,0,0.3127892347067025,20.65884071485674,20.5,21.5
745.0,20.378703979319294,20.68437460615159,6.2105879760857885,21.0,0,0.3156253938484106,20.65601301473451,20.5,21.5
746.0,20.375870356118646,20.681539292558902,6.211976800531422,21.0,0,0.31846070744109767,20.65318615663203,20.5,21.5
747.0,20.37303757740753,20.678704824162164,6.213364702003999,21.0,0,0.32129517583783596,20.65036014019478,20.5,21.5
748.0,20.37020564283245,20.675871200608164,6.214751679446573,21.0,0,0.32412879939183625,20.64753496506816,20.5,21.5
749.0,20.36737455203977,20.673038421543556,6.216137731802901,21.0,0,0.32696157845644436,20.644710630897475,20.5,21.5
750.0,20.36454430467572,20.67020648661484,6.217522858017441,21.0,0,0.32979351338515883,20.641887137327696,20.5,21.5
751.0,20.36171490038639,20.66737539546839,6.218907057035362,21.0,0,0.3326246045316097,20.63906448400388,20.5,21.5
752.0,20.35888633881772,20.664545147750427,6.220290327802536,21.0,0,0.3354548522495726,20.636242670570798,20.5,21.5
753.0,20.356058619615517,20.661715743107045,6.22167266926554,21.0,0,0.3382842568929547,20.633421696673224,20.5,21.5
754.0,20.353231742425447,20.658887181184177,6.2230540803716625,21.0,0,0.341112818815823,20.630601561955494,20.5,21.5
755.0,20.350405706893035,20.656059461627642,6.224434560068898,21.0,0,0.34394053837235816,20.62778226606229,20.5,21.5
756.0,20.34758051266367,20.6532325840831,6.225814107305953,21.0,0,0.34676741591690075,20.624963808637673,20.5,21.5
757.0,20.344756159382598,20.650406548196074,6.227192721032241,21.0,0,0.3495934518039263,20.622146189325818,20.5,21.5
758.0,20.34193264669493,20.647581353611955,6.228570400197887,21.0,0,0.35241864638804543,20.619329407770763,20.5,21.5
759.0,20.33910997424563,20.64475699997599,6.229947143753728,21.0,0,0.35524300002401077,20.616513463616336,20.5,21.5
760.0,20.336288141679532,20.64193348693329,6.231322950651316,21.0,0,0.35806651306671,20.613698356506298,20.5,21.5
761.0,20.333467148641326,20.63911081412882,6.2326978198429135,21.0,0,0.36088918587118,20.61088408608412,20.5,21.5
762.0,20.330646994775567,20.636288981207414,6.2340717502814975,21.0,0,0.3637110187925856,20.60807065199336,20.5,21.5
763.0,20.327827679726667,20.633467987813763,6.23544474092076,21.0,0,0.3665320121862372,20.605258053877247,20.5,21.5
764.0,20.325009203138904,20.630647833592416,6.236816790715109,21.0,0,0.36935216640758384,20.60244629137895,20.5,21.5
765.0,20.32219156465642,20.627828518187794,6.2381878986196675,21.0,0,0.37217148181220594,20.599635364141573,20.5,21.5
766.0,20.319374763923214,20.625010041244174,6.23955806359028,21.0,0,0.3749899587558261,20.596825271807973,20.5,21.5
767.0,20.31655880058315,20.622192402405688,6.240927284583504,21.0,0,0.3778075975943125,20.594016014020823,20.5,21.5
768.0,20.313743674279948,20.619375601316342,6.24229556055662,21.0,0,0.3806243986836577,20.59120759042289,20.5,21.5
769.0,20.310929384657204,20.616559637620007,6.2436628904676255,21.0,0,0.3834403623799929,20.588400000656655,20.5,21.5
770.0,20.308115931358365,20.613744510960395,6.2450292732752395,21.0,0,0.3862554890396055,20.58559324436427,20.5,21.5
771.0,20.305303314026748,20.6109302209811,6.246394707938901,21.0,0,0.38906977901890016,20.582787321188153,20.5,21.5
772.0,20.30249153230553,20.608116767325576,6.247759193418772,21.0,0,0.3918832326744237,20.57998223077034,20.5,21.5
773.0,20.299680585837752,20.60530414963714,6.249122728675739,21.0,0,0.3946958503628615,20.57717797275276,20.5,21.5
774.0,20.29687047426632,20.60249236755896,6.25048531267141,21.0,0,0.3975076324410409,20.574374546777165,20.5,21.5
775.0,20.294061197234,20.599681420734086,6.251846944368118,21.0,0,0.40031857926591385,20.571571952485357,20.5,21.5
776.0,20.29125275438343,20.596871308805426,6.253207622728921,21.0,0,0.4031286911945742,20.568770189518823,20.5,21.5
777.0,20.288445145357098,20.59406203141574,6.254567346717603,21.0,0,0.40593796858426145,20.565969257518866,20.5,21.5
778.0,20.285638369797372,20.59125358820766,6.255926115298676,21.0,0,0.4087464117923396,20.56316915612688,20.5,21.5
779.0,20.282832427346474,20.588445978823692,6.257283927437378,21.0,0,0.41155402117630757,20.560369884984013,20.5,21.5
780.0,20.280027317646493,20.58563920290619,6.258640782099675,21.0,0,0.4143607970938099,20.557571443731167,20.5,21.5
781.0,20.277223040339383,20.58283326009738,6.259996678252264,21.0,0,0.4171667399026191,20.55477383200929,20.5,21.5
782.0,20.274419595066966,20.580028150039357,6.261351614862573,21.0,0,0.41997184996064263,20.551977049459122,20.5,21.5
783.0,20.271616981470924,20.577223872374066,6.262705590898755,21.0,0,0.42277612762593364,20.549181095721156,20.5,21.5
784.0,20.268815199192808,20.574420426743334,6.264058605329701,21.0,0,0.42557957325666607,20.54638597043601,20.5,21.5
785.0,20.266014247874036,20.57161781278884,6.265410657125032,21.0,0,0.4283821872111595,20.543591673243906,20.5,21.5
786.0,20.263214127155887,20.568816030152142,6.2667617452551,21.0,0,0.4311839698478579,20.540798203785158,20.5,21.5
787.0,20.26041483667951,20.56601507847465,6.268111868690994,21.0,0,0.43398492152535084,20.53800556169972,20.5,21.5
788.0,20.25761637608591,20.563214957397644,6.269461026404535,21.0,0,0.43678504260235584,20.535213746627594,20.5,21.5
789.0,20.254818745015974,20.560415666562278,6.2708092173682815,21.0,0,0.43958433343772185,20.532422758208618,20.5,21.5
790.0,20.252021943110446,20.55761720560956,6.272156440555528,21.0,0,0.4423827943904399,20.52963259608238,20.5,21.5
791.0,20.249225970009935,20.55481957418037,6.273502694940304,21.0,0,0.445180425819629,20.52684325988848,20.5,21.5
792.0,20.24643082535492,20.552022771915453,6.2748479794973795,21.0,0,0.44797722808454665,20.524054749266277,20.5,21.5
793.0,20.243636508785748,20.549226798455418,6.276192293202261,21.0,0,0.4507732015445818,20.521267063855067,20.5,21.5
794.0,20.24084301994263,20.54643165344075,6.277535635031195,21.0,0,0.45356834655925127,20.518480203294054,20.5,21.5
795.0,20.23805035846565,20.54363733651179,6.27887800396117,21.0,0,0.45636266348821053,20.515694167222197,20.5,21.5
796.0,20.235258523994748,20.540843847308754,6.280219398969911,21.0,0,0.45915615269124643,20.512908955278395,20.5,21.5
797.0,20.23246751616974,20.53805118547172,6.2815598190358894,21.0,0,0.46194881452828085,20.510124567101375,20.5,21.5
798.0,20.229677334630313,20.53525935064063,6.282899263138315,21.0,0,0.46474064935937065,20.50734100232973,20.5,21.5
799.0,20.226887979016016,20.53246834245531,6.2842377302571455,21.0,0,0.46753165754468995,20.504558260602117,20.5,21.5
800.0,20.224099448966264,20.52967816055543,6.2855752193730785,21.0,0,0.4703218394445692,20.50177634155664,20.5,21.5
801.0,20.221311744120346,20.52688880458055,6.286911729467558,21.0,1,0.4731111954194489,20.498995244831754,20.5,21.5
802.0,20.238524864117416,20.528100274170086,6.288247259522773,21.0,1,0.471899725829914,20.540214970065435,20.5,21.5
803.0,20.255734808596497,20.533311768963323,6.28958180852166,21.0,1,0.46668823103667734,20.58542671689569,20.5,21.5
804.0,20.27294157799648,20.54252248875942,6.290915375447901,21.0,1,0.45747751124057956,20.634629686720398,20.5,21.5
805.0,20.29014517275597,20.55573163351736,6.292247959285928,21.0,1,0.444268366482639,20.687823081096766,20.5,21.5
806.0,20.307345593313276,20.57293840335595,6.293579559020919,21.0,1,0.42706159664405163,20.745006101741822,20.5,21.5
807.0,20.324542840106417,20.590141998553747,6.2949101736388045,21.0,1,0.40985800144625273,20.762177950531736,20.5,21.5
808.0,20.341736913573126,20.607342419549074,6.296239802126262,21.0,1,0.39265758045092625,20.77934662950234,20.5,21.5
809.0,20.358927814150835,20.624539666779942,6.297568443470722,21.0,1,0.3754603332200581,20.796512139088623,20.5,21.5
810.0,20.3761155422767,20.64173374068409,6.298896096660367,21.0,1,0.3582662593159114,20.813674479725556,20.5,21.5
811.0,20.393300098387577,20.658924641698952,6.3002227606841315,21.0,1,0.3410753583010475,20.83083365184759,20.5,21.5
812.0,20.410481482920037,20.676112370261677,6.301548434531702,21.0,1,0.32388762973832286,20.847989655888924,20.5,21.5
813.0,20.42765969631036,20.693296926809122,6.302873117193521,21.0,1,0.306703073190878,20.86514249228357,20.5,21.5
814.0,20.444834738994537,20.710478311777866,6.304196807660785,21.0,1,0.2895216882221341,20.882292161465305,20.5,21.5
815.0,20.46200661140827,20.72765652560418,6.305519504925445,21.0,1,0.2723434743958215,20.899438663867304,20.5,21.5
816.0,20.479175313986975,20.74483156872406,6.306841207980211,21.0,1,0.2551684312759406,20.91658199992287,20.5,21.5
817.0,20.496340847165772,20.762003441573206,6.308161915818548,21.0,1,0.23799655842679357,20.933722170064677,20.5,21.5
818.0,20.513503211379504,20.779172144587033,6.309481627434679,21.0,1,0.220827855412967,20.9508591747253,20.5,21.5
819.0,20.530662407062714,20.79633767820067,6.310800341823588,21.0,1,0.20366232179933164,20.967993014337022,20.5,21.5
820.0,20.547818434649667,20.81350004284895,6.3121180579810146,21.0,1,0.1864999571510495,20.985123689331772,20.5,21.5
821.0,20.564971294574335,20.830659238966422,6.313434774903461,21.0,1,0.16934076103357754,21.002251200141142,20.5,21.5
822.0,20.5821209872704,20.847815266987347,6.314750491588192,21.0,1,0.15218473301265334,21.01937554719659,20.5,21.5
823.0,20.599267513171263,20.864968127345698,6.316065207033229,21.0,1,0.13503187265430228,21.03649673092921,20.5,21.5
824.0,20.616410872710034,20.88211782047516,6.317378920237361,21.0,1,0.11788217952484104,21.05361475176977,20.5,21.5
825.0,20.63355106631954,20.899264346809133,6.318691630200138,21.0,1,0.10073565319086697,21.070729610148874,20.5,21.5
826.0,20.65068809443232,20.91640770678073,6.320003335921873,21.0,1,0.08359229321926875,21.087841306496713,20.5,21.5
827.0,20.667821957480616,20.933547900822774,6.321314036403647,21.0,1,0.06645209917722639,21.104949841243197,20.5,21.5
828.0,20.6849526558964,20.950684929367803,6.322623730647304,21.0,1,0.04931507063219698,21.122055214818097,20.5,21.5
829.0,20.70208019011135,20.967818792848067,6.323932417655453,21.0,1,0.03218120715193251,21.139157427650712,20.5,21.5
830.0,20.719204560556857,20.98494949169553,6.325240096431475,21.0,1,0.01505050830446919,21.156256480170164,20.5,21.5
831.0,20.73632576766403,21.002077026341873,6.326546765979513,21.0,1,-0.0020770263418725676,21.17335237280529,20.5,21.5
832.0,20.753443811863693,21.019201397218485,6.327852425304483,21.0,1,-0.019201397218484573,21.190445105984605,20.5,21.5
833.0,20.77055869358638,21.03632260475648,6.329157073412068,21.0,1,-0.036322604756481525,21.20753468013645,20.5,21.5
834.0,20.787670413262347,21.05344064938668,6.3304607093087215,21.0,1,-0.053440649386679695,21.22462109568866,20.5,21.5
835.0,20.804778971321557,21.070555531539622,6.331763332001668,21.0,1,-0.0705555315396218,21.241704353069043,20.5,21.5
836.0,20.821884368193693,21.087667251645552,6.333064940498905,21.0,1,-0.08766725164555211,21.258784452704855,20.5,21.5
837.0,20.838986604308154,21.10477581013445,6.3343655338091995,21.0,1,-0.10477581013444848,21.275861395023412,20.5,21.5
838.0,20.856085680094054,21.121881207435983,6.335665110942093,21.0,1,-0.12188120743598319,21.29293518045133,20.5,21.5
839.0,20.873181595980224,21.13898344397956,6.3369636709079025,21.0,1,-0.13898344397955853,21.310005809415312,20.5,21.5
840.0,20.89027435239521,21.156082520194285,6.3382612127177165,21.0,1,-0.15608252019428548,21.327073282341555,20.5,21.5
841.0,20.907363949767273,21.173178436509,6.339557735383401,21.0,1,-0.17317843650900144,21.34413759965616,20.5,21.5
842.0,20.924450388524395,21.190271193352253,6.340853237917598,21.0,1,-0.1902711933522525,21.361198761784763,20.5,21.5
843.0,20.941533669094273,21.207360791152293,6.342147719333726,21.0,1,-0.20736079115229344,21.378256769152703,20.5,21.5
844.0,20.95861379190432,21.224447230337113,6.34344117864598,21.0,1,-0.22444723033711256,21.395311622185304,20.5,21.5
845.0,20.975690757381667,21.241530511334407,6.344733614869336,21.0,1,-0.24153051133440684,21.41236332130735,20.5,21.5
846.0,20.992764565953163,21.258610634571586,6.346025027019547,21.0,1,-0.2586106345715855,21.429411866943372,20.5,21.5
847.0,21.009835218045374,21.275687600475784,6.347315414113146,21.0,1,-0.2756876004757842,21.44645725951777,20.5,21.5
848.0,21.02690271408459,21.292761409473844,6.348604775167447,21.0,1,-0.29276140947384377,21.46349949945444,20.5,21.5
849.0,21.043967054496804,21.30983206199234,6.349893109200545,21.0,1,-0.3098320619923385,21.480538587177286,20.5,21.5
850.0,21.061028239707746,21.326899558457555,6.351180415231321,21.0,1,-0.3268995584575549,21.49757452310972,20.5,21.5
851.0,21.07808627014285,21.343963899295492,6.352466692279431,21.0,0,-0.34396389929549187,21.51460730767486,20.5,21.5
852.0,21.075141146227278,21.35702508493187,6.3537519393653215,21.0,0,-0.3570250849318697,21.487636941295648,20.5,21.5
853.0,21.072196868385905,21.36608391579214,6.35503615551022,21.0,0,-0.3660839157921387,21.45667222439483,20.5,21.5
854.0,21.06925343624333,21.371141192141444,6.3563193397361415,21.0,0,-0.3711411921414438,21.421713955634495,20.5,21.5
855.0,21.066310849424028,21.3721977140847,6.357601491065884,21.0,0,-0.3721977140846988,21.38276293351725,20.5,21.5
856.0,21.063369107552354,21.369254281566594,6.358882608523033,21.0,0,-0.3692542815665938,21.339819956385544,20.5,21.5
857.0,21.06042821025255,21.366311694371646,6.360162691131963,21.0,0,-0.366311694371646,21.33688582242217,20.5,21.5
858.0,21.057488157148725,21.36336995212421,6.361441737917835,21.0,0,-0.3633699521242093,21.333952529649842,20.5,21.5
859.0,21.05454894786488,21.36042905444852,6.3627197479066,21.0,0,-0.36042905444852025,21.33102007769163,20.5,21.5
860.0,21.05161058202489,21.357489000968695,6.363996720124997,21.0,0,-0.3574890009686946,21.32808846617044,20.5,21.5
861.0,21.048673059252508,21.354549791308727,6.365272653600556,21.0,0,-0.35454979130872744,21.325157694709056,20.5,21.5
862.0,21.045736379171377,21.351611425092493,6.3665475473615984,21.0,0,-0.3516114250924929,21.322227762930147,20.5,21.5
863.0,21.042800541405015,21.34867390194375,6.367821400437236,21.0,0,-0.3486739019437515,21.319298670456337,20.5,21.5
864.0,21.03986554557682,21.34573722148614,6.3690942118573775,21.0,0,-0.3457372214861394,21.31637041691002,20.5,21.5
865.0,21.036931391310077,21.34280138334318,6.370365980652718,21.0,0,-0.3428013833431791,21.313443001913576,20.5,21.5
866.0,21.033998078227945,21.339866387138265,6.371636705854753,21.0,0,-0.3398663871382652,21.310516425089126,20.5,21.5
867.0,21.031065605953472,21.336932232494682,6.372906386495767,21.0,0,-0.3369322324946822,21.30759068605885,20.5,21.5
868.0,21.02813397410958,21.3339989190356,6.3741750216088455,21.0,0,-0.33399891903560075,21.304665784444786,20.5,21.5
869.0,21.02520318231908,21.33106644638405,6.375442610227868,21.0,0,-0.3310664463840496,21.301741719868538,20.5,21.5
870.0,21.02227323020466,21.32813481416297,6.376709151387508,21.0,0,-0.3281348141629685,21.298818491952158,20.5,21.5
871.0,21.019344117388897,21.325204021995155,6.377974644123241,21.0,0,-0.3252040219951553,21.295896100317023,20.5,21.5
872.0,21.016415843494244,21.32227406950331,6.37923908747134,21.0,0,-0.3222740695033117,21.292974544584876,20.5,21.5
873.0,21.01348840814304,21.319344956310005,6.380502480468874,21.0,0,-0.3193449563100046,21.290053824376933,20.5,21.5
874.0,21.010561810957505,21.31641668203769,6.381764822153716,21.0,0,-0.3164166820376906,21.28713393931455,20.5,21.5
875.0,21.007636051559743,21.31348924630871,6.383026111564538,21.0,0,-0.3134892463087091,21.284214889018894,20.5,21.5
876.0,21.004711129571742,21.31056264874528,6.384286347740813,21.0,0,-0.31056264874527884,21.281296673110976,20.5,21.5
877.0,21.001787044615376,21.307636888969505,6.385545529722816,21.0,0,-0.3076368889695047,21.278379291211763,20.5,21.5
878.0,20.9988637963124,21.304711966603378,6.386803656551626,21.0,0,-0.30471196660337796,21.27546274294211,20.5,21.5
879.0,20.995941384284446,21.301787881268766,6.3880607272691226,21.0,0,-0.30178788126876555,21.27254702792264,20.5,21.5
880.0,20.993019808153043,21.298864632587428,6.3893167409179945,21.0,0,-0.2988646325874278,21.26963214577405,20.5,21.5
881.0,20.990099067539596,21.295942220180997,6.3905716965417305,21.0,0,-0.29594222018099714,21.26671809611669,20.5,21.5
882.0,20.987179162065395,21.293020643671003,6.391825593184628,21.0,0,-0.293020643671003,21.26380487857106,20.5,21.5
883.0,20.98426009135162,21.290099902678847,6.393078429891791,21.0,0,-0.2900999026788469,21.260892492757286,20.5,21.5
884.0,20.981341855019327,21.287179996825824,6.394330205709129,21.0,0,-0.28717999682582374,21.257980938295592,20.5,21.5
885.0,20.978424452689463,21.284260925733108,6.39558091968336,21.0,0,-0.2842609257331077,21.255070214805947,20.5,21.5
886.0,20.97550788398286,21.28134268902176,6.3968305708620115,21.0,0,-0.2813426890217592,21.252160321908274,20.5,21.5
887.0,20.972592148520235,21.278425286312725,6.39807915829342,21.0,0,-0.278425286312725,21.249251259222383,20.5,21.5
888.0,20.96967724592219,21.275508717226835,6.39932668102673,21.0,0,-0.2755087172268347,21.24634302636793,20.5,21.5
889.0,20.96676317580921,21.272592981384815,6.400573138111902,21.0,0,-0.2725929813848147,21.243435622964615,20.5,21.5
890.0,20.96384993780167,21.269678078407257,6.401818528599701,21.0,0,-0.26967807840725655,21.240529048631675,20.5,21.5
891.0,20.96093753151983,21.266764007914652,6.403062851541711,21.0,0,-0.26676400791465227,21.23762330298861,20.5,21.5
892.0,20.958025956583832,21.263850769527373,6.404306105990325,21.0,0,-0.2638507695273731,21.23471838565458,20.5,21.5
893.0,20.955115212613713,21.260938362865677,6.40554829099875,21.0,0,-0.2609383628656765,21.23181429624871,20.5,21.5
894.0,20.95220529922939,21.25802678754971,6.406789405621008,21.0,0,-0.25802678754971,21.228911034390045,20.5,21.5
895.0,20.94929621605067,21.25511604319951,6.408029448911937,21.0,0,-0.25511604319951076,21.22600859969752,20.5,21.5
896.0,20.94638796269724,21.25220612943499,6.409268419927189,21.0,0,-0.25220612943499177,21.223106991789802,20.5,21.5
897.0,20.943480538788688,21.249297045875963,6.410506317723235,21.0,0,-0.2492970458759629,21.220206210285674,20.5,21.5
898.0,20.940573943944475,21.246388792142117,6.411743141357362,21.0,0,-0.24638879214211684,21.217306254803656,20.5,21.5
899.0,20.93766817778396,21.24348136785303,6.412978889887674,21.0,0,-0.24348136785302898,21.21440712496215,20.5,21.5
900.0,20.93476323992638,21.24057477262817,6.414213562373095,21.0,0,-0.24057477262817173,21.2115088203796,20.5,21.5
901.0,20.93185912999087,21.237669006086897,6.415447157873368,21.0,0,-0.23766900608689667,21.208611340674146,20.5,21.5
902.0,20.928955847596445,21.234764067848452,6.416679675449058,21.0,0,-0.23476406784845238,21.20571468546401,20.5,21.5
903.0,20.926053392362014,21.23185995753196,6.417911114161547,21.0,0,-0.23185995753195954,21.20281885436703,20.5,21.5
904.0,20.923151763906375,21.22895667475644,6.419141473073042,21.0,0,-0.22895667475643933,21.199923847001237,20.5,21.5
905.0,20.920250961848208,21.226054219140806,6.420370751246571,21.0,0,-0.22605421914080637,21.197029662984477,20.5,21.5
906.0,20.917350985806088,21.22315259030385,6.421598947745985,21.0,0,-0.22315259030385093,21.194136301934297,20.5,21.5
907.0,20.914451835398477,21.22025178786426,6.422826061635959,21.0,0,-0.22025178786426025,21.191243763468353,20.5,21.5
908.0,20.911553510243724,21.2173518114406,6.424052091981993,21.0,0,-0.21735181144060078,21.188352047204006,20.5,21.5
909.0,20.908656009960072,21.21445266065134,6.425277037850411,21.0,0,-0.2144526606513395,21.185461152758727,20.5,21.5
910.0,20.90575933416565,21.21155433511483,6.426500898308364,21.0,0,-0.21155433511482968,21.18257107974973,20.5,21.5
911.0,20.90286348247848,21.208656834449307,6.427723672423827,21.0,0,-0.20865683444930738,21.179681827794084,20.5,21.5
912.0,20.89996845451647,21.205760158272902,6.428945359265606,21.0,0,-0.20576015827290206,21.17679339650885,20.5,21.5
913.0,20.89707424989742,21.20286430620364,6.430165957903335,21.0,0,-0.20286430620364015,21.17390578551102,20.5,21.5
914.0,20.89418086823902,21.19996927785943,6.4313854674074715,21.0,0,-0.19996927785943086,21.171018994417338,20.5,21.5
915.0,20.891288309158853,21.19707507285807,6.432603886849308,21.0,0,-0.1970750728580697,21.168133022844458,20.5,21.5
916.0,20.88839657227439,21.194181690817253,6.4338212153009655,21.0,0,-0.19418169081725267,21.165247870409083,20.5,21.5
917.0,20.885505657202998,21.19128913135456,6.435037451835394,21.0,0,-0.1912891313545586,21.162363536727618,20.5,21.5
918.0,20.882615563561924,21.188397394087463,6.436252595526378,21.0,0,-0.18839739408746325,21.15948002141651,20.5,21.5
919.0,20.879726290968318,21.18550647863332,6.437466645448531,21.0,0,-0.1855064786333216,21.156597324091905,20.5,21.5
920.0,20.876837839039215,21.182616384609396,6.438679600677302,21.0,0,-0.18261638460939622,21.153715444370143,20.5,21.5
921.0,20.87395020739154,21.179727111632825,6.439891460288973,21.0,0,-0.1797271116328254,21.150834381867117,20.5,21.5
922.0,20.87106339564212,21.17683865932065,6.4411022233606605,21.0,0,-0.17683865932065146,21.147954136198912,20.5,21.5
923.0,20.868177403407664,21.1739510272898,6.442311888970315,21.0,0,-0.1739510272897995,21.14507470698128,20.5,21.5
924.0,20.865292230304778,21.171064215157095,6.443520456196724,21.0,0,-0.17106421515709513,21.14219609383005,20.5,21.5
925.0,20.862407875949955,21.16817822253924,6.444727924119511,21.0,0,-0.16817822253923964,21.139318296360685,20.5,21.5
926.0,20.859524339959588,21.16529304905285,6.445934291819136,21.0,0,-0.16529304905284903,21.136441314188943,20.5,21.5
927.0,20.85664162194996,21.162408694314415,6.4471395583768984,21.0,0,-0.16240869431441496,21.133565146930074,20.5,21.5
928.0,20.853759721537248,21.159525157940333,6.4483437228749345,21.0,0,-0.15952515794033317,21.130689794199515,20.5,21.5
929.0,20.850878638337516,21.15664243954688,6.4495467843962215,21.0,0,-0.15664243954687862,21.127815255612333,20.5,21.5
930.0,20.847998371966728,21.153760538750237,6.450748742024575,21.0,0,-0.15376053875023743,21.124941530783826,20.5,21.5
931.0,20.84511892204074,21.150879455166468,6.451949594844653,21.0,0,-0.15087945516646784,21.122068619328772,20.5,21.5
932.0,20.8422402881753,21.147999188411536,6.453149341941952,21.0,0,-0.1479991884115357,21.119196520862214,20.5,21.5
933.0,20.839362469986053,21.145119738101293,6.454347982402814,21.0,0,-0.1451197381012932,21.116325234998868,20.5,21.5
934.0,20.836485467088536,21.142241103851497,6.455545515314421,21.0,0,-0.14224110385149658,21.11345476135353,20.5,21.5
935.0,20.83360927909818,21.13936328527779,6.4567419397648,21.0,0,-0.1393632852777884,21.110585099540707,20.5,21.5
936.0,20.830733905630314,21.136486281995705,6.4579372548428235,21.0,0,-0.13648628199570467,21.107716249174867,20.5,21.5
937.0,20.82785934630016,21.133610093620675,6.459131459638204,21.0,0,-0.13361009362067477,21.104848209870376,20.5,21.5
938.0,20.824985600722826,21.13073471976803,6.460324553241504,21.0,0,-0.13073471976802864,21.101980981241567,20.5,21.5
939.0,20.82211266851333,21.12786016005299,6.461516534744132,21.0,0,-0.1278601600529896,21.0991145629026,20.5,21.5
940.0,20.819240549286576,21.124986414090667,6.4627074032383405,21.0,0,-0.12498641409066735,21.096248954467445,20.5,21.5
941.0,20.816369242657366,21.12211348149608,6.463897157817232,21.0,0,-0.12211348149607915,21.093384155550197,20.5,21.5
942.0,20.8134987482404,21.11924136188413,6.4650857975747575,21.0,0,-0.1192413618841286,21.090520165764623,20.5,21.5
943.0,20.810629065650264,21.116370054869616,6.466273321605715,21.0,0,-0.11637005486961627,21.087656984724493,20.5,21.5
944.0,20.807760194501455,21.113499560067243,6.4674597290057525,21.0,0,-0.11349956006724327,21.084794612043513,20.5,21.5
945.0,20.804892134408355,21.1106298770916,6.468645018871371,21.0,0,-0.11062987709160055,21.081933047335173,20.5,21.5
946.0,20.802024884985247,21.107761005557172,6.46982919029992,21.0,0,-0.1077610055571725,21.079072290212892,20.5,21.5
947.0,20.79915844584631,21.104892945078355,6.471012242389601,21.0,0,-0.10489294507835467,21.076212340290176,20.5,21.5
948.0,20.796292816605618,21.102025695269425,6.472194174239469,21.0,0,-0.1020256952694254,21.073353197180133,20.5,21.5
949.0,20.793427996877146,21.099159255744564,6.47337498494943,21.0,0,-0.09915925574456352,21.070494860495945,20.5,21.5
950.0,20.79056398627476,21.096293626117845,6.474554673620248,21.0,0,-0.09629362611784487,21.06763732985066,20.5,21.5
951.0,20.787700784412227,21.093428806003242,6.475733239353537,21.0,0,-0.09342880600324222,21.064780604857216,20.5,21.5
952.0,20.784838390903214,21.090564795014622,6.476910681251767,21.0,0,-0.09056479501462178,21.061924685128417,20.5,21.5
953.0,20.781976805361285,21.087701592765757,6.478086998418267,21.0,0,-0.0877015927657574,21.059069570277114,20.5,21.5
954.0,20.779116027399898,21.084839198870306,6.479262189957219,21.0,0,-0.08483919887030567,21.05621525991579,20.5,21.5
955.0,20.77625605663241,21.081977612941834,6.4804362549736645,21.0,0,-0.08197761294183437,21.05336175365712,20.5,21.5
956.0,20.77339689267208,21.079116834593805,6.4816091925735,21.0,0,-0.0791168345938047,21.050509051113508,20.5,21.5
957.0,20.770538535132058,21.076256863439575,6.482781001863485,21.0,0,-0.07625686343957483,21.047657151897276,20.5,21.5
958.0,20.767680983625404,21.073397699092396,6.483951681951233,21.0,0,-0.07339769909239635,21.04480605562061,20.5,21.5
959.0,20.76482423776507,21.070539341165432,6.485121231945222,21.0,0,-0.07053934116543203,21.04195576189579,20.5,21.5
960.0,20.761968297163904,21.067681789271727,6.486289650954788,21.0,0,-0.06768178927172741,21.03910627033468,20.5,21.5
961.0,20.759113161434662,21.064825043024246,6.487456938090131,21.0,0,-0.0648250430242463,21.036257580549435,20.5,21.5
962.0,20.756258830189992,21.06196910203583,6.4886230924623085,21.0,0,-0.061969102035831725,21.033409692151686,20.5,21.5
963.0,20.753405303042445,21.05911396591924,6.489788113183244,21.0,0,-0.05911396591924145,21.03056260475334,20.5,21.5
964.0,20.750552579604474,21.056259634287123,6.490951999365724,21.0,0,-0.056259634287123106,21.02771631796594,20.5,21.5
965.0,20.747700659488427,21.05340610675203,6.492114750123399,21.0,0,-0.05340610675202839,21.02487083140108,20.5,21.5
966.0,20.744849542306554,21.050553382926402,6.493276364570782,21.0,0,-0.050553382926402435,21.022026144670143,20.5,21.5
967.0,20.741999227671005,21.047701462422605,6.494436841823255,21.0,0,-0.04770146242260509,21.01918225738463,20.5,21.5
968.0,20.739149715193836,21.044850344852886,6.4955961809970635,21.0,0,-0.04485034485288608,21.016339169155696,20.5,21.5
969.0,20.736301004486997,21.042000029829392,6.49675438120932,21.0,0,-0.042000029829392105,21.013496879594452,20.5,21.5
970.0,20.733453095162343,21.039150516964177,6.497911441578005,21.0,0,-0.039150516964177484,21.01065538831203,20.5,21.5
971.0,20.730605986831627,21.036301805869194,6.499067361221965,21.0,0,-0.036301805869193515,21.007814694919354,20.5,21.5
972.0,20.727759679106505,21.033453896156296,6.500222139260919,21.0,0,-0.03345389615629557,21.004974799027316,20.5,21.5
973.0,20.724914171598535,21.030606787437232,6.501375774815453,21.0,0,-0.03060678743723244,21.0021357002466,20.5,21.5
974.0,20.722069463919176,21.027760479323668,6.502528267007023,21.0,0,-0.027760479323667653,20.99929739818802,20.5,21.5
975.0,20.719225555679795,21.024914971427158,6.503679614957955,21.0,0,-0.02491497142715815,20.996459892462063,20.5,21.5
976.0,20.71638244649165,21.02207026335916,6.504829817791449,21.0,0,-0.0220702633591614,20.993623182679194,20.5,21.5
977.0,20.71354013596591,21.019226354731043,6.505978874631575,21.0,0,-0.019226354731042505,20.990787268449854,20.5,21.5
978.0,20.710698623713643,21.016383245154067,6.507126784603276,21.0,0,-0.016383245154067083,20.987952149384313,20.5,21.5
979.0,20.707857909345822,21.013540934239394,6.508273546832369,21.0,0,-0.013540934239394176,20.985117825092665,20.5,21.5
980.0,20.70501799247332,21.0106994215981,6.509419160445544,21.0,0,-0.010699421598101111,20.98228429518517,20.5,21.5
981.0,20.702178872706913,21.007858706841155,6.510563624570367,21.0,0,-0.007858706841155083,20.979451559271695,20.5,21.5
982.0,20.699340549657286,21.00501878957943,6.511706938335279,21.0,0,-0.005018789579430916,20.97661961696219,20.5,21.5
983.0,20.696503022935023,21.002179669423708,6.512849100869596,21.0,0,-0.0021796694237075087,20.973788467866473,20.5,21.5
984.0,20.69366629215061,20.999341345984664,6.513990111303513,21.0,0,0.0006586540153357134,20.970958111594232,20.5,21.5
985.0,20.69083035691444,20.99650381887289,6.515129968768099,21.0,0,0.003496181127111697,20.96812854775513,20.5,21.5
986.0,20.68799521683681,20.993667087698867,6.516268672395304,21.0,0,0.006332912301132865,20.965299775958655,20.5,21.5
987.0,20.685160871527923,20.990831152072992,6.517406221317956,21.0,0,0.009168847927007562,20.962471795814245,20.5,21.5
988.0,20.68232732059788,20.987996011605567,6.518542614669761,21.0,0,0.012003988394432952,20.959644606931313,20.5,21.5
989.0,20.679494563656696,20.985161665906784,6.519677851585308,21.0,0,0.014838334093216332,20.95681820891895,20.5,21.5
990.0,20.676662600314284,20.982328114586753,6.520811931200062,21.0,0,0.017671885413246713,20.95399260138645,20.5,21.5
991.0,20.67383143018046,20.97949535725548,6.521944852650374,21.0,0,0.020504642744519685,20.95116778394275,20.5,21.5
992.0,20.671001052864955,20.97666339352289,6.523076615073474,21.0,0,0.023336606477109,20.948343756196998,20.5,21.5
993.0,20.6681714679774,20.973832222998794,6.524207217607476,21.0,0,0.02616777700120565,20.945520517757828,20.5,21.5
994.0,20.665342675127324,20.971001845292918,6.525336659391376,21.0,0,0.028998154707082335,20.94269806823415,20.5,21.5
995.0,20.662514673924175,20.968172260014896,6.526464939565058,21.0,0,0.03182773998510413,20.939876407234678,20.5,21.5
996.0,20.659687463977303,20.965343466774264,6.527592057269285,21.0,0,0.034656533225735586,20.93705553436795,20.5,21.5
997.0,20.65686104489596,20.962515465180466,6.528718011645708,21.0,0,0.03748453481953362,20.934235449242486,20.5,21.5
998.0,20.65403541628931,20.959688254842852,6.529842801836864,21.0,0,0.04031174515714753,20.931416151466713,20.5,21.5
999.0,20.65121057776642,20.95686183537067,6.5309664269861765,21.0,0,0.04313816462932962,20.92859764064885,20.5,21.5
1000.0,20.648386528936264,20.95403620637309,6.532088886237956,21.0,0,0.04596379362691039,20.925779916397282,20.5,21.5
1001.0,20.645563269407724,20.951211367459173,6.533210178737401,21.0,0,0.04878863254082688,20.922962978320008,20.5,21.5
1002.0,20.64274079878959,20.9483873182379,6.534330303630599,21.0,0,0.05161268176210143,20.920146826025153,20.5,21.5
1003.0,20.639919116690557,20.945564058318148,6.535449260064525,21.0,0,0.054435941681852285,20.91733145912064,20.5,21.5
1004.0,20.63709822271923,20.94274158730871,6.536567047187047,21.0,0,0.05725841269129006,20.914516877214332,20.5,21.5
1005.0,20.634278116484126,20.939919904818282,6.537683664146919,21.0,0,0.06008009518171775,20.911703079914005,20.5,21.5
1006.0,20.63145879759366,20.93709901045547,6.53879911009379,21.0,0,0.06290098954453072,20.90889006682734,20.5,21.5
1007.0,20.62864026565616,20.934278903828783,6.539913384178199,21.0,0,0.06572109617121669,20.906077837561924,20.5,21.5
1008.0,20.625822520279865,20.931459584546644,6.541026485551578,21.0,0,0.06854041545335576,20.903266391725253,20.5,21.5
1009.0,20.62300556107292,20.928641052217383,6.542138413366253,21.0,0,0.07135894778261687,20.900455728924772,20.5,21.5
1010.0,20.62018938764338,20.925823306449235,6.54324916677544,21.0,0,0.07417669355076484,20.897645848767755,20.5,21.5
1011.0,20.617373999599206,20.923006346850343,6.544358744933254,21.0,0,0.0769936531496569,20.894836750861423,20.5,21.5
1012.0,20.614559396548273,20.920190173028764,6.545467146994702,21.0,0,0.07980982697123551,20.89202843481298,20.5,21.5
1013.0,20.61174557809836,20.917374784592464,6.546574372115688,21.0,0,0.08262521540753553,20.889220900229464,20.5,21.5
1014.0,20.608932543857165,20.914560181149312,6.5476804194530125,21.0,0,0.08543981885068774,20.88641414671779,20.5,21.5
1015.0,20.606120293432284,20.911746362307092,6.548785288164371,21.0,0,0.08825363769290817,20.883608173884888,20.5,21.5
1016.0,20.60330882643123,20.9089333276735,6.54988897740836,21.0,0,0.09106667232650167,20.880802981337563,20.5,21.5
1017.0,20.600498142461426,20.90612107685613,6.5509914863444685,21.0,0,0.09387892314386903,20.877998568682457,20.5,21.5
1018.0,20.597688241130204,20.903309609462497,6.552092814133092,21.0,0,0.09669039053750339,20.875194935526153,20.5,21.5
1019.0,20.594879122044805,20.900498925100027,6.553192959935519,21.0,0,0.09950107489997251,20.872392081475336,20.5,21.5
1020.0,20.592070784812382,20.897689023376046,6.554291922913942,21.0,0,0.10231097662395428,20.869590006136228,20.5,21.5
1021.0,20.589263229040004,20.894879903897802,6.555389702231452,21.0,0,0.10512009610219764,20.86678870911537,20.5,21.5
1022.0,20.58645645433464,20.892071566272442,6.556486297052042,21.0,0,0.10792843372755812,20.863988190018837,20.5,21.5
1023.0,20.583650460303186,20.88926401010704,6.557581706540608,21.0,0,0.11073598989295874,20.861188448453035,20.5,21.5
1024.0,20.580845246552435,20.886457235008567,6.5586759298629485,21.0,0,0.11354276499143268,20.858389484023828,20.5,21.5
1025.0,20.578040812689096,20.88365124058391,6.559768966185763,21.0,0,0.11634875941609124,20.855591296337323,20.5,21.5
1026.0,20.575237158319794,20.880846026439865,6.560860814676659,21.0,0,0.11915397356013457,20.852793884999432,20.5,21.5
1027.0,20.572434283051066,20.87804159218315,6.561951474504146,21.0,0,0.12195840781685163,20.849997249615978,20.5,21.5
1028.0,20.569632186489358,20.875237937420383,6.5630409448376374,21.0,0,0.12476206257961664,20.847201389792733,20.5,21.5
1029.0,20.566830868241027,20.8724350617581,6.564129224847456,21.0,0,0.12756493824189974,20.84440630513527,20.5,21.5
1030.0,20.56403032791235,20.86963296480275,6.565216313704828,21.0,0,0.13036703519724924,20.841611995249256,20.5,21.5
1031.0,20.561230565109508,20.866831646160694,6.566302210581888,21.0,0,0.1331683538393058,20.83881845974013,20.5,21.5
1032.0,20.5584315794386,20.8640311054382,6.56738691465168,21.0,0,0.13596889456179895,20.83602569821327,20.5,21.5
1033.0,20.555633370505642,20.86123134224146,6.568470425088152,21.0,0,0.13876865775853986,20.83323371027405,20.5,21.5
1034.0,20.55283593791656,20.858432356176568,6.569552741066166,21.0,0,0.14156764382343212,20.830442495527645,20.5,21.5
1035.0,20.55003928127719,20.855634146849535,6.57063386176149,21.0,0,0.14436585315046457,20.82765205357921,20.5,21.5
1036.0,20.547243400193288,20.852836713866292,6.571713786350804,21.0,0,0.14716328613370777,20.82486238403386,20.5,21.5
1037.0,20.54444829427052,20.850040056832675,6.572792514011698,21.0,0,0.14995994316732464,20.822073486496507,20.5,21.5
1038.0,20.541653963114467,20.84724417535444,6.573870043922675,21.0,0,0.1527558246455598,20.81928536057209,20.5,21.5
1039.0,20.538860406330627,20.844449069037257,6.574946375263147,21.0,0,0.1555509309627432,20.816498005865423,20.5,21.5
1040.0,20.536067623524414,20.8416547374867,6.576021507213444,21.0,0,0.1583452625133006,20.813711421981125,20.5,21.5
1041.0,20.53327561430115,20.83886118030827,6.577095438954804,21.0,0,0.16113881969172894,20.810925608523988,20.5,21.5
1042.0,20.53048437826608,20.836068397107383,6.5781681696693814,21.0,0,0.16393160289261743,20.808140565098498,20.5,21.5
1043.0,20.52769391502436,20.833276387489363,6.5792396985402455,21.0,0,0.16672361251063705,20.805356291309167,20.5,21.5
1044.0,20.524904224181064,20.830485151059452,6.58031002475138,21.0,0,0.16951484894054758,20.802572786760347,20.5,21.5
1045.0,20.522115305341178,20.827694687422806,6.581379147487686,21.0,0,0.17230531257719406,20.79979005105634,20.5,21.5
1046.0,20.519327158109608,20.824904996184493,6.58244706593498,21.0,0,0.1750950038155068,20.797008083801366,20.5,21.5
1047.0,20.516539782091172,20.822116076949513,6.583513779279994,21.0,0,0.17788392305048717,20.79422688459971,20.5,21.5
1048.0,20.51375317689061,20.819327929322764,6.584579286710381,21.0,0,0.180672070677236,20.791446453055276,20.5,21.5
1049.0,20.510967342112576,20.816540552909068,6.58564358741471,21.0,0,0.18345944709093231,20.788666788772105,20.5,21.5
1050.0,20.508182277361637,20.81375394731316,6.58670668058247,21.0,0,0.18624605268684036,20.78588789135408,20.5,21.5
1051.0,20.505397982242282,20.810968112139694,6.587768565404069,21.0,0,0.1890318878603061,20.783109760405036,20.5,21.5
1052.0,20.502614456358916,20.808183046993243,6.588829241070837,21.0,0,0.19181695300675727,20.78033239552873,20.5,21.5
1053.0,20.49983169931586,20.805398751478293,6.58988870677502,21.0,0,0.1946012485217068,20.777555796328798,20.5,21.5
1054.0,20.497049710717352,20.802615225199247,6.5909469617097916,21.0,0,0.1973847748007529,20.774779962408786,20.5,21.5
1055.0,20.49426849016755,20.79983246776043,6.592004005069244,21.0,0,0.2001675322395684,20.772004893372277,20.5,21.5
1056.0,20.49148803727053,20.797050478766078,6.5930598360483925,21.0,0,0.20294952123392207,20.76923058882254,20.5,21.5
1057.0,20.488708351630283,20.79426925782035,6.594114453843176,21.0,0,0.20573074217965015,20.76645704836307,20.5,21.5
1058.0,20.485929432850725,20.791488804527322,6.595167857650457,21.0,0,0.2085111954726777,20.763684271597047,20.5,21.5
1059.0,20.483151280535683,20.78870911849099,6.596220046668023,21.0,0,0.21129088150901154,20.76091225812765,20.5,21.5
1060.0,20.48037389428891,20.78593019931526,6.597271020094586,21.0,0,0.21406980068474013,20.758141007557974,20.5,21.5
1061.0,20.47759727371407,20.783152046603966,6.598320777129784,21.0,0,0.2168479533960337,20.75537051949103,20.5,21.5
1062.0,20.474821418414756,20.780374659960863,6.599369316974181,21.0,0,0.21962534003913703,20.75260079352983,20.5,21.5
1063.0,20.472046327994466,20.777598038989616,6.6004166388292695,21.0,0,0.2224019610103838,20.74983182927715,20.5,21.5
1064.0,20.469272002056634,20.774822183293804,6.601462741897467,21.0,0,0.2251778167061964,20.747063626335677,20.5,21.5
1065.0,20.466498440204603,20.772047092476942,6.602507625382121,21.0,0,0.22795290752305775,20.74429618430833,20.5,21.5
1066.0,20.463725642041638,20.769272766142457,6.603551288487508,21.0,0,0.230727233857543,20.741529502797604,20.5,21.5
1067.0,20.46095360717093,20.76649920389369,6.6045937304188325,21.0,0,0.23350079610630914,20.73876358140603,20.5,21.5
1068.0,20.458182335195577,20.76372640533391,6.605634950382229,21.0,0,0.2362735946660912,20.735998419736088,20.5,21.5
1069.0,20.455411825718613,20.760954370066305,6.606674947584764,21.0,0,0.23904562993369538,20.733234017390263,20.5,21.5
1070.0,20.452642078342986,20.75818309769398,6.607713721234434,21.0,0,0.24181690230602015,20.730470373970732,20.5,21.5
1071.0,20.449873092671563,20.75541258781997,6.608751270540169,21.0,0,0.24458741218003155,20.727707489079854,20.5,21.5
1072.0,20.447104868307136,20.75264284004721,6.609787594711828,21.0,0,0.2473571599527915,20.72494536231961,20.5,21.5
1073.0,20.444337404852416,20.749873853978574,6.610822692960206,21.0,0,0.2501261460214259,20.72218399329223,20.5,21.5
1074.0,20.441570701910038,20.747105629216858,6.611856564497032,21.0,0,0.25289437078314236,20.719423381599693,20.5,21.5
1075.0,20.438804759082554,20.744338165364773,6.612889208534965,21.0,0,0.2556618346352266,20.71666352684393,20.5,21.5
1076.0,20.436039575972444,20.741571462024947,6.613920624287604,21.0,0,0.2584285379750533,20.71390442862668,20.5,21.5
1077.0,20.43327515218211,20.738805518799943,6.6149508109694795,21.0,0,0.2611944812000573,20.711146086549903,20.5,21.5
1078.0,20.430511487313865,20.736040335292234,6.615979767796061,21.0,0,0.263959664707766,20.708388500215147,20.5,21.5
1079.0,20.42774858096996,20.73327591110422,6.617007493983752,21.0,0,0.26672408889578136,20.705631669224065,20.5,21.5
1080.0,20.424986432752565,20.73051224583822,6.618033988749895,21.0,0,0.26948775416177995,20.702875593178234,20.5,21.5
1081.0,20.422225042263765,20.727749339096484,6.619059251312769,21.0,0,0.27225066090351646,20.70012027167912,20.5,21.5
1082.0,20.419464409105576,20.72498719048118,6.620083280891592,21.0,0,0.27501280951882023,20.697365704328142,20.5,21.5
1083.0,20.416704532879933,20.722225799594394,6.621106076706521,21.0,0,0.27777420040560585,20.694611890726538,20.5,21.5
1084.0,20.4139454131887,20.71946516603814,6.622127637978653,21.0,0,0.28053483396185896,20.69185883047561,20.5,21.5
1085.0,20.411187049633657,20.716705289414364,6.623147963930025,21.0,0,0.28329471058563627,20.68910652317659,20.5,21.5
1086.0,20.408429441816516,20.713946169324913,6.624167053783612,21.0,0,0.28605383067508683,20.686354968430408,20.5,21.5
1087.0,20.40567258933891,20.711187805371583,6.6251849067633355,21.0,0,0.28881219462841656,20.683604165838286,20.5,21.5
1088.0,20.402916491802394,20.708430197156076,6.626201522094055,21.0,0,0.29156980284392375,20.680854115001004,20.5,21.5
1089.0,20.40016114880845,20.705673344280026,6.627216899001574,21.0,0,0.2943266557199742,20.67810481551952,20.5,21.5
1090.0,20.39740655995849,20.70291724634499,6.628231036712639,21.0,0,0.29708275365500825,20.67535626699465,20.5,21.5
1091.0,20.39465272485384,20.700161902952456,6.629243934454938,21.0,0,0.2998380970475445,20.672608469027093,20.5,21.5
1092.0,20.391899643095762,20.697407313703827,6.630255591457108,21.0,0,0.30259268629617253,20.669861421217547,20.5,21.5
1093.0,20.389147314285434,20.694653478200433,6.631266006948728,21.0,0,0.3053465217995672,20.667115123166486,20.5,21.5
1094.0,20.386395738023968,20.69190039604354,6.63227518016032,21.0,0,0.3080996039564603,20.66436957447461,20.5,21.5
1095.0,20.383644913912395,20.68914806683432,6.633283110323358,21.0,0,0.3108519331656794,20.66162477474213,20.5,21.5
1096.0,20.380894841551676,20.686396490173887,6.634289796670257,21.0,0,0.3136035098261125,20.658880723569556,20.5,21.5
1097.0,20.3781455205427,20.683645665663274,6.635295238434383,21.0,0,0.3163543343367259,20.65613742055714,20.5,21.5
1098.0,20.375396950486277,20.680895592903443,6.636299434850047,21.0,0,0.31910440709655674,20.653394865305135,20.5,21.5
1099.0,20.37264913098315,20.67814627149528,6.637302385152511,21.0,0,0.3218537285047205,20.650653057413642,20.5,21.5
1100.0,20.369902061633983,20.6753977010396,6.638304088577984,21.0,0,0.32460229896040005,20.647911996482804,20.5,21.5
1101.0,20.367155742039373,20.67264988113714,6.639304544363625,21.0,0,0.32735011886286003,20.64517168211254,20.5,21.5
1102.0,20.364410171799836,20.669902811388567,6.640303751747544,21.0,0,0.33009718861143256,20.642432113902842,20.5,21.5
1103.0,20.361665350515825,20.667156491394476,6.641301709968801,21.0,0,0.33284350860552436,20.639693291453558,20.5,21.5
1104.0,20.358921277787715,20.66441092075539,6.6422984182674085,21.0,0,0.3355890792446097,20.636955214364537,20.5,21.5
1105.0,20.356177953215813,20.661666099071756,6.643293875884327,21.0,0,0.33833390092824445,20.634217882235408,20.5,21.5
1106.0,20.353435376400345,20.65892202594395,6.6442880820614745,21.0,0,0.34107797405604856,20.63148129466591,20.5,21.5
1107.0,20.35069354694148,20.656178700972283,6.64528103604172,21.0,0,0.3438212990277165,20.628745451255604,20.5,21.5
1108.0,20.3479524644393,20.65343612375698,6.646272737068884,21.0,0,0.346563876243021,20.626010351603934,20.5,21.5
1109.0,20.345212128493824,20.6506942938982,6.647263184387744,21.0,0,0.34930570610179856,20.623275995310426,20.5,21.5
1110.0,20.342472538705003,20.64795321099604,6.648252377244031,21.0,0,0.35204678900396047,20.62054238197442,20.5,21.5
1111.0,20.33973369467271,20.645212874650515,6.649240314884432,21.0,0,0.3547871253494854,20.617809511195265,20.5,21.5
1112.0,20.33699559599675,20.642473284461566,6.65022699655659,21.0,0,0.35752671553843385,20.615077382572082,20.5,21.5
1113.0,20.334258242276864,20.63973444002908,6.651212421509103,21.0,0,0.36026555997091947,20.612345995704224,20.5,21.5
1114.0,20.33152163311271,20.63699634095286,6.6521965889915275,21.0,0,0.36300365904714127,20.60961535019064,20.5,21.5
1115.0,20.328785768103888,20.634258986832638,6.653179498254377,21.0,0,0.3657410131673622,20.60688544563043,20.5,21.5
1116.0,20.326050646849918,20.631522377268077,6.654161148549123,21.0,0,0.3684776227319233,20.604156281622465,20.5,21.5
1117.0,20.323316268950258,20.62878651185878,6.655141539128198,21.0,0,0.371213488141219,20.601427857765824,20.5,21.5
1118.0,20.320582634004293,20.626051390204264,6.656120669244989,21.0,0,0.3739486097957361,20.598700173659093,20.5,21.5
1119.0,20.31784974161134,20.62331701190399,6.657098538153847,21.0,0,0.376682988096011,20.59597322890124,20.5,21.5
1120.0,20.315117591370647,20.62058337655734,6.658075145110083,21.0,0,0.37941662344265836,20.593247023090868,20.5,21.5
1121.0,20.312386182881394,20.617850483763636,6.659050489369968,21.0,0,0.38214951623636395,20.59052155582658,20.5,21.5
1122.0,20.30965551574269,20.61511833312212,6.6600245701907355,21.0,0,0.38488166687788095,20.58779682670695,20.5,21.5
1123.0,20.30692558955358,20.612386924231977,6.660997386830578,21.0,0,0.38761307576802295,20.585072835330557,20.5,21.5
1124.0,20.304196403913036,20.60965625669232,6.6619689385486565,21.0,0,0.39034374330768173,20.58234958129573,20.5,21.5
1125.0,20.301467958419963,20.60692633010218,6.662939224605091,21.0,0,0.3930736698978201,20.579627064200796,20.5,21.5
1126.0,20.2987402526732,20.604197144060542,6.663908244260965,21.0,0,0.39580285593945774,20.576905283644166,20.5,21.5
1127.0,20.296013286271517,20.601468698166308,6.6648759967783295,21.0,0,0.39853130183369245,20.57418423922396,20.5,21.5
1128.0,20.29328705881362,20.598740992018314,6.665842481420199,21.0,0,0.401259007981686,20.57146393053838,20.5,21.5
1129.0,20.290561569898138,20.596014025215332,6.666807697450553,21.0,0,0.4039859747846677,20.568744357185516,20.5,21.5
1130.0,20.287836819123648,20.593287797356073,6.667771644134336,21.0,0,0.40671220264392716,20.566025518763478,20.5,21.5
1131.0,20.285112806088648,20.59056230803916,6.668734320737463,21.0,0,0.40943769196083935,20.56330741487004,20.5,21.5
1132.0,20.282389530391576,20.587837556863175,6.669695726526813,21.0,0,0.4121624431368254,20.560590045103314,20.5,21.5
1133.0,20.279666991630805,20.585113543426612,6.670655860770234,21.0,0,0.4148864565733881,20.557873409060985,20.5,21.5
1134.0,20.276945189404632,20.582390267327913,6.671614722736541,21.0,0,0.4176097326720871,20.555157506340922,20.5,21.5
1135.0,20.2742241233113,20.57966772816544,6.672572311695519,21.0,0,0.42033227183456034,20.552442336540707,20.5,21.5
1136.0,20.271503792948977,20.57694592553751,6.673528626917923,21.0,0,0.42305407446249177,20.549727899258194,20.5,21.5
1137.0,20.26878419791577,20.574224859042346,6.674483667675478,21.0,0,0.42577514095765423,20.54701419409072,20.5,21.5
1138.0,20.266065337809724,20.571504528278133,6.6754374332408775,21.0,0,0.42849547172186675,20.544301220636008,20.5,21.5
1139.0,20.263347212228812,20.56878493284297,6.676389922887788,21.0,0,0.43121506715703006,20.541588978491337,20.5,21.5
1140.0,20.260629820770944,20.5660660723349,6.677341135890848,21.0,0,0.43393392766510175,20.53887746725418,20.5,21.5
1141.0,20.25791316303397,20.5633479463519,6.678291071525667,21.0,0,0.4366520536480998,20.53616668652192,20.5,21.5
1142.0,20.25519723861567,20.56063055449188,6.679239729068827,21.0,0,0.4393694455081203,20.533456635891675,20.5,21.5
1143.0,20.25248204711376,20.557913896352687,6.680187107797884,21.0,0,0.4420861036473127,20.530747314960763,20.5,21.5
1144.0,20.249767588125895,20.555197971532102,6.681133206991369,21.0,0,0.4448020284678975,20.528038723326254,20.5,21.5
1145.0,20.247053861249668,20.552482779627844,6.682078025928785,21.0,0,0.4475172203721556,20.525330860585264,20.5,21.5
1146.0,20.244340866082602,20.549768320237572,6.6830215638906125,21.0,0,0.45023167976242817,20.522623726334846,20.5,21.5
1147.0,20.241628602222164,20.54705459295887,6.683963820158306,21.0,0,0.4529454070411312,20.51991732017184,20.5,21.5
1148.0,20.238917069265753,20.54434159738927,6.684904794014296,21.0,0,0.4556584026107302,20.51721164169328,20.5,21.5
1149.0,20.236206266810704,20.54162933312623,6.685844484741989,21.0,0,0.45837066687376904,20.514506690495843,20.5,21.5
1150.0,20.23349619445429,20.538917799767155,6.686782891625771,21.0,0,0.46108220023284474,20.5118024661764,20.5,21.5
1151.0,20.230786851793724,20.536206996909378,6.687720013951005,21.0,0,0.4637930030906219,20.509098968331607,20.5,21.5
1152.0,20.228078238426153,20.533496924150175,6.688655851004031,21.0,0,0.4665030758498254,20.50639619655814,20.5,21.5
1153.0,20.22537035394867,20.53078758108676,6.689590402072167,21.0,0,0.4692124189132407,20.503694150452606,20.5,21.5
1154.0,20.222663197958294,20.528078967316276,6.690523666443712,21.0,0,0.4719210326837242,20.50099282961144,20.5,21.5
1155.0,20.21995677005199,20.525371082435818,6.691455643407947,21.0,1,0.474628917564182,20.49829223363124,20.5,21.5
1156.0,20.237251069826662,20.526663926042406,6.692386332255128,21.0,1,0.4733360739575936,20.53959236210829,20.5,21.5
1157.0,20.25454209687915,20.531956697733005,6.693315732276497,21.0,1,0.4680433022669952,20.58488441463899,20.5,21.5
1158.0,20.271829851606228,20.541248597264516,6.6942438427642745,21.0,1,0.45875140273548354,20.634167592579633,20.5,21.5
1159.0,20.28911433440446,20.55453882455375,6.695170663011664,21.0,1,0.4454611754462512,20.687441097446072,20.5,21.5
1160.0,20.30639554567018,20.571826579677385,6.696096192312852,21.0,1,0.4281734203226151,20.744704130913746,20.5,21.5
1161.0,20.32367348579951,20.589111062871957,6.697020429963008,21.0,1,0.41088893712804264,20.76195589481768,20.5,21.5
1162.0,20.340948155188343,20.606392274533796,6.697943375258283,21.0,1,0.3936077254662038,20.779204391152184,20.5,21.5
1163.0,20.358219554232356,20.623670215059022,6.698865027495816,21.0,1,0.37632978494097813,20.79644962031128,20.5,21.5
1164.0,20.37548768332701,20.64094488484353,6.699785385973728,21.0,1,0.35905511515646893,20.813691582688623,20.5,21.5
1165.0,20.392752542867537,20.658216284283004,6.700704449991125,21.0,1,0.3417837157169963,20.83093027867773,20.5,21.5
1166.0,20.41001413324896,20.675484413772892,6.701622218848103,21.0,1,0.32451558622710763,20.84816570867178,20.5,21.5
1167.0,20.42727245486608,20.69274927370844,6.702538691845737,21.0,1,0.30725072629156003,20.865397873063916,20.5,21.5
1168.0,20.444527508113477,20.710010864484666,6.703453868286095,21.0,1,0.28998913551533434,20.882626772246923,20.5,21.5
1169.0,20.46177929338551,20.727269186496365,6.704367747472231,21.0,1,0.27273081350363526,20.899852406613356,20.5,21.5
1170.0,20.479027811076328,20.744524240138126,6.705280328708184,21.0,1,0.25547575986187354,20.917074776555744,20.5,21.5
1171.0,20.496273061579856,20.761776025804302,6.706191611298986,21.0,1,0.23822397419569796,20.934293882466058,20.5,21.5
1172.0,20.5135150452898,20.779024543889047,6.707101594550655,21.0,1,0.2209754561109527,20.9515097247365,20.5,21.5
1173.0,20.53075376259965,20.796269794786284,6.708010277770198,21.0,1,0.20373020521371643,20.968722303758646,20.5,21.5
1174.0,20.547989213902685,20.81351177888972,6.708917660265615,21.0,1,0.18648822111028096,20.985931619924074,20.5,21.5
1175.0,20.56522139959196,20.830750496592845,6.709823741345893,21.0,1,0.16924950340715483,21.003137673624106,20.5,21.5
1176.0,20.58245032006031,20.847985948288937,6.710728520321013,21.0,1,0.1520140517110633,21.020340465249852,20.5,21.5
1177.0,20.59967597570036,20.865218134371048,6.711631996501946,21.0,1,0.1347818656289519,21.037539995192162,20.5,21.5
1178.0,20.616898366904522,20.88244705523202,6.712534169200657,21.0,1,0.11755294476797928,21.054736263841747,20.5,21.5
1179.0,20.63411749406498,20.89967271126448,6.713435037730099,21.0,1,0.10032728873552088,21.071929271589063,20.5,21.5
1180.0,20.651333357573712,20.91689510286083,6.714334601404225,21.0,1,0.0831048971391688,21.089119018824352,20.5,21.5
1181.0,20.668545957822477,20.934114230413265,6.715232859537975,21.0,1,0.06588576958673542,21.1063055059376,20.5,21.5
1182.0,20.68575529520282,20.951330094313754,6.716129811447289,21.0,1,0.048669905686246295,21.123488733318645,20.5,21.5
1183.0,20.70296137010607,20.968542694954067,6.717025456449098,21.0,1,0.031457305045933026,21.1406687013572,20.5,21.5
1184.0,20.720164182923337,20.98575203272574,6.717919793861329,21.0,1,0.014247967274261697,21.15784541044245,20.5,21.5
1185.0,20.737363734045523,21.002958108020103,6.718812823002906,21.0,1,-0.0029581080201026566,21.175018860963746,20.5,21.5
1186.0,20.754560023863316,21.020160921228268,6.719704543193747,21.0,1,-0.020160921228267625,21.192189053309917,20.5,21.5
1187.0,20.77175305276718,21.03736047274114,6.72059495375477,21.0,1,-0.037360472741138295,21.209355987869845,20.5,21.5
1188.0,20.78894282114738,21.054556762949403,6.721484054007887,21.0,1,-0.05455676294940304,21.22651966503205,20.5,21.5
1189.0,20.80612932939395,21.071749792243526,6.722371843276012,21.0,1,-0.0717497922435264,21.24368008518476,20.5,21.5
1190.0,20.823312577896726,21.088939561013767,6.723258320883051,21.0,1,-0.08893956101376688,21.26083724871617,20.5,21.5
1191.0,20.840492567045324,21.106126069650166,6.724143486153917,21.0,1,-0.10612606965016624,21.27799115601416,20.5,21.5
1192.0,20.857669297229144,21.12330931854256,6.725027338414515,21.0,1,-0.12330931854256022,21.2951418074665,20.5,21.5
1193.0,20.874842768837382,21.14048930808056,6.7259098769917545,21.0,1,-0.1404893080805607,21.312289203460566,20.5,21.5
1194.0,20.892012982259015,21.157666038653574,6.726791101213543,21.0,1,-0.15766603865357354,21.329433344383702,20.5,21.5
1195.0,20.909179937882804,21.17483951065079,6.727671010408791,21.0,1,-0.1748395106507914,21.34657423062297,20.5,21.5
1196.0,20.92634363609731,21.192009724461187,6.7285496039074095,21.0,1,-0.1920097244611867,21.36371186256514,20.5,21.5
1197.0,20.94350407729087,21.20917668047353,6.72942688104031,21.0,1,-0.20917668047352933,21.380846240596956,20.5,21.5
1198.0,20.960661261851623,21.22634037907638,6.730302841139409,21.0,1,-0.2263403790763796,21.397977365104882,20.5,21.5
1199.0,20.97781519016748,21.24350082065807,6.731177483537624,21.0,1,-0.24350082065807044,21.41510523647498,20.5,21.5
1200.0,20.994965862626152,21.26065800560674,-3.2679491924311233,21.0,1,-0.26065800560673935,21.43222985509343,20.5,21.5
1201.0,21.01011327961514,21.277411934310305,-3.267077187431906,21.0,1,-0.27741193431030453,21.444951221345956,20.5,21.5
1202.0,21.025257841521732,21.293762687156477,-3.266206502128794,21.0,1,-0.2937626871564767,21.4572702156182,20.5,21.5
1203.0,21.040399548653003,21.309710344516752,-3.2653371371848543,21.0,1,-0.30971034451675195,21.469186918119505,20.5,21.5
1204.0,21.055538401315836,21.325254986746426,-3.264469093262143,21.0,1,-0.32525498674642606,21.480701409043167,20.5,21.5
1205.0,21.07067439981692,21.34039669418458,-3.2636023710217152,21.0,1,-0.3403966941845802,21.49181376856612,20.5,21.5
1206.0,21.085807544462753,21.3555355471541,-3.2627369711236174,21.0,0,-0.3555355471541013,21.506924076849312,20.5,21.5
1207.0,21.080937835559634,21.36667154596168,-3.2618728942268893,21.0,0,-0.3666715459616796,21.478031534037463,20.5,21.5
1208.0,21.076069273413676,21.37380549091381,-3.261010140989562,21.0,0,-0.37380549091381,21.445144940435114,20.5,21.5
1209.0,21.071201857530795,21.3769381821568,-3.260148712068661,21.0,0,-0.376938182156799,21.40826509458669,20.5,21.5
1210.0,21.066335587416877,21.37607041967679,-3.259288608120201,21.0,0,-0.37607041967678967,21.367392794876697,20.5,21.5
1211.0,21.06147046257777,21.371203003299797,-3.258429829799189,21.0,0,-0.3712030032997973,21.322528839529873,20.5,21.5
1212.0,21.056606482519296,21.366336732691728,-3.2575723777596215,21.0,0,-0.3663367326917282,21.317674026611037,20.5,21.5
1213.0,21.05174364674724,21.36147160735844,-3.2567162526544857,21.0,0,-0.361471607358439,21.312820354025547,20.5,21.5
1214.0,21.04688195476736,21.356607626805754,-3.2558614551357588,21.0,0,-0.3566076268057543,21.307967821278908,20.5,21.5
1215.0,21.04202140608538,21.351744790539453,-3.255007985854406,21.0,0,-0.3517447905394526,21.303116427876436,20.5,21.5
1216.0,21.03716200020699,21.346883098065298,-3.2541558454603807,21.0,0,-0.34688309806529816,21.298266173323753,20.5,21.5
1217.0,21.032303736637857,21.342022548889013,-3.2533050346026258,21.0,0,-0.3420225488890125,21.293417057126156,20.5,21.5
1218.0,21.02744661488361,21.337163142516285,-3.252455553929069,21.0,0,-0.3371631425162853,21.288569078789013,20.5,21.5
1219.0,21.022590634449845,21.33230487845278,-3.25160740408663,21.0,0,-0.33230487845278134,21.28372223781774,20.5,21.5
1220.0,21.01773579484214,21.327447756204133,-3.250760585721208,21.0,0,-0.32744775620413336,21.278876533717654,20.5,21.5
1221.0,21.012882095566027,21.322591775275942,-3.249915099477695,21.0,0,-0.3225917752759422,21.27403196599403,20.5,21.5
1222.0,21.00802953612702,21.317736935173777,-3.2490709459999643,21.0,0,-0.31773693517377666,21.26918853415212,20.5,21.5
1223.0,21.003178116030593,21.31288323540317,-3.2482281259308756,21.0,0,-0.3128832354031701,21.264346237697104,20.5,21.5
1224.0,20.998327834782202,21.308030675469645,-3.247386639912273,21.0,0,-0.30803067546964513,21.259505076134396,20.5,21.5
1225.0,20.993478691887262,21.303179254878668,-3.2465464885849844,21.0,0,-0.3031792548786676,21.254665048968892,20.5,21.5
1226.0,20.988630686851167,21.298328973135696,-3.2457076725888223,21.0,0,-0.2983289731356962,21.249826155705982,20.5,21.5
1227.0,20.98378381917928,21.293479829746147,-3.2448701925625816,21.0,0,-0.29347982974614695,21.244988395850655,20.5,21.5
1228.0,20.978938088376932,21.288631824215415,-3.244034049144039,21.0,0,-0.28863182421541467,21.240151768908092,20.5,21.5
1229.0,20.97409349394943,21.28378495604886,-3.243199242969954,21.0,0,-0.28378495604885856,21.235316274383297,20.5,21.5
1230.0,20.969250035402045,21.278939224751817,-3.2423657746760695,21.0,0,-0.27893922475181654,21.230481911781396,20.5,21.5
1231.0,20.96440771224003,21.274094629829587,-3.241533644897106,21.0,0,-0.27409462982958743,21.225648680607296,20.5,21.5
1232.0,20.9595665239686,21.269251170787452,-3.2407028542667673,21.0,0,-0.2692511707874523,21.2208165803661,20.5,21.5
1233.0,20.954726470092954,21.264408847130657,-3.239873403417736,21.0,0,-0.2644088471306567,21.2159856105627,20.5,21.5
1234.0,20.94988755011825,21.25956765836442,-3.239045292981676,21.0,0,-0.2595676583644213,21.211155770702067,20.5,21.5
1235.0,20.945049763549633,21.25472760399394,-3.2382185235892287,21.0,0,-0.25472760399393835,21.20632706028911,20.5,21.5
1236.0,20.940213109892206,21.249888683524375,-3.237393095870016,21.0,0,-0.2498886835243752,21.201499478828744,20.5,21.5
1237.0,20.935377588651054,21.245050896460867,-3.2365690104526355,21.0,0,-0.2450508964608673,21.19667302582579,20.5,21.5
1238.0,20.930543199331233,21.240214242308525,-3.2357462679646645,21.0,0,-0.24021424230852517,21.191847700785104,20.5,21.5
1239.0,20.925709941437773,21.23537872057243,-3.2349248690326577,21.0,0,-0.23537872057243092,21.18702350321149,20.5,21.5
1240.0,20.92087781447568,21.230544330757642,-3.234104814282146,21.0,0,-0.2305443307576418,21.18220043260975,20.5,21.5
1241.0,20.91604681794993,21.225711072369187,-3.233286104337637,21.0,0,-0.22571107236918664,21.177378488484635,20.5,21.5
1242.0,20.91121695136547,21.220878944912066,-3.232468739822613,21.0,0,-0.22087894491206583,21.172557670340858,20.5,21.5
1243.0,20.906388214227235,21.216047947891266,-3.2316527213595334,21.0,0,-0.21604794789126558,21.167737977683263,20.5,21.5
1244.0,20.901560606040118,21.211218080811737,-3.230838049569832,21.0,0,-0.21121808081173654,21.162919410016446,20.5,21.5
1245.0,20.896734126308996,21.206389343178397,-3.2300247250739167,21.0,0,-0.2063893431783974,21.158101966845006,20.5,21.5
1246.0,20.89190877453872,21.201561734496156,-3.229212748491168,21.0,0,-0.20156173449615622,21.153285647673744,20.5,21.5
1247.0,20.887084550234114,21.196735254269885,-3.2284021204399433,21.0,0,-0.19673525426988547,21.148470452007178,20.5,21.5
1248.0,20.88226145289998,21.191909902004433,-3.2275928415375708,21.0,0,-0.1919099020044328,21.143656379349906,20.5,21.5
1249.0,20.87743948204109,21.187085677204628,-3.2267849124003503,21.0,0,-0.1870856772046281,21.13884342920658,20.5,21.5
1250.0,20.8726186371622,21.18226257937527,-3.225978333643557,21.0,0,-0.18226257937526924,21.13403160108168,20.5,21.5
1251.0,20.86779891776804,21.177440608021136,-3.2251731058814332,21.0,0,-0.17744060802113637,21.129220894479808,20.5,21.5
1252.0,20.862980323363313,21.172619762646974,-3.2243692297271975,21.0,0,-0.1726197626469741,21.12441130890535,20.5,21.5
1253.0,20.858162853452693,21.167800042757516,-3.2235667057930346,21.0,0,-0.16780004275751637,21.11960284386294,20.5,21.5
1254.0,20.853346507540845,21.16298144785747,-3.2227655346901027,21.0,0,-0.1629814478574687,21.114795498856992,20.5,21.5
1255.0,20.8485312851324,21.158163977451505,-3.221965717028527,21.0,0,-0.15816397745150468,21.109989273391864,20.5,21.5
1256.0,20.84371718573197,21.15334763104429,-3.2211672534174047,21.0,0,-0.15334763104429072,21.10518416697215,20.5,21.5
1257.0,20.838904208844138,21.148532408140458,-3.2203701444648,21.0,0,-0.14853240814045776,21.100380179102128,20.5,21.5
1258.0,20.834092353973475,21.143718308244612,-3.2195743907777468,21.0,0,-0.14371830824461185,21.095577309286153,20.5,21.5
1259.0,20.829281620624524,21.13890533086135,-3.2187799929622454,21.0,0,-0.13890533086134838,21.090775557028714,20.5,21.5
1260.0,20.824472008301807,21.134093475495227,-3.2179869516232644,21.0,0,-0.1340934754952272,21.085974921834016,20.5,21.5
1261.0,20.819663516509824,21.1292827416508,-3.2171952673647395,21.0,0,-0.12928274165080111,21.08117540320654,20.5,21.5
1262.0,20.814856144753048,21.124473128832584,-3.2164049407895723,21.0,0,-0.12447312883258377,21.07637700065041,20.5,21.5
1263.0,20.81004989253594,21.119664636545075,-3.2156159724996307,21.0,0,-0.11966463654507464,21.071579713669983,20.5,21.5
1264.0,20.80524475936293,21.11485726429276,-3.214828363095749,21.0,0,-0.114857264292759,21.066783541769603,20.5,21.5
1265.0,20.80044074473844,21.110051011580083,-3.214042113177726,21.0,0,-0.11005101158008301,21.061988484453323,20.5,21.5
1266.0,20.79563784816686,21.10524587791149,-3.213257223344325,21.0,0,-0.10524587791148932,21.057194541225552,20.5,21.5
1267.0,20.790836069152558,21.100441862791392,-3.2124736941932737,21.0,0,-0.10044186279139211,21.05240171159042,20.5,21.5
1268.0,20.78603540719989,21.09563896572418,-3.211691526321264,21.0,0,-0.09563896572418074,21.047609995052067,20.5,21.5
1269.0,20.781235861813187,21.09083718621423,-3.21091072032395,21.0,0,-0.09083718621423031,21.042819391114726,20.5,21.5
1270.0,20.77643743249676,21.08603652376589,-3.2101312767959502,21.0,0,-0.0860365237658911,21.0380298992825,20.5,21.5
1271.0,20.771640118754902,21.0812369778835,-3.209353196330844,21.0,0,-0.08123697788349915,21.03324151905958,20.5,21.5
1272.0,20.766843920091887,21.076438548071366,-3.2085764795211738,21.0,0,-0.07643854807136563,21.02845424995003,20.5,21.5
1273.0,20.762048836011964,21.07164123383378,-3.2078011269584445,21.0,0,-0.0716412338337804,21.023668091457928,20.5,21.5
1274.0,20.75725486601937,21.06684503467502,-3.2070271392331193,21.0,0,-0.06684503467501912,21.018883043087406,20.5,21.5
1275.0,20.75246200961832,21.062049950099333,-3.2062545169346235,21.0,0,-0.06204995009933256,21.014099104342467,20.5,21.5
1276.0,20.74767026631301,21.057255979610954,-3.2054832606513433,21.0,0,-0.057255979610953744,21.009316274727166,20.5,21.5
1277.0,20.742879635607615,21.0524631227141,-3.204713370970623,21.0,0,-0.05246312271410147,21.00453455374558,20.5,21.5
1278.0,20.738090117006298,21.04767137891297,-3.203944848478769,21.0,0,-0.047671378912969686,20.999753940901652,20.5,21.5
1279.0,20.7333017100132,21.042880747711735,-3.2031776937610426,21.0,0,-0.04288074771173456,20.994974435699383,20.5,21.5
1280.0,20.728514414132448,21.038091228614558,-3.2024119074016664,21.0,0,-0.03809122861455805,20.990196037642793,20.5,21.5
1281.0,20.72372822886814,21.033302821125584,-3.201647489983819,21.0,0,-0.03330282112558436,20.985418746235847,20.5,21.5
1282.0,20.718943153724368,21.028515524748933,-3.200884442089639,21.0,0,-0.02851552474893282,20.980642560982417,20.5,21.5
1283.0,20.714159188205205,21.023729338988716,-3.20012276430022,21.0,0,-0.023729338988715654,20.975867481386544,20.5,21.5
1284.0,20.709376331814703,21.018944263349017,-3.1993624571956127,21.0,0,-0.018944263349016666,20.971093506952027,20.5,21.5
1285.0,20.7045945840569,21.01416029733391,-3.1986035213548245,21.0,0,-0.014160297333909,20.966320637182832,20.5,21.5
1286.0,20.699813944435817,21.009377440447444,-3.197845957355817,21.0,0,-0.009377440447444485,20.9615488715828,20.5,21.5
1287.0,20.69503441245546,21.004595692193664,-3.197089765775509,21.0,0,-0.004595692193664291,20.956778209655862,20.5,21.5
1288.0,20.690255987619814,20.99981505207659,-3.196334947189772,21.0,0,0.00018494792341172683,20.952008650905828,20.5,21.5
1289.0,20.685478669432854,20.995035519600215,-3.195581502173436,21.0,0,0.004964480399785032,20.947240194836482,20.5,21.5
1290.0,20.68070245739853,20.990257094268543,-3.1948294313002794,21.0,0,0.009742905731457085,20.942472840951822,20.5,21.5
1291.0,20.675927351020793,20.98547977558554,-3.1940787351430373,21.0,0,0.014520224414461325,20.937706588755496,20.5,21.5
1292.0,20.67115334980356,20.980703563055158,-3.193329414273398,21.0,0,0.019296436944841844,20.932941437751353,20.5,21.5
1293.0,20.666380453250746,20.975928456181343,-3.192581469262003,21.0,0,0.02407154381865695,20.928177387443192,20.5,21.5
1294.0,20.661608660866243,20.971154454468024,-3.191834900678444,21.0,0,0.028845545531975603,20.923414437334838,20.5,21.5
1295.0,20.656837972153934,20.966381557419105,-3.1910897090912638,21.0,0,0.03361844258089519,20.91865258692991,20.5,21.5
1296.0,20.652068386617685,20.96160976453848,-3.190345895067961,21.0,0,0.038390235461520206,20.91389183573223,20.5,21.5
1297.0,20.647299903761347,20.956839075330038,-3.1896034591749807,21.0,0,0.04316092466996224,20.909132183245617,20.5,21.5
1298.0,20.64253252308876,20.95206948929764,-3.1888624019777208,21.0,0,0.04793051070236132,20.904373628973648,20.5,21.5
1299.0,20.637766244103748,20.947301005945143,-3.1881227240405288,21.0,0,0.05269899405485745,20.89961617242018,20.5,21.5
1300.0,20.63300106631012,20.94253362477638,-3.1873844259267,21.0,0,0.05746637522361908,20.894859813088765,20.5,21.5
1301.0,20.628236989211672,20.93776734529518,-3.186647508198482,21.0,0,0.062232654704821755,20.89010455048315,20.5,21.5
1302.0,20.62347401231219,20.933002167005345,-3.1859119714170703,21.0,0,0.06699783299465523,20.88535038410701,20.5,21.5
1303.0,20.618712135115445,20.92823808941068,-3.1851778161426063,21.0,0,0.07176191058931991,20.880597313464033,20.5,21.5
1304.0,20.613951357125192,20.923475112014966,-3.1844450429341826,21.0,0,0.07652488798503398,20.875845338057825,20.5,21.5
1305.0,20.60919167784518,20.918713234321977,-3.1837136523498373,21.0,0,0.08128676567802273,20.87109445739209,20.5,21.5
1306.0,20.60443309677914,20.913952455835474,-3.1829836449465567,21.0,0,0.08604754416452565,20.866344670970445,20.5,21.5
1307.0,20.599675613430794,20.909192776059193,-3.1822550212802723,21.0,0,0.09080722394080709,20.86159597829638,20.5,21.5
1308.0,20.59491922730385,20.90443419449688,-3.1815277819058627,21.0,0,0.09556580550312077,20.856848378873742,20.5,21.5
1309.0,20.59016393790201,20.899676710652237,-3.1808019273771535,21.0,0,0.10032328934776302,20.852101872205814,20.5,21.5
1310.0,20.585409744728953,20.894920324028995,-3.180077458246913,21.0,0,0.10507967597100532,20.84735645779657,20.5,21.5
1311.0,20.580656647288357,20.89016503413084,-3.1793543750668576,21.0,0,0.10983496586916175,20.842612135149274,20.5,21.5
1312.0,20.575904645083888,20.885410840461457,-3.178632678387646,21.0,0,0.11458915953854287,20.837868903767646,20.5,21.5
1313.0,20.571153737619195,20.880657742524527,-3.1779123687588804,21.0,0,0.11934225747547345,20.83312676315522,20.5,21.5
1314.0,20.566403924397918,20.875905739823708,-3.1771934467291096,21.0,0,0.12409426017629244,20.828385712815518,20.5,21.5
1315.0,20.561655204923692,20.871154831862658,-3.176475912845823,21.0,0,0.12884516813734237,20.82364575225216,20.5,21.5
1316.0,20.556907578700137,20.866405018145013,-3.175759767655454,21.0,0,0.13359498185498708,20.818906880968566,20.5,21.5
1317.0,20.552161045230868,20.86165629817441,-3.1750450117033786,21.0,0,0.13834370182559041,20.814169098468376,20.5,21.5
1318.0,20.54741560401948,20.85690867145447,-3.174331645533915,21.0,0,0.14309132854553042,20.80943240425507,20.5,21.5
1319.0,20.54267125456957,20.852162137488797,-3.1736196696903205,21.0,0,0.1478378625112029,20.804696797832072,20.5,21.5
1320.0,20.537927996384717,20.847416695781003,-3.1729090847147985,21.0,0,0.15258330421899657,20.799962278703067,20.5,21.5
1321.0,20.533185828968495,20.84267234583468,-3.1721998911484883,21.0,0,0.15732765416532146,20.79522884637143,20.5,21.5
1322.0,20.528444751824473,20.837929087153398,-3.1714920895314727,21.0,0,0.1620709128466018,20.790496500340595,20.5,21.5
1323.0,20.523704764456202,20.833186919240738,-3.1707856804027728,21.0,0,0.16681308075926182,20.785765240114138,20.5,21.5
1324.0,20.51896586636723,20.82844584160027,-3.1700806643003503,21.0,0,0.17155415839972932,20.781035065195596,20.5,21.5
1325.0,20.514228057061096,20.823705853735547,-3.1693770417611056,21.0,0,0.1762941462644534,20.776305975088306,20.5,21.5
1326.0,20.509491336041332,20.818966955150113,-3.1686748133208784,21.0,0,0.1810330448498867,20.77157796929578,20.5,21.5
1327.0,20.504755702811458,20.81422914534751,-3.1679739795144446,21.0,0,0.185770854652489,20.766851047321488,20.5,21.5
1328.0,20.500021156874993,20.809492423831266,-3.167274540875521,21.0,0,0.19050757616873426,20.762125208668813,20.5,21.5
1329.0,20.495287697735442,20.80475679010491,-3.1665764979367594,21.0,0,0.19524320989508936,20.75740045284136,20.5,21.5
1330.0,20.490555324896306,20.80002224367195,-3.165879851229752,21.0,0,0.1999777563280496,20.752676779342348,20.5,21.5
1331.0,20.485824037861082,20.795288784035897,-3.1651846012850235,21.0,0,0.20471121596410313,20.74795418767536,20.5,21.5
1332.0,20.481093836133255,20.790556410700255,-3.164490748632038,21.0,0,0.20944358929974527,20.743232677343833,20.5,21.5
1333.0,20.476364719216303,20.785825123168518,-3.1637982937991938,21.0,0,0.21417487683148195,20.73851224785115,20.5,21.5
1334.0,20.4716366866137,20.78109492094417,-3.1631072373138256,21.0,0,0.2189050790558298,20.733792898700692,20.5,21.5
1335.0,20.466909737828914,20.77636580353069,-3.162417579702204,21.0,0,0.22363419646930893,20.7290746293959,20.5,21.5
1336.0,20.462183872365408,20.771637770431557,-3.1617293214895312,21.0,0,0.2283622295684431,20.724357439440215,20.5,21.5
1337.0,20.457459089726637,20.766910821150233,-3.161042463199948,21.0,0,0.23308917884976665,20.719641328336998,20.5,21.5
1338.0,20.452735389416052,20.762184955190186,-3.1603570053565253,21.0,0,0.23781504480981397,20.714926295589713,20.5,21.5
1339.0,20.448012770937098,20.757460172054863,-3.159672948481269,21.0,0,0.24253982794513718,20.71021234070163,20.5,21.5
1340.0,20.443291233793214,20.752736471247722,-3.158990293095119,21.0,0,0.24726352875227775,20.705499463176317,20.5,21.5
1341.0,20.438570777487836,20.74801385227221,-3.158309039717947,21.0,0,0.2519861477277914,20.700787662517072,20.5,21.5
1342.0,20.433851401524397,20.74329231463176,-3.157629188868558,21.0,0,0.25670768536824085,20.696076938227264,20.5,21.5
1343.0,20.42913310540632,20.73857185782981,-3.1569507410646853,21.0,0,0.26142814217018895,20.69136728981033,20.5,21.5
1344.0,20.424415888637025,20.733852481369798,-3.156273696822999,21.0,0,0.26614751863020203,20.686658716769667,20.5,21.5
1345.0,20.419699750719932,20.729134184755143,-3.1555980566590964,21.0,0,0.2708658152448571,20.681951218608592,20.5,21.5
1346.0,20.414984691158455,20.724416967489265,-3.1549238210875075,21.0,0,0.2755830325107347,20.67724479483049,20.5,21.5
1347.0,20.410270709456007,20.719700829075588,-3.1542509906216907,21.0,0,0.2802991709244118,20.672539444938817,20.5,21.5
1348.0,20.405557805115993,20.714985769017524,-3.153579565774038,21.0,0,0.28501423098247614,20.66783516843688,20.5,21.5
1349.0,20.400845977641815,20.710271786818485,-3.1529095470558666,21.0,0,0.2897282131815153,20.663131964828093,20.5,21.5
1350.0,20.396135226536874,20.70555888198187,-3.152240934977426,21.0,0,0.2944411180181312,20.65842983361571,20.5,21.5
1351.0,20.39142555130457,20.700847054011092,-3.151573730047893,21.0,0,0.29915294598890796,20.653728774303325,20.5,21.5
1352.0,20.3867169514483,20.69613630240955,-3.1509079327753735,21.0,0,0.30386369759045095,20.64902878639412,20.5,21.5
1353.0,20.382009426471456,20.69142662668064,-3.1502435436669014,21.0,0,0.3085733733193585,20.644329869391566,20.5,21.5
1354.0,20.377302975877427,20.68671802632776,-3.1495805632284357,21.0,0,0.31328197367223964,20.63963202279895,20.5,21.5
1355.0,20.372597599169605,20.682010500854307,-3.1489189919648677,21.0,0,0.31798949914569263,20.634935246119777,20.5,21.5
1356.0,20.367893295851378,20.677304049763666,-3.1482588303800103,21.0,0,0.3226959502363336,20.630239538857257,20.5,21.5
1357.0,20.36319006542613,20.672598672559232,-3.147600078976607,21.0,0,0.3274013274407679,20.62554490051489,20.5,21.5
1358.0,20.35848790739725,20.667894368744392,-3.1469427382563255,21.0,0,0.3321056312556081,20.62085133059599,20.5,21.5
1359.0,20.35378682126812,20.663191137822533,-3.1462868087197586,21.0,0,0.33680886217746675,20.616158828603947,20.5,21.5
1360.0,20.34908680654212,20.658488979297037,-3.145632290866425,21.0,0,0.34151102070296346,20.61146739404207,20.5,21.5
1361.0,20.34438786272264,20.65378789267129,-3.14497918519477,21.0,0,0.34621210732871077,20.606777026413816,20.5,21.5
1362.0,20.339689989313058,20.64908787744867,-3.1443274922021605,21.0,0,0.3509121225513283,20.602087725222496,20.5,21.5
1363.0,20.334993185816757,20.644388933132575,-3.1436772123848886,21.0,0,0.35561106686742505,20.597399489971608,20.5,21.5
1364.0,20.330297451737117,20.639691059226372,-3.1430283462381734,21.0,0,0.36030894077362774,20.592712320164345,20.5,21.5
1365.0,20.325602786577523,20.634994255233455,-3.142380894256151,21.0,0,0.36500574476654535,20.58802621530428,20.5,21.5
1366.0,20.320909189841355,20.6302985206572,-3.1417348569318877,21.0,0,0.36970147934280106,20.58334117489464,20.5,21.5
1367.0,20.316216661032,20.625603855000985,-3.1410902347573675,21.0,0,0.3743961449990145,20.57865719843885,20.5,21.5
1368.0,20.311525199652845,20.620910257768205,-3.1404470282234973,21.0,0,0.3790897422317947,20.573974285440404,20.5,21.5
1369.0,20.30683480520727,20.616217728462235,-3.1398052378201076,21.0,0,0.3837822715377648,20.569292435402534,20.5,21.5
1370.0,20.302145477198664,20.611526266586463,-3.1391648640359513,21.0,0,0.3884737334135373,20.564611647828738,20.5,21.5
1371.0,20.297457215130418,20.606835871644275,-3.138525907358698,21.0,0,0.3931641283557248,20.5599319222224,20.5,21.5
1372.0,20.29277001850592,20.60214654313906,-3.137888368274943,21.0,0,0.39785345686093976,20.55525325808691,20.5,21.5
1373.0,20.288083886828563,20.597458280574205,-3.1372522472702,21.0,0,0.40254171942579475,20.550575654925655,20.5,21.5
1374.0,20.283398819601743,20.592771083453098,-3.136617544828902,21.0,0,0.4072289165469023,20.545899112242022,20.5,21.5
1375.0,20.278714816328858,20.588084951279136,-3.1359842614344036,21.0,0,0.41191504872086426,20.541223629539516,20.5,21.5
1376.0,20.274031876513305,20.583399883555714,-3.135352397568976,21.0,0,0.4166001164442861,20.536549206321496,20.5,21.5
1377.0,20.269349999658488,20.578715879786227,-3.134721953713812,21.0,0,0.42128412021377315,20.531875842091356,20.5,21.5
1378.0,20.264669185267813,20.57403293947408,-3.1340929303490217,21.0,0,0.42596706052592026,20.52720353635261,20.5,21.5
1379.0,20.25998943284469,20.56935106212267,-3.133465327953635,21.0,0,0.4306489378773293,20.52253228860858,20.5,21.5
1380.0,20.255310741892533,20.564670247235405,-3.1328391470055967,21.0,0,0.43532975276459496,20.517862098362748,20.5,21.5
1381.0,20.250633111914752,20.559990494315695,-3.1322143879817714,21.0,0,0.44000950568430497,20.513192965118595,20.5,21.5
1382.0,20.245956542414774,20.555311802866953,-3.1315910513579412,21.0,0,0.44468819713304697,20.508524888379533,20.5,21.5
1383.0,20.24128103289602,20.550634172392595,-3.130969137608803,21.0,0,0.44936582760740507,20.503857867649014,20.5,21.5
1384.0,20.236606582861917,20.54595760239604,-3.1303486472079713,21.0,1,0.4540423976039598,20.499191902430493,20.5,21.5
1385.0,20.251933191815905,20.545282092380717,-3.129729580627977,21.0,1,0.4547179076192833,20.53852699222748,20.5,21.5
1386.0,20.267256859261416,20.548606841850052,-3.129111938340266,21.0,1,0.45139315814994774,20.581854336543408,20.5,21.5
1387.0,20.282577585501894,20.555931050467475,-3.1284957208151987,21.0,1,0.4440689495325252,20.6291731366417,20.5,21.5
1388.0,20.29789537084063,20.567253918056398,-3.1278809285220532,21.0,1,0.432746081943602,20.68048259394563,20.5,21.5
1389.0,20.31321021558076,20.582574644600165,-3.1272675619290204,21.0,1,0.4174253553998355,20.73578191003783,20.5,21.5
1390.0,20.32852212002526,20.597892430242037,-3.126655621503205,21.0,1,0.4021075697579626,20.751070286660767,20.5,21.5
1391.0,20.343831084476953,20.613207275285145,-3.1260451077106257,21.0,1,0.38679272471485504,20.76635572571622,20.5,21.5
1392.0,20.359137109238517,20.62851918003247,-3.125436021016217,21.0,1,0.37148081996753035,20.781638227505717,20.5,21.5
1393.0,20.374440194612465,20.643828144786834,-3.1248283618838233,21.0,1,0.35617185521316586,20.79691779233048,20.5,21.5
1394.0,20.389740340901167,20.659134169850915,-3.1242221307762046,21.0,1,0.34086583014908456,20.81219442049173,20.5,21.5
1395.0,20.40503754840683,20.67443725552723,-3.1236173281550315,21.0,1,0.32556274447276934,20.827468112290383,20.5,21.5
1396.0,20.420331817431517,20.689737402118144,-3.1230139544808884,21.0,1,0.31026259788185584,20.84273886802728,20.5,21.5
1397.0,20.435623148277134,20.705034609925868,-3.122412010213269,21.0,1,0.29496539007413247,20.8580066880031,20.5,21.5
1398.0,20.450911541245436,20.720328879252463,-3.121811495810582,21.0,1,0.27967112074753686,20.87327157251842,20.5,21.5
1399.0,20.466196996638025,20.735620210399837,-3.121212411730143,21.0,1,0.26437978960016295,20.888533521873576,20.5,21.5
1400.0,20.48147951475635,20.75090860366974,-3.120614758428183,21.0,1,0.249091396330261,20.90379253636876,20.5,21.5
1401.0,20.496759095901716,20.76619405936378,-3.12001853635984,21.0,1,0.23380594063621984,20.91904861630419,20.5,21.5
1402.0,20.512035740375264,20.781476577783405,-3.1194237459791623,21.0,1,0.21852342221659526,20.93430176197965,20.5,21.5
1403.0,20.527309448477993,20.796756159229915,-3.1188303877391093,21.0,1,0.20324384077008517,20.949551973695016,20.5,21.5
1404.0,20.54258022051075,20.81203280400446,-3.118238462091549,21.0,1,0.18796719599554024,20.96479925174991,20.5,21.5
1405.0,20.55784805677423,20.827306512408036,-3.1176479694872583,21.0,1,0.1726934875919639,20.9800435964438,20.5,21.5
1406.0,20.573112957568977,20.842577284741488,-3.117058910375924,21.0,1,0.15742271525851237,20.995285008076003,20.5,21.5
1407.0,20.58837492319539,20.85784512130551,-3.1164712852061394,21.0,1,0.14215487869449106,21.010523486945722,20.5,21.5
1408.0,20.603633953953707,20.873110022400652,-3.1158850944254066,21.0,1,0.1268899775993475,21.025759033352088,20.5,21.5
1409.0,20.61889005014403,20.888371988327307,-3.115300338480136,21.0,1,0.11162801167269265,21.040991647593856,20.5,21.5
1410.0,20.634143212066306,20.90363101938572,-3.114717017815643,21.0,1,0.09636898061427956,21.05622132996985,20.5,21.5
1411.0,20.64939344002033,20.918887115875993,-3.1141351328761537,21.0,1,0.08111288412400697,21.07144808077872,20.5,21.5
1412.0,20.66464073430575,20.934140278098063,-3.1135546841047983,21.0,1,0.06585972190193701,21.086671900318763,20.5,21.5
1413.0,20.679885095222065,20.949390506351733,-3.1129756719436124,21.0,1,0.050609493648266834,21.101892788888435,20.5,21.5
1414.0,20.695126523068634,20.964637800936654,-3.112398096833541,21.0,1,0.03536219906334637,21.11711074678586,20.5,21.5
1415.0,20.710365018144653,20.979882162152325,-3.1118219592144314,21.0,1,0.020117837847674735,21.13232577430904,20.5,21.5
1416.0,20.72560058074918,20.995123590298096,-3.1112472595250376,21.0,1,0.004876409701903839,21.147537871755805,20.5,21.5
1417.0,20.740833211181126,21.010362085673172,-3.110673998203019,21.0,1,-0.010362085673172317,21.162747039423934,20.5,21.5
1418.0,20.75606290973925,21.02559764857661,-3.110102175684938,21.0,1,-0.02559764857661051,21.177953277610992,20.5,21.5
1419.0,20.771289676722166,21.040830279307315,-3.1095317924062638,21.0,1,-0.040830279307314754,21.193156586614357,20.5,21.5
1420.0,20.78651351242834,21.05605997816405,-3.108962848801367,21.0,1,-0.056059978164050506,21.208356966731408,20.5,21.5
1421.0,20.801734417156094,21.071286745445434,-3.1083953453035225,21.0,1,-0.07128674544543401,21.22355441825927,20.5,21.5
1422.0,20.816952391203603,21.08651058144993,-3.107829282344909,21.0,1,-0.08651058144992874,21.238748941494876,20.5,21.5
1423.0,20.832167434868893,21.101731486475856,-3.107264660356609,21.0,1,-0.10173148647585606,21.25394053673513,20.5,21.5
1424.0,20.847379548449847,21.116949460821395,-3.106701479768607,21.0,1,-0.11694946082139523,21.269129204276787,20.5,21.5
1425.0,20.862588732244205,21.132164504784566,-3.1061397410097893,21.0,1,-0.13216450478456565,21.28431494441627,20.5,21.5
1426.0,20.877794986549553,21.14737661866326,-3.105579444507942,21.0,1,-0.1473766186632588,21.29949775745019,20.5,21.5
1427.0,20.89299831166334,21.162585802755206,-3.105020590689758,21.0,1,-0.1625858027552063,21.31467764367468,20.5,21.5
1428.0,20.90819870788287,21.177792057358,-3.1044631799808284,21.0,1,-0.1777920573580012,21.32985460338595,20.5,21.5
1429.0,20.9233961755053,21.19299538276909,-3.1039072128056455,21.0,1,-0.1929953827690909,21.345028636879988,20.5,21.5
1430.0,20.938590714827637,21.20819577928578,-3.1033526895876014,21.0,1,-0.2081957792857807,21.36019974445268,20.5,21.5
1431.0,20.953782326146754,21.22339324720522,-3.102799610748991,21.0,1,-0.22339324720521958,21.37536792639961,20.5,21.5
1432.0,20.968971009759375,21.238587786824425,-3.1022479767110074,21.0,1,-0.23858778682442505,21.39053318301648,20.5,21.5
1433.0,20.98415676596208,21.253779398440265,-3.101697787893743,21.0,1,-0.2537793984402654,21.40569551459867,20.5,21.5
1434.0,20.99933959505131,21.268968082349467,-3.101149044716193,21.0,1,-0.2689680823494669,21.42085492144148,20.5,21.5
1435.0,21.014519497323356,21.284153838848614,-3.1006017475962455,21.0,1,-0.28415383884861356,21.43601140384008,20.5,21.5
1436.0,21.02969647307437,21.299336668234133,-3.1000558969506953,21.0,1,-0.2993366682341332,21.45116496208933,20.5,21.5
1437.0,21.044870522600366,21.31451657080233,-3.0995114931952283,21.0,1,-0.3145165708023292,21.46631559648429,20.5,21.5
1438.0,21.060041646197206,21.329693546849352,-3.098968536744433,21.0,1,-0.32969354684935226,21.481463307319583,20.5,21.5
1439.0,21.075209844160618,21.344867596671214,-3.098427028011793,21.0,1,-0.34486759667121447,21.496608094889837,20.5,21.5
1440.0,21.090375116786184,21.360038720563782,-3.0978869674096927,21.0,0,-0.3600387205637823,21.51174995948946,20.5,21.5
1441.0,21.085537464369345,21.371206918822775,-3.0973483553494106,21.0,0,-0.3712069188227751,21.482888901412704,20.5,21.5
1442.0,21.080700887205403,21.37837299174378,-3.0968111922411232,21.0,0,-0.37837299174378103,21.45003372095384,20.5,21.5
1443.0,21.075865384789513,21.381537739462242,-3.0962754784939044,21.0,0,-0.38153773946224234,21.413185216646855,20.5,21.5
1444.0,21.071030956616855,21.38070196195349,-3.095741214515723,21.0,0,-0.38070196195349126,21.37234418686598,20.5,21.5
1445.0,21.06619760218263,21.375866459032782,-3.0952084007134433,21.0,0,-0.3758664590327818,21.327511429825687,20.5,21.5
1446.0,21.061365320982052,21.37103203035532,-3.0946770374928274,21.0,0,-0.3710320303553196,21.322687743580698,20.5,21.5
1447.0,21.056534112510356,21.36619867541631,-3.094147125258531,21.0,0,-0.36619867541631024,21.317865126026216,20.5,21.5
1448.0,21.051703976262804,21.361366393710973,-3.093618664414106,21.0,0,-0.36136639371097345,21.313043576657606,20.5,21.5
1449.0,21.04687491173467,21.356535184734533,-3.093091655361997,21.0,0,-0.3565351847345326,21.308223094970124,20.5,21.5
1450.0,21.04204691842125,21.351705047982257,-3.0925660985035464,21.0,0,-0.3517050479822572,21.303403680459503,20.5,21.5
1451.0,21.037219995817864,21.346875982949417,-3.0920419942389863,21.0,0,-0.3468759829494168,21.298585332621013,20.5,21.5
1452.0,21.032394143419854,21.342047989131316,-3.0915193429674463,21.0,0,-0.3420479891313164,21.293768050950312,20.5,21.5
1453.0,21.027569360722577,21.33722106602327,-3.0909981450869477,21.0,0,-0.33722106602327173,21.288951834942825,20.5,21.5
1454.0,21.022745647221416,21.33239521312062,-3.090478400994405,21.0,0,-0.3323952131206198,21.2841366840941,20.5,21.5
1455.0,21.017923002411774,21.327570429918726,-3.0899601110856274,21.0,0,-0.3275704299187261,21.27932259789979,20.5,21.5
1456.0,21.013101425789074,21.322746715912967,-3.089443275755313,21.0,0,-0.32274671591296666,21.274509575855372,20.5,21.5
1457.0,21.008280916848765,21.317924070598746,-3.088927895397056,21.0,0,-0.31792407059874606,21.26969761745654,20.5,21.5
1458.0,21.003461475086315,21.313102493471497,-3.08841397040334,21.0,0,-0.3131024934714972,21.26488672219901,20.5,21.5
1459.0,20.998643099997217,21.308281984026657,-3.0879015011655415,21.0,0,-0.30828198402665663,21.26007688957825,20.5,21.5
1460.0,20.993825791076986,21.303462541759696,-3.087390488073929,21.0,0,-0.30346254175969634,21.255268119090093,20.5,21.5
1461.0,20.989009547821155,21.298644166166113,-3.08688093151766,21.0,0,-0.2986441661661132,21.250460410230282,20.5,21.5
1462.0,20.984194369725287,21.29382685674142,-3.086372831884785,21.0,0,-0.2938268567414184,21.24565376249447,20.5,21.5
1463.0,20.979380256284966,21.28901061298115,-3.0858661895622435,21.0,0,-0.2890106129811514,21.24084817537848,20.5,21.5
1464.0,20.974567206995797,21.284195434380866,-3.0853610049358657,21.0,0,-0.2841954343808659,21.23604364837801,20.5,21.5
1465.0,20.96975522135341,21.27938132043615,-3.0848572783903716,21.0,0,-0.27938132043615127,21.231240180989005,20.5,21.5
1466.0,20.96494429885346,21.27456827064261,-3.0843550103093698,21.0,0,-0.2745682706426109,21.226437772707207,20.5,21.5
1467.0,20.960134438991627,21.26975628449588,-3.0838542010753613,21.0,0,-0.2697562844958803,21.221636423028574,20.5,21.5
1468.0,20.955325641263613,21.26494536149161,-3.0833548510697337,21.0,0,-0.2649453614916091,21.216836131448897,20.5,21.5
1469.0,20.950517905165146,21.260135501125482,-3.0828569606727623,21.0,0,-0.26013550112548245,21.212036897464216,20.5,21.5
1470.0,20.94571123019198,21.255326702893196,-3.082360530263614,21.0,0,-0.25532670289319626,21.207238720570334,20.5,21.5
1471.0,20.94090561583989,21.250518966290482,-3.081865560220341,21.0,0,-0.25051896629048187,21.202441600263338,20.5,21.5
1472.0,20.936101061604678,21.245712290813096,-3.081372050919885,21.0,0,-0.24571229081309554,21.197645536039232,20.5,21.5
1473.0,20.931297566982174,21.240906675956808,-3.080880002738075,21.0,0,-0.2409066759568077,21.19285052739393,20.5,21.5
1474.0,20.92649513146823,21.236102121217424,-3.080389416049626,21.0,0,-0.23610212121742435,21.18805657382359,20.5,21.5
1475.0,20.921693754558724,21.231298626090773,-3.0799002912281424,21.0,0,-0.23129862609077279,21.183263674824257,20.5,21.5
1476.0,20.916893435749568,21.22649619007271,-3.0794126286461143,21.0,0,-0.22649619007270871,21.178471829892068,20.5,21.5
1477.0,20.912094174536687,21.22169481265911,-3.078926428674916,21.0,0,-0.22169481265910918,21.173681038523114,20.5,21.5
1478.0,20.907295970416044,21.216894493345883,-3.0784416916848123,21.0,0,-0.21689449334588318,21.168891300213623,20.5,21.5
1479.0,20.902498822883622,21.21209523162896,-3.0779584180449486,21.0,0,-0.21209523162896105,21.16410261445974,20.5,21.5
1480.0,20.897702731435437,21.207297027004305,-3.077476608123362,21.0,0,-0.20729702700430508,21.159314980757745,20.5,21.5
1481.0,20.892907695567526,21.202499878967895,-3.07699626228697,21.0,0,-0.20249987896789534,21.154528398603798,20.5,21.5
1482.0,20.888113714775955,21.197703787015747,-3.076517380901578,21.0,0,-0.19770378701574742,21.14974286749427,20.5,21.5
1483.0,20.88332078855682,21.192908750643905,-3.0760399643318728,21.0,0,-0.19290875064390534,21.144958386925484,20.5,21.5
1484.0,20.878528916406243,21.18811476934843,-3.0755640129414292,21.0,0,-0.18811476934843085,21.140174956393686,20.5,21.5
1485.0,20.87373809782037,21.183321842625418,-3.0750895270927057,21.0,0,-0.18332184262541773,21.135392575395286,20.5,21.5
1486.0,20.86894833229539,21.178529969970988,-3.0746165071470424,21.0,0,-0.17852996997098813,21.130611243426692,20.5,21.5
1487.0,20.864159619327502,21.1737391508813,-3.074144953464666,21.0,0,-0.17373915088129976,21.125830959984416,20.5,21.5
1488.0,20.859371958412943,21.168949384852528,-3.0736748664046836,21.0,0,-0.16894938485252808,21.12105172456481,20.5,21.5
1489.0,20.85458534904798,21.164160671380877,-3.073206246325088,21.0,0,-0.16416067138087698,21.116273536664366,20.5,21.5
1490.0,20.849799790728905,21.159373009962582,-3.0727390935827543,21.0,0,-0.1593730099625823,21.111496395779636,20.5,21.5
1491.0,20.845015282952044,21.154586400093912,-3.072273408533438,21.0,0,-0.1545864000939119,21.106720301407208,20.5,21.5
1492.0,20.840231825213746,21.149800841271162,-3.07180919153178,21.0,0,-0.149800841271162,21.101945253043663,20.5,21.5
1493.0,20.835449417010395,21.14501633299065,-3.0713464429313007,21.0,0,-0.1450163329906502,21.097171250185532,20.5,21.5
1494.0,20.830668057838405,21.140232874748737,-3.0708851630844034,21.0,0,-0.1402328747487367,21.0923982923296,20.5,21.5
1495.0,20.82588774719422,21.1354504660418,-3.070425352342374,21.0,0,-0.13545046604179944,21.087626378972427,20.5,21.5
1496.0,20.82110848457431,21.130669106366252,-3.069967011055377,21.0,0,-0.13066910636625195,21.082855509610777,20.5,21.5
1497.0,20.816330269475184,21.12588879521854,-3.0695101395724596,21.0,0,-0.12588879521853968,21.078085683741417,20.5,21.5
1498.0,20.811553101393375,21.121109532095137,-3.06905473824155,21.0,0,-0.12110953209513653,21.073316900861105,20.5,21.5
1499.0,20.806776979825447,21.11633131649254,-3.068600807409455,21.0,0,-0.11633131649254125,21.06854916046659,20.5,21.5
1500.0,20.802001904268,21.1115541479073,-3.0681483474218636,21.0,0,-0.11155414790729878,21.063782462054874,20.5,21.5
1501.0,20.79722787421766,21.106778025835972,-3.0676973586233434,21.0,0,-0.10677802583597185,21.059016805122702,20.5,21.5
1502.0,20.792454889171093,21.10200294977515,-3.067247841357341,21.0,0,-0.10200294977515156,21.05425218916695,20.5,21.5
1503.0,20.787682948624987,21.097228919221475,-3.066799795966185,21.0,0,-0.09722891922147525,21.049488613684712,20.5,21.5
1504.0,20.782912052076068,21.0924559336716,-3.066353222791081,21.0,0,-0.09245593367160154,21.044726078172864,20.5,21.5
1505.0,20.778142199021094,21.08768399262222,-3.0659081221721136,21.0,0,-0.08768399262222104,21.039964582128416,20.5,21.5
1506.0,20.773373388956855,21.082913095570056,-3.0654644944482463,21.0,0,-0.08291309557005633,21.03520412504841,20.5,21.5
1507.0,20.768605621380175,21.078143242011873,-3.065022339957321,21.0,0,-0.07814324201187262,21.030444706430035,20.5,21.5
1508.0,20.763838895787906,21.073374431444456,-3.064581659036058,21.0,0,-0.07337443144445643,21.025686325770295,20.5,21.5
1509.0,20.75907321167694,21.068606663364633,-3.0641424520200538,21.0,0,-0.06860666336463339,21.020928982566403,20.5,21.5
1510.0,20.754308568544204,21.063839937269258,-3.063704719243784,21.0,0,-0.06383993726925752,21.0161726763155,20.5,21.5
1511.0,20.749544965886646,21.059074252655215,-3.063268461040603,21.0,0,-0.05907425265521482,21.011417406514788,20.5,21.5
1512.0,20.74478240320126,21.054309609019434,-3.062833677742738,21.0,0,-0.054309609019433935,21.006663172661625,20.5,21.5
1513.0,20.74002087998507,21.049546005858865,-3.0624003696812965,21.0,0,-0.04954600585886482,21.001909974253174,20.5,21.5
1514.0,20.73526039573514,21.044783442670504,-3.061968537186261,21.0,0,-0.044783442670503604,20.99715781078689,20.5,21.5
1515.0,20.730500949948556,21.040021918951375,-3.061538180586491,21.0,0,-0.04002191895137486,20.992406681760087,20.5,21.5
1516.0,20.72574254212245,21.03526143419854,-3.061109300209722,21.0,0,-0.035261434198538666,20.987656586670177,20.5,21.5
1517.0,20.720985171753984,21.030501987909084,-3.0606818963825653,21.0,0,-0.03050198790908354,20.982907525014532,20.5,21.5
1518.0,20.716228838340356,21.025743579580137,-3.0602559694305063,21.0,0,-0.025743579580137066,20.978159496290672,20.5,21.5
1519.0,20.7114735413788,21.02098620870887,-3.0598315196779087,21.0,0,-0.02098620870886947,20.973412499996194,20.5,21.5
1520.0,20.70671928036659,21.016229874792476,-3.0594085474480073,21.0,0,-0.01622987479247584,20.96866653562854,20.5,21.5
1521.0,20.701966054801026,21.011474577328194,-3.058987053062915,21.0,0,-0.011474577328193902,20.963921602685375,20.5,21.5
1522.0,20.697213864179453,21.00672031581329,-3.058567036843618,21.0,0,-0.006720315813289801,20.95917770066425,20.5,21.5
1523.0,20.692462707999248,21.00196708974507,-3.0581484991099774,21.0,0,-0.001967089745068762,20.95443482906286,20.5,21.5
1524.0,20.687712585757826,20.997214898620875,-3.057731440180728,21.0,0,0.00278510137912491,20.94969298737894,20.5,21.5
1525.0,20.682963496952638,20.99246374193808,-3.0573158603734774,21.0,0,0.007536258061918488,20.944952175110146,20.5,21.5
1526.0,20.67821544108117,20.98771361919411,-3.056901760004708,21.0,0,0.012286380805889507,20.9402123917544,20.5,21.5
1527.0,20.673468417640954,20.98296452988641,-3.0564891393897753,21.0,0,0.017035470113590634,20.935473636809398,20.5,21.5
1528.0,20.66872242612955,20.978216473512468,-3.056077998842907,21.0,0,0.0217835264875319,20.930735909773055,20.5,21.5
1529.0,20.663977466044553,20.973469449569812,-3.055668338677207,21.0,0,0.026530550430187816,20.925999210143253,20.5,21.5
1530.0,20.659233536883608,20.968723457556006,-3.0552601592046464,21.0,0,0.031276542443993804,20.921263537417946,20.5,21.5
1531.0,20.65449063814439,20.96397849696865,-3.054853460736074,21.0,0,0.036021503031349766,20.91652889109509,20.5,21.5
1532.0,20.649748769324617,20.95923456730538,-3.0544482435812075,21.0,0,0.040765432694620074,20.911795270672677,20.5,21.5
1533.0,20.645007929922038,20.95449166806388,-3.0540445080486363,21.0,0,0.04550833193611936,20.907062675648888,20.5,21.5
1534.0,20.640268119434445,20.94974979874186,-3.0536422544458235,21.0,0,0.05025020125814095,20.902331105521643,20.5,21.5
1535.0,20.63552933735967,20.94500895883707,-3.053241483079103,21.0,0,0.05499104116292841,20.897600559789197,20.5,21.5
1536.0,20.630791583195585,20.94026914784731,-3.05284219425368,21.0,0,0.059730852152689806,20.892871037949696,20.5,21.5
1537.0,20.626054856440096,20.935530365270406,-3.0524443882736287,21.0,0,0.0644696347295941,20.888142539501363,20.5,21.5
1538.0,20.621319156591152,20.93079261060423,-3.0520480654418964,21.0,0,0.0692073893957712,20.883415063942458,20.5,21.5
1539.0,20.616584483146745,20.926055883346688,-3.051653226060301,21.0,0,0.07394411665331191,20.87868861077128,20.5,21.5
1540.0,20.611850835604905,20.921320182995736,-3.0512598704295293,21.0,0,0.07867981700426441,20.87396317948621,20.5,21.5
1541.0,20.607118213463696,20.91658550904936,-3.0508679988491387,21.0,0,0.08341449095064135,20.86923876958559,20.5,21.5
1542.0,20.602386616221235,20.911851861005584,-3.0504776116175565,21.0,0,0.08814813899441631,20.864515380567834,20.5,21.5
1543.0,20.597656043375668,20.907119238362487,-3.05008870903208,21.0,0,0.09288076163751313,20.85979301193152,20.5,21.5
1544.0,20.592926494425186,20.902387640618173,-3.0497012913888737,21.0,0,0.09761235938182722,20.855071663175032,20.5,21.5
1545.0,20.588197968868023,20.897657067270796,-3.049315358982975,21.0,0,0.10234293272920425,20.850351333797025,20.5,21.5
1546.0,20.583470466202453,20.89292751781855,-3.048930912108287,21.0,0,0.10707248218145082,20.845632023296083,20.5,21.5
1547.0,20.578743985926792,20.88819899175966,-3.048547951057583,21.0,0,0.11180100824034156,20.84091373117075,20.5,21.5
1548.0,20.574018527539394,20.883471488592402,-3.048166476122505,21.0,0,0.11652851140759779,20.83619645691984,20.5,21.5
1549.0,20.569294090538662,20.8787450078151,-3.0477864875935623,21.0,0,0.12125499218490177,20.83148020004206,20.5,21.5
1550.0,20.564570674423035,20.8740195489261,-3.047407985760133,21.0,0,0.1259804510739002,20.826764960036115,20.5,21.5
1551.0,20.559848278690996,20.86929511142381,-3.0470309709104626,21.0,0,0.13070488857619011,20.82205073640091,20.5,21.5
1552.0,20.555126902841074,20.864571694806667,-3.046655443331664,21.0,0,0.13542830519333293,20.81733752863524,20.5,21.5
1553.0,20.55040654637184,20.85984929857316,-3.0462814033097185,21.0,0,0.14015070142684039,20.812625336238085,20.5,21.5
1554.0,20.545687208781903,20.855127922221804,-3.0459088511294734,21.0,0,0.14487207777819577,20.80791415870825,20.5,21.5
1555.0,20.54096888956992,20.85040756525118,-3.0455377870746423,21.0,0,0.14959243474881845,20.803203995544955,20.5,21.5
1556.0,20.53625158823459,20.8456882271599,-3.045168211427808,21.0,0,0.15431177284009934,20.79849484624709,20.5,21.5
1557.0,20.53153530427466,20.840969907446617,-3.0448001244704184,21.0,0,0.15903009255338318,20.79378671031378,20.5,21.5
1558.0,20.52682003718891,20.83625260561003,-3.0444335264827878,21.0,0,0.16374739438996855,20.789079587244178,20.5,21.5
1559.0,20.522105786476175,20.83153632114888,-3.0440684177440955,21.0,0,0.16846367885111846,20.784373476537382,20.5,21.5
1560.0,20.517392551635332,20.826821053561964,-3.0437047985323886,21.0,0,0.17317894643803555,20.779668377692794,20.5,21.5
1561.0,20.5126803321653,20.82210680234811,-3.043342669124579,21.0,0,0.1778931976518905,20.77496429020956,20.5,21.5
1562.0,20.50796912756504,20.817393567006185,-3.042982029796443,21.0,0,0.18260643299381485,20.77026121358694,20.5,21.5
1563.0,20.50325893733357,20.812681347035117,-3.0426228808226243,21.0,0,0.18731865296488337,20.76555914732443,20.5,21.5
1564.0,20.49854976096994,20.807970141933872,-3.0422652224766296,21.0,0,0.19202985806612816,20.760858090921424,20.5,21.5
1565.0,20.49384159797325,20.803259951201454,-3.041909055030832,21.0,0,0.19674004879854579,20.756158043877278,20.5,21.5
1566.0,20.489134447842652,20.798550774336924,-3.0415543787564685,21.0,0,0.201449225663076,20.751459005691622,20.5,21.5
1567.0,20.48442831007733,20.793842610839384,-3.04120119392364,21.0,0,0.20615738916061588,20.746760975863985,20.5,21.5
1568.0,20.47972318417653,20.789135460207977,-3.040849500801312,21.0,0,0.21086453979202346,20.7420639538939,20.5,21.5
1569.0,20.475019069639536,20.784429321941893,-3.0404992996573146,21.0,0,0.21557067805810703,20.737367939281057,20.5,21.5
1570.0,20.47031596596568,20.77972419554038,-3.0401505907583406,21.0,0,0.22027580445962158,20.732672931525233,20.5,21.5
1571.0,20.465613872654334,20.775020080502713,-3.0398033743699475,21.0,0,0.22497991949728657,20.727978930126064,20.5,21.5
1572.0,20.46091278920493,20.770316976328232,-3.0394576507565567,21.0,0,0.22968302367176818,20.723285934583416,20.5,21.5
1573.0,20.456212715116937,20.765614882516314,-3.039113420181449,21.0,0,0.2343851174836864,20.71859394439713,20.5,21.5
1574.0,20.45151364988988,20.760913798566385,-3.038770682906774,21.0,0,0.23908620143361503,20.7139029590671,20.5,21.5
1575.0,20.44681559302332,20.75621372397791,-3.038429439193539,21.0,0,0.2437862760220888,20.709212978093174,20.5,21.5
1576.0,20.44211854401688,20.75151465825042,-3.038089689301617,21.0,0,0.24848534174957848,20.704524000975525,20.5,21.5
1577.0,20.437422502370215,20.746816600883477,-3.037751433489742,21.0,0,0.2531833991165229,20.699836027214033,20.5,21.5
1578.0,20.432727467583042,20.742119551376696,-3.03741467201551,21.0,0,0.25788044862330395,20.695149056308885,20.5,21.5
1579.0,20.428033439155122,20.737423509229746,-3.0370794051353798,21.0,0,0.2625764907702539,20.690463087760246,20.5,21.5
1580.0,20.423340416586264,20.732728473942338,-3.0367456331046725,21.0,0,0.26727152605766236,20.685778121068253,20.5,21.5
1581.0,20.418648399376327,20.728034445014224,-3.036413356177569,21.0,0,0.27196555498577624,20.681094155733085,20.5,21.5
1582.0,20.413957387025217,20.723341421945225,-3.0360825746071125,21.0,0,0.276658578054775,20.676411191255237,20.5,21.5
1583.0,20.40926737903289,20.718649404235194,-3.0357532886452088,21.0,0,0.28135059576480614,20.671729227134882,20.5,21.5
1584.0,20.404578374899355,20.71395839138404,-3.0354254985426223,21.0,0,0.2860416086159603,20.6670482628725,20.5,21.5
1585.0,20.399890374124666,20.709268382891718,-3.035099204548981,21.0,0,0.2907316171082819,20.662368297968502,20.5,21.5
1586.0,20.395203376208933,20.704579378258238,-3.03477440691277,21.0,0,0.2954206217417621,20.657689331923436,20.5,21.5
1587.0,20.39051738065231,20.699891376983658,-3.0344511058813373,21.0,0,0.30010862301634234,20.653011364237855,20.5,21.5
1588.0,20.385832386955002,20.69520437856808,-3.034129301700892,21.0,0,0.3047956214319214,20.648334394412288,20.5,21.5
1589.0,20.38114839461727,20.690518382511662,-3.0338089946165,21.0,0,0.3094816174883377,20.6436584219475,20.5,21.5
1590.0,20.376465403139424,20.685833388314613,-3.0334901848720914,21.0,0,0.31416661168538695,20.63898344634412,20.5,21.5
1591.0,20.37178341202182,20.681149395477192,-3.033172872710451,21.0,0,0.3188506045228081,20.63430946710298,20.5,21.5
1592.0,20.367102420764873,20.676466403499706,-3.032857058373228,21.0,0,0.3235335965002939,20.62963648372485,20.5,21.5
1593.0,20.362422428869046,20.671784411882516,-3.0325427421009286,21.0,0,0.32821558811748375,20.624964495710618,20.5,21.5
1594.0,20.357743435834852,20.667103420126033,-3.032229924132917,21.0,0,0.33289657987396737,20.620293502561196,20.5,21.5
1595.0,20.353065441162858,20.662423427730722,-3.0319186047074185,21.0,0,0.3375765722692776,20.61562350377762,20.5,21.5
1596.0,20.348388444353684,20.65774443419709,-3.0316087840615165,21.0,0,0.3422555658029083,20.610954498860785,20.5,21.5
1597.0,20.343712444908,20.653066439025718,-3.031300462431152,21.0,0,0.3469335609742821,20.60628648731198,20.5,21.5
1598.0,20.339037442326532,20.648389441717214,-3.0309936400511273,21.0,0,0.3516105582827862,20.601619468632173,20.5,21.5
1599.0,20.334363436110056,20.643713441772256,-3.0306883171550982,21.0,0,0.3562865582277439,20.59695344232268,20.5,21.5
1600.0,20.329690425759402,20.639038438691568,-3.0303844939755837,21.0,0,0.36096156130843227,20.592288407884684,20.5,21.5
1601.0,20.325018410775456,20.63436443197592,-3.030082170743958,21.0,0,0.3656355680240786,20.587624364819458,20.5,21.5
1602.0,20.32034739065915,20.62969142112615,-3.0297813476904523,21.0,0,0.3703085788738498,20.582961312628438,20.5,21.5
1603.0,20.31567736491148,20.625019405643137,-3.0294820250441568,21.0,0,0.37498059435686315,20.578299250813004,20.5,21.5
1604.0,20.311008333033488,20.620348385027825,-3.0291842030330196,21.0,0,0.37965161497217537,20.573638178874702,20.5,21.5
1605.0,20.306340294526276,20.6156783587812,-3.0288878818838443,21.0,0,0.38432164121880064,20.568978096314947,20.5,21.5
1606.0,20.301673248890992,20.611009326404307,-3.028593061822293,21.0,0,0.3889906735956927,20.564319002635386,20.5,21.5
1607.0,20.29700719562885,20.606341287398244,-3.028299743072883,21.0,0,0.39365871260175567,20.559660897337615,20.5,21.5
1608.0,20.29234213424111,20.60167424126417,-3.02800792585899,21.0,0,0.39832575873582954,20.55500377992343,20.5,21.5
1609.0,20.28767806422909,20.59700818750329,-3.0277176104028456,21.0,0,0.40299181249670823,20.550347649894505,20.5,21.5
1610.0,20.283014985094166,20.59234312561687,-3.0274287969255376,21.0,0,0.4076568743831288,20.545692506752665,20.5,21.5
1611.0,20.27835289633776,20.587679055106225,-3.027141485647009,21.0,0,0.412320944893775,20.541038349999763,20.5,21.5
1612.0,20.273691797461364,20.583015975472726,-3.0268556767860613,21.0,0,0.4169840245272738,20.53638517913774,20.5,21.5
1613.0,20.269031687966514,20.57835388621781,-3.026571370560349,21.0,0,0.42164611378219163,20.53173299366863,20.5,21.5
1614.0,20.26437256735481,20.57369278684295,-3.026288567186386,21.0,0,0.4263072131570489,20.52708179309438,20.5,21.5
1615.0,20.2597144351279,20.569032676849698,-3.026007266879536,21.0,0,0.43096732315030195,20.522431576917167,20.5,21.5
1616.0,20.255057290787498,20.564373555739646,-3.025727469854024,21.0,0,0.4356264442603539,20.517782344639127,20.5,21.5
1617.0,20.25040113383537,20.559715423014445,-3.025449176322927,21.0,0,0.44028457698555457,20.51313409576244,20.5,21.5
1618.0,20.245745963773338,20.555058278175814,-3.025172386498177,21.0,0,0.44494172182418623,20.508486829789497,20.5,21.5
1619.0,20.241091780103282,20.550402120725508,-3.0248971005905627,21.0,0,0.44959787927449213,20.50384054622245,20.5,21.5
1620.0,20.236438582327143,20.545746950165356,-3.0246233188097245,21.0,1,0.45425304983464443,20.499195244563833,20.5,21.5
1621.0,20.251786369946917,20.54509276599724,-3.024351041364161,21.0,1,0.4549072340027607,20.538550924316077,20.5,21.5
1622.0,20.267131142464656,20.5484387677231,-3.024080268461222,21.0,1,0.4515612322769016,20.58189878498169,20.5,21.5
1623.0,20.28247290018247,20.555784155004922,-3.023811000307113,21.0,1,0.44421584499507816,20.629238027823156,20.5,21.5
1624.0,20.297811643402373,20.56712812766474,-3.023543237106894,21.0,1,0.4328718723352587,20.680567854262936,20.5,21.5
1625.0,20.313147372426272,20.582469885684567,-3.0232769790644785,21.0,1,0.41753011431543285,20.735887465882826,20.5,21.5
1626.0,20.328480087555974,20.597808629206376,-3.023012226382633,21.0,1,0.40219137079362355,20.75119606442447,20.5,21.5
1627.0,20.343809789093186,20.613144358532082,-3.0227489792629783,21.0,1,0.3868556414679176,20.76650165178914,20.5,21.5
1628.0,20.359136477339515,20.62847707396349,-3.022487237905988,21.0,1,0.3715229260365085,20.781804228277583,20.5,21.5
1629.0,20.374460152596466,20.64380677580231,-3.0222270025109914,21.0,1,0.35619322419768906,20.797103794190505,20.5,21.5
1630.0,20.389780815165444,20.65913346435015,-3.0219682732761664,21.0,1,0.3408665356498517,20.812400349828522,20.5,21.5
1631.0,20.405098465347756,20.674457139908505,-3.0217110503985483,21.0,1,0.32554286009149536,20.827693895492068,20.5,21.5
1632.0,20.420413103444606,20.689777802778792,-3.021455334074023,21.0,1,0.3102221972212078,20.842984431481668,20.5,21.5
1633.0,20.4357247297571,20.70509545326231,-3.0212011244973302,21.0,1,0.2949045467376905,20.858271958097482,20.5,21.5
1634.0,20.45103334458625,20.720410091660263,-3.0209484218620615,21.0,1,0.2795899083397373,20.873556475639795,20.5,21.5
1635.0,20.46633894823296,20.735721718273766,-3.0206972263606593,21.0,1,0.26427828172623435,20.888837984408795,20.5,21.5
1636.0,20.48164154099804,20.751030333403822,-3.0204475381844222,21.0,1,0.24896966659617803,20.904116484704385,20.5,21.5
1637.0,20.496941123182204,20.76633593735134,-3.020199357523497,21.0,1,0.23366406264866058,20.919391976826514,20.5,21.5
1638.0,20.512237695086064,20.781638530417133,-3.019952684566885,21.0,1,0.21836146958286662,20.934664461075073,20.5,21.5
1639.0,20.527531257010132,20.79693811290191,-3.019707519502438,21.0,1,0.20306188709809092,20.949933937749666,20.5,21.5
1640.0,20.54282180925483,20.812234685106283,-3.0194638625168597,21.0,1,0.18776531489371706,20.96520040715002,20.5,21.5
1641.0,20.558109352120475,20.827528247330772,-3.019221713795705,21.0,1,0.1724717526692281,20.98046386957566,20.5,21.5
1642.0,20.57339388590729,20.84281879987579,-3.018981073523382,21.0,1,0.1571812001242101,20.99572432532597,20.5,21.5
1643.0,20.588675410915403,20.858106343041655,-3.0187419418831487,21.0,1,0.1418936569583451,21.010981774700305,20.5,21.5
1644.0,20.603953927444845,20.873390877128596,-3.0185043190571132,21.0,1,0.1266091228714039,21.026236217998008,20.5,21.5
1645.0,20.619229435795546,20.88867240243674,-3.018268205226235,21.0,1,0.11132759756326038,21.041487655518175,20.5,21.5
1646.0,20.63450193626734,20.903950919266112,-3.0180336005703277,21.0,1,0.09604908073388785,21.056736087559838,20.5,21.5
1647.0,20.649771429159973,20.919226427916648,-3.0178005052680508,21.0,1,0.08077357208335201,21.071981514422006,20.5,21.5
1648.0,20.665037914773087,20.934498928688186,-3.0175689194969166,21.0,1,0.06550107131181448,21.08722393640356,20.5,21.5
1649.0,20.680301393406232,20.949768421880464,-3.017338843433288,21.0,1,0.05023157811953638,21.102463353803245,20.5,21.5
1650.0,20.695561865358865,20.96503490779313,-3.017110277252379,21.0,1,0.03496509220687116,21.11769976691978,20.5,21.5
1651.0,20.71081933093034,20.980298386725728,-3.0168832211282517,21.0,1,0.01970161327427178,21.132933176051722,20.5,21.5
1652.0,20.72607379041993,20.995558858977724,-3.0166576752338194,21.0,1,0.00444114102227644,21.148163581497677,20.5,21.5
1653.0,20.741325244126802,21.010816324848463,-3.0164336397408444,21.0,1,-0.010816324848462955,21.163390983555857,20.5,21.5
1654.0,20.756573692350027,21.02607078463722,-3.0162111148199404,21.0,1,-0.0260707846372199,21.17861538252479,20.5,21.5
1655.0,20.771819135388593,21.04132223864317,-3.01599010064057,21.0,1,-0.04132223864316842,21.193836778702654,20.5,21.5
1656.0,20.787061573541386,21.056570687165376,-3.015770597371045,21.0,1,-0.056570687165375944,21.20905517238745,20.5,21.5
1657.0,20.802301007107204,21.07181613050283,-3.0155526051785255,21.0,1,-0.07181613050283175,21.22427056387739,20.5,21.5
1658.0,20.817537436384747,21.087058568954422,-3.015336124229023,21.0,1,-0.0870585689544221,21.239482953470326,20.5,21.5
1659.0,20.832770861672625,21.10229800281894,-3.015121154687397,21.0,1,-0.10229800281894086,21.25469234146413,20.5,21.5
1660.0,20.84800128326935,21.117534432395093,-3.014907696717356,21.0,1,-0.11753443239509309,21.269898728156615,20.5,21.5
1661.0,20.863228701473354,21.132767857981484,-3.014695750481458,21.0,1,-0.13276785798148438,21.285102113845397,20.5,21.5
1662.0,20.878453116582964,21.14799827987664,-3.0144853161411085,21.0,1,-0.1479982798766386,21.30030249882818,20.5,21.5
1663.0,20.89367452889642,21.163225698378973,-3.014276393856564,21.0,1,-0.16322569837897305,21.315499883402317,20.5,21.5
1664.0,20.90889293871187,21.178450113786823,-3.0140689837869257,21.0,1,-0.1784501137868233,21.330694267865326,20.5,21.5
1665.0,20.92410834632737,21.193671526398425,-3.013863086090147,21.0,1,-0.19367152639842544,21.345885652514447,20.5,21.5
1666.0,20.939320752040885,21.20888993651193,-3.0136587009230276,21.0,1,-0.20888993651193033,21.36107403764698,20.5,21.5
1667.0,20.95453015615029,21.224105344425396,-3.0134558284412156,21.0,1,-0.22410534442539642,21.376259423560057,20.5,21.5
1668.0,20.96973655895337,21.239317750436786,-3.0132544687992073,21.0,1,-0.23931775043678627,21.391441810550685,20.5,21.5
1669.0,20.98493996074782,21.254527154843977,-3.013054622150346,21.0,1,-0.25452715484397714,21.406621198915886,20.5,21.5
1670.0,21.00014036183124,21.26973355794475,-3.012856288646825,21.0,1,-0.2697335579447504,21.421797588952483,20.5,21.5
1671.0,21.015337762501144,21.284936960036802,-3.012659468439683,21.0,1,-0.28493696003680213,21.43697098095732,20.5,21.5
1672.0,21.030532163054957,21.300137361417733,-3.012464161678807,21.0,1,-0.3001373614177325,21.452141375227036,20.5,21.5
1673.0,21.04572356379001,21.315334762385064,-3.012270368512933,21.0,1,-0.3153347623850635,21.467308772058374,20.5,21.5
1674.0,21.060911965003548,21.33052916323621,-3.0120780890896404,21.0,1,-0.3305291632362106,21.48247317174768,20.5,21.5
1675.0,21.07609736699273,21.34572056426851,-3.011887323555361,21.0,1,-0.34572056426851105,21.497634574591515,20.5,21.5
1676.0,21.09127977005462,21.360908965779203,-3.0116980720553688,21.0,0,-0.3609089657792026,21.51279298088612,20.5,21.5
1677.0,21.086459174486198,21.37209436806545,-3.0115103347337895,21.0,0,-0.3720943680654507,21.48394839092793,20.5,21.5
1678.0,21.081639580584355,21.379277571424318,-3.0113241117335905,21.0,0,-0.3792775714243177,21.451109605012988,20.5,21.5
1679.0,21.076820987845892,21.382459375992788,-3.011139403196591,21.0,0,-0.3824593759927879,21.41427742167749,20.5,21.5
1680.0,21.072003395767684,21.38164058174778,-3.010956209263453,21.0,0,-0.3816405817477815,21.373452639297717,20.5,21.5
1681.0,21.067186803846678,21.376821988506194,-3.0107745300736877,21.0,0,-0.37682198850619386,21.328636056090318,20.5,21.5
1682.0,21.062371211579894,21.372004395924932,-3.0105943657656518,21.0,0,-0.3720043959249324,21.323828470112318,20.5,21.5
1683.0,21.057556618464425,21.367187803500947,-3.0104157164765475,21.0,0,-0.36718780350094704,21.319021879261093,20.5,21.5
1684.0,21.052743023997436,21.36237221073126,-3.0102385823424234,21.0,0,-0.3623722107312588,21.314216283034376,20.5,21.5
1685.0,21.047930427676167,21.357557617112956,-3.010062963498177,21.0,0,-0.3575576171129562,21.30941168092993,20.5,21.5
1686.0,21.043118828997933,21.35274402214321,-3.009888860077547,21.0,0,-0.35274402214320943,21.304608072445742,20.5,21.5
1687.0,21.038308227460117,21.347931425319256,-3.009716272213123,21.0,0,-0.34793142531925625,21.299805457079724,20.5,21.5
1688.0,21.03349862256018,21.343119826138405,-3.009545200036338,21.0,0,-0.3431198261384054,21.295003834329897,20.5,21.5
1689.0,21.02869001379566,21.33830922409805,-3.009375643677469,21.0,0,-0.338309224098051,21.290203203694507,20.5,21.5
1690.0,21.023882400664167,21.33349961869565,-3.0092076032656427,21.0,0,-0.3334996186956509,21.28540356467165,20.5,21.5
1691.0,21.019075782663382,21.328691009428745,-3.0090410789288278,21.0,0,-0.32869100942874496,21.280604916759685,20.5,21.5
1692.0,21.014270159291062,21.323883395794933,-3.00887607079384,21.0,0,-0.3238833957949332,21.275807259456816,20.5,21.5
1693.0,21.009465530045045,21.319076777291905,-3.0087125789863407,21.0,0,-0.31907677729190453,21.271010592261618,20.5,21.5
1694.0,21.00466189442324,21.314271153417423,-3.0085506036308356,21.0,0,-0.3142711534174225,21.266214914672602,20.5,21.5
1695.0,20.999859251923628,21.309466523669318,-3.0083901448506767,21.0,0,-0.30946652366931815,21.261420226188275,20.5,21.5
1696.0,20.995057602044273,21.304662887545494,-3.0082312027680596,21.0,0,-0.30466288754549353,21.256626526307247,20.5,21.5
1697.0,20.99025694428331,21.299860244543943,-3.008073777504025,21.0,0,-0.2998602445439431,21.25183381452844,20.5,21.5
1698.0,20.985457278138952,21.29505859416272,-3.0079178691784607,21.0,0,-0.29505859416272173,21.247042090350508,20.5,21.5
1699.0,20.98065860310949,21.290257935899973,-3.007763477910097,21.0,0,-0.29025793589997306,21.242251353272486,20.5,21.5
1700.0,20.975860918693286,21.285458269253905,-3.0076106038165094,21.0,0,-0.2854582692539047,21.23746160279322,20.5,21.5
1701.0,20.971064224388783,21.280659593722806,-3.0074592470141175,21.0,0,-0.280659593722806,21.23267283841182,20.5,21.5
1702.0,20.966268519694502,21.275861908805044,-3.0073094076181874,21.0,0,-0.27586190880504446,21.22788505962743,20.5,21.5
1703.0,20.96147380410904,21.271065213999062,-3.007161085742827,21.0,0,-0.27106521399906214,21.22309826593924,20.5,21.5
1704.0,20.95668007713107,21.26626950880338,-3.0070142815009913,21.0,0,-0.2662695088033793,21.21831245684655,20.5,21.5
1705.0,20.951887338259347,21.26147479271659,-3.006868995004477,21.0,0,-0.2614747927165908,21.213527631848706,20.5,21.5
1706.0,20.947095586992695,21.256681065237377,-3.006725226363927,21.0,0,-0.25668106523737677,21.208743790445236,20.5,21.5
1707.0,20.942304822830025,21.251888325864478,-3.0065829756888265,21.0,0,-0.25188832586447774,21.203960932135487,20.5,21.5
1708.0,20.93751504527032,21.247096574096737,-3.0064422430875055,21.0,0,-0.24709657409673724,21.199179056419332,20.5,21.5
1709.0,20.93272625381265,21.24230580943305,-3.006303028667139,21.0,0,-0.24230580943304858,21.194398162796162,20.5,21.5
1710.0,20.927938447956155,21.237516031372408,-3.006165332533744,21.0,0,-0.23751603137240807,21.189618250766003,20.5,21.5
1711.0,20.923151627200056,21.23272723941388,-3.0060291547921825,21.0,0,-0.23272723941387952,21.184839319828594,20.5,21.5
1712.0,20.91836579104366,21.227939433056605,-3.0058944955461593,21.0,0,-0.2279394330566049,21.18006136948386,20.5,21.5
1713.0,20.91358093898634,21.22315261179981,-3.0057613548982243,21.0,0,-0.2231526117998115,21.175284399231877,20.5,21.5
1714.0,20.908797070527562,21.218366775142794,-3.0056297329497683,21.0,0,-0.218366775142794,21.17050840857262,20.5,21.5
1715.0,20.90401418516687,21.21358192258494,-3.0054996298010286,21.0,0,-0.21358192258493958,21.165733397006395,20.5,21.5
1716.0,20.899232282403876,21.208798053625703,-3.005371045551084,21.0,0,-0.2087980536257028,21.160959364033335,20.5,21.5
1717.0,20.894451361738284,21.20401516776463,-3.0052439802978563,21.0,0,-0.2040151677646307,21.15618630915391,20.5,21.5
1718.0,20.889671422669878,21.199233264501338,-3.0051184341381116,21.0,0,-0.19923326450133771,21.151414231868408,20.5,21.5
1719.0,20.884892464698517,21.194452343335527,-3.0049944071674597,21.0,0,-0.1944523433355272,21.146643131677422,20.5,21.5
1720.0,20.880114487324143,21.189672403766984,-3.004871899480351,21.0,0,-0.18967240376698413,21.141873008081554,20.5,21.5
1721.0,20.875337490046782,21.184893445295565,-3.004750911170082,21.0,0,-0.18489344529556462,21.13710386058137,20.5,21.5
1722.0,20.87056147236654,21.180115467421214,-3.0046314423287894,21.0,0,-0.18011546742121354,21.132335688677703,20.5,21.5
1723.0,20.8657864337836,21.175338469643957,-3.0045134930474546,21.0,0,-0.1753384696439575,21.127568491871397,20.5,21.5
1724.0,20.861012373798236,21.1705624514639,-3.0043970634159,21.0,0,-0.17056245146390125,21.12280226966334,20.5,21.5
1725.0,20.856239291910793,21.165787412381228,-3.0042821535227926,21.0,0,-0.16578741238122774,21.118037021554493,20.5,21.5
1726.0,20.851467187621704,21.161013351896212,-3.0041687634556418,21.0,0,-0.16101335189621224,21.113272747046057,20.5,21.5
1727.0,20.84669606043149,21.156240269509205,-3.004056893300799,21.0,0,-0.15624026950920467,21.10850944563913,20.5,21.5
1728.0,20.841925909840743,21.151468164720633,-3.0039465431434564,21.0,0,-0.15146816472063307,21.103747116834917,20.5,21.5
1729.0,20.837156735350145,21.146697037031014,-3.003837713067653,21.0,0,-0.14669703703101433,21.098985760134827,20.5,21.5
1730.0,20.832388536460464,21.14192688594095,-3.0037304031562666,21.0,0,-0.1419268859409506,21.094225375040313,20.5,21.5
1731.0,20.82762131267254,21.13715771095112,-3.0036246134910174,21.0,0,-0.13715771095111862,21.0894659610528,20.5,21.5
1732.0,20.822855063487307,21.13238951156228,-3.003520344152469,21.0,0,-0.1323895115622804,21.0847075176739,20.5,21.5
1733.0,20.81808978840578,21.12762228727529,-3.0034175952200286,21.0,0,-0.12762228727529035,21.07995004440539,20.5,21.5
1734.0,20.813325486929052,21.12285603759107,-3.0033163667719434,21.0,0,-0.12285603759107033,21.07519354074887,20.5,21.5
1735.0,20.808562158558313,21.11809076201064,-3.003216658885302,21.0,0,-0.11809076201064173,21.070438006206356,20.5,21.5
1736.0,20.803799802794824,21.113326460035097,-3.0031184716360375,21.0,0,-0.11332646003509694,21.06568344027965,20.5,21.5
1737.0,20.799038419139936,21.10856313116562,-3.003021805098924,21.0,0,-0.10856313116562077,21.06092984247086,20.5,21.5
1738.0,20.794278007095087,21.103800774903483,-3.002926659347576,21.0,0,-0.10380077490348327,21.05617721228211,20.5,21.5
1739.0,20.7895185661618,21.09903939075003,-3.0028330344544525,21.0,0,-0.0990393907500291,21.051425549215487,20.5,21.5
1740.0,20.784760095841676,21.094278978206702,-3.0027409304908526,21.0,0,-0.09427897820670239,21.046674852773435,20.5,21.5
1741.0,20.78000259563641,21.089519536775022,-3.0026503475269166,21.0,0,-0.08951953677502189,21.041925122458217,20.5,21.5
1742.0,20.775246065047778,21.084761065956588,-3.0025612856316277,21.0,0,-0.08476106595658806,21.03717635777225,20.5,21.5
1743.0,20.77049050357764,21.0800035652531,-3.0024737448728107,21.0,0,-0.08000356525310082,21.03242855821823,20.5,21.5
1744.0,20.76573591072795,21.07524703416633,-3.0023877253171323,21.0,0,-0.07524703416633116,21.027681723298635,20.5,21.5
1745.0,20.760982286000743,21.070491472198146,-3.002303227030099,21.0,0,-0.070491472198146,21.022935852516294,20.5,21.5
1746.0,20.756229628898136,21.06573687885049,-3.0022202500760597,21.0,0,-0.0657368788504904,21.018190945373934,20.5,21.5
1747.0,20.751477938922342,21.060983253625402,-3.0021387945182063,21.0,0,-0.0609832536254018,21.013447001374516,20.5,21.5
1748.0,20.746727215575653,21.056230596025006,-3.002058860418571,21.0,0,-0.05623059602500646,21.008704020021053,20.5,21.5
1749.0,20.741977458360456,21.05147890555151,-3.001980447838025,21.0,0,-0.0514789055515088,21.003962000816532,20.5,21.5
1750.0,20.737228666779217,21.046728181707202,-3.001903556836284,21.0,0,-0.046728181707202054,20.999220943264135,20.5,21.5
1751.0,20.732480840334492,21.041978423994475,-3.0018281874719044,21.0,0,-0.04197842399447538,20.99448084686721,20.5,21.5
1752.0,20.72773397852893,21.037229631915793,-3.0017543398022832,21.0,0,-0.03722963191579254,20.989741711128964,20.5,21.5
1753.0,20.722988080865264,21.032481804973713,-3.0016820138836575,21.0,0,-0.032481804973713224,20.98500353555292,20.5,21.5
1754.0,20.718243146846316,21.027734942670882,-3.0016112097711076,21.0,0,-0.02773494267088239,20.980266319642574,20.5,21.5
1755.0,20.71349917597499,21.02298904451004,-3.001541927518554,21.0,0,-0.022989044510040912,20.975530062901626,20.5,21.5
1756.0,20.70875616775429,21.018244109993997,-3.001474167178758,21.0,0,-0.01824410999399717,20.97079476483356,20.5,21.5
1757.0,20.704014121687305,21.013500138625673,-3.001407928803321,21.0,0,-0.01350013862567323,20.966060424942434,20.5,21.5
1758.0,20.699273037277205,21.008757129908062,-3.0013432124426878,21.0,0,-0.008757129908062211,20.961327042731952,20.5,21.5
1759.0,20.69453291402726,21.00401508334425,-3.001280018146142,21.0,0,-0.004015083344249604,20.956594617706124,20.5,21.5
1760.0,20.689793751440824,20.999273998437417,-3.0012183459618083,21.0,0,0.0007260015625831784,20.95186314936909,20.5,21.5
1761.0,20.685055549021342,20.994533874690823,-3.001158195936654,21.0,0,0.005466125309176562,20.94713263722489,20.5,21.5
1762.0,20.68031830627235,20.989794711607836,-3.0010995681164854,21.0,0,0.010205288392164391,20.942403080777957,20.5,21.5
1763.0,20.675582022697473,20.985056508691887,-3.00104246254595,21.0,0,0.01494349130811301,20.9376744795324,20.5,21.5
1764.0,20.670846697800425,20.980319265446518,-3.0009868792685364,21.0,0,0.019680734553482182,20.932946832992826,20.5,21.5
1765.0,20.66611233108501,20.975582981375357,-3.000932818326574,21.0,0,0.02441701862464285,20.92822014066375,20.5,21.5
1766.0,20.66137892205513,20.970847655982116,-3.0008802797612315,21.0,0,0.029152344017884246,20.923494402049702,20.5,21.5
1767.0,20.656646470214763,20.966113288770597,-3.0008292636125207,21.0,0,0.03388671122940323,20.918769616655407,20.5,21.5
1768.0,20.651914975068,20.961379879244703,-3.0007797699192915,21.0,0,0.038620120755297194,20.914045783985763,20.5,21.5
1769.0,20.647184436119,20.956647426908418,-3.0007317987192357,21.0,0,0.0433525730915818,20.909322903545572,20.5,21.5
1770.0,20.642454852872035,20.951915931265823,-3.0006853500488857,21.0,0,0.04808406873417681,20.904600974839873,20.5,21.5
1771.0,20.63772622483145,20.947185391821087,-3.0006404239436133,21.0,0,0.05281460817891315,20.899879997373723,20.5,21.5
1772.0,20.632998551501696,20.94245580807847,-3.0005970204376338,21.0,0,0.057544191921529375,20.89515997065231,20.5,21.5
1773.0,20.62827183238731,20.937727179542332,-3.000555139563999,21.0,0,0.06227282045766813,20.890440894180944,20.5,21.5
1774.0,20.62354606699292,20.932999505717113,-3.000514781354603,21.0,0,0.06700049428288679,20.885722767464927,20.5,21.5
1775.0,20.61882125482325,20.928272786107357,-3.000475945840182,21.0,0,0.07172721389264325,20.881005590009792,20.5,21.5
1776.0,20.614097395383116,20.92354702021769,-3.000438633050309,21.0,0,0.07645297978231014,20.87628936132102,20.5,21.5
1777.0,20.60937448817743,20.91882220755284,-3.0004028430134007,21.0,0,0.08117779244716061,20.871574080904335,20.5,21.5
1778.0,20.604652532711192,20.914098347617617,-3.0003685757567116,21.0,0,0.08590165238238257,20.866859748265398,20.5,21.5
1779.0,20.5999315284895,20.909375439916932,-3.000335831306338,21.0,0,0.09062456008306796,20.862146362910078,20.5,21.5
1780.0,20.59521147501754,20.904653483955787,-3.000304609687218,21.0,0,0.09534651604421285,20.85743392434434,20.5,21.5
1781.0,20.590492371800597,20.899932479239283,-3.0002749109231255,21.0,0,0.10006752076071734,20.852722432074238,20.5,21.5
1782.0,20.585774218344053,20.895212425272607,-3.0002467350366793,21.0,0,0.10478757472739275,20.848011885605853,20.5,21.5
1783.0,20.581057014153377,20.890493321561042,-3.000220082049335,21.0,0,0.109506678438958,20.84330228444539,20.5,21.5
1784.0,20.576340758734137,20.885775167609967,-3.000194951981392,21.0,0,0.11422483239003256,20.838593628099222,20.5,21.5
1785.0,20.571625451591995,20.88105796292486,-3.000171344851986,21.0,0,0.11894203707513995,20.833885916073786,20.5,21.5
1786.0,20.566911092232708,20.876341707011285,-3.0001492606790965,21.0,0,0.12365829298871489,20.829179147875536,20.5,21.5
1787.0,20.562197680162125,20.871626399374897,-3.00012869947954,21.0,0,0.12837360062510328,20.824473323011013,20.5,21.5
1788.0,20.557485214886196,20.866912039521463,-3.0001096612689757,21.0,0,0.13308796047853733,20.819768440987122,20.5,21.5
1789.0,20.552773695910965,20.862198626956832,-3.0000921460619026,21.0,0,0.13780137304316753,20.81506450131053,20.5,21.5
1790.0,20.54806312274257,20.857486161186948,-3.0000761538716576,21.0,0,0.14251383881305202,20.810361503488103,20.5,21.5
1791.0,20.543353494887246,20.85277464171785,-3.0000616847104205,21.0,0,0.14722535828214944,20.805659447026876,20.5,21.5
1792.0,20.538644811851327,20.84806406805569,-3.0000487385892107,21.0,0,0.15193593194430832,20.800958331434103,20.5,21.5
1793.0,20.53393707314124,20.8433544397067,-3.0000373155178863,21.0,0,0.156645560293299,20.796258156216794,20.5,21.5
1794.0,20.52923027826351,20.838645756177208,-3.000027415505146,21.0,0,0.1613542438227924,20.791558920882274,20.5,21.5
1795.0,20.524524426724753,20.833938016973644,-3.0000190385585306,21.0,0,0.16606198302635633,20.786860624938004,20.5,21.5
1796.0,20.519819518031696,20.829231221602534,-3.0000121846844188,21.0,0,0.1707687783974663,20.782163267891434,20.5,21.5
1797.0,20.515115551691153,20.824525369570498,-3.0000068538880305,21.0,0,0.17547463042950184,20.777466849250143,20.5,21.5
1798.0,20.510412527210036,20.819820460384257,-3.0000030461734246,21.0,0,0.18017953961574307,20.772771368521845,20.5,21.5
1799.0,20.50571044409536,20.815116493550626,-3.000000761543501,21.0,0,0.18488350644937412,20.768076825214315,20.5,21.5
1800.0,20.501009301854232,20.81041346857652,7.0,21.0,0,0.1895865314234797,20.763383218835465,20.5,21.5
1801.0,20.49830909999386,20.806111384968954,6.999999238456499,21.0,0,0.19388861503104593,20.76309054889329,20.5,21.5
1802.0,20.495609438021553,20.802210162235035,6.999996953826575,21.0,0,0.19778983776496517,20.763197934895842,20.5,21.5
1803.0,20.492910315524714,20.798709719897975,6.9999931461119695,21.0,0,0.20129028010202532,20.763705296527373,20.5,21.5
1804.0,20.49021173209083,20.795609977497072,6.999987815315581,21.0,0,0.2043900225029276,20.76461255348805,20.5,21.5
1805.0,20.487513687307477,20.79291085458772,6.999980961441469,21.0,0,0.2070891454122794,20.765919625494202,20.5,21.5
1806.0,20.484816180762305,20.79021227074141,6.999972584494854,21.0,0,0.2097877292585899,20.763226432278305,20.5,21.5
1807.0,20.482119212043052,20.78751422554571,6.999962684482114,21.0,0,0.21248577445429007,20.76053377358871,20.5,21.5
1808.0,20.47942278073754,20.784816718588274,6.999951261410789,21.0,0,0.2151832814117256,20.75784164901392,20.5,21.5
1809.0,20.476726886433674,20.782119749456843,6.9999383152895795,21.0,0,0.21788025054315696,20.75515005814253,20.5,21.5
1810.0,20.474031528719447,20.779423317739237,6.999923846128342,21.0,0,0.22057668226076288,20.752459000563178,20.5,21.5
1811.0,20.471336707182928,20.77672742302336,6.9999078539380974,21.0,0,0.22327257697664038,20.749768475864585,20.5,21.5
1812.0,20.46864242141228,20.774032064897206,6.999890338731024,21.0,0,0.22596793510279412,20.74707848363567,20.5,21.5
1813.0,20.465948670995743,20.771337242948846,6.999871300520461,21.0,0,0.22866275705115413,20.744389023465246,20.5,21.5
1814.0,20.463255455521647,20.76864295676644,6.9998507393209035,21.0,0,0.23135704323356165,20.741700094942363,20.5,21.5
1815.0,20.460562774578406,20.76594920593823,6.999828655148014,21.0,0,0.2340507940617691,20.739011697656156,20.5,21.5
1816.0,20.45787062775452,20.76325599005255,6.999805048018608,21.0,0,0.2367440099474507,20.736323831195733,20.5,21.5
1817.0,20.455179014638574,20.760563308697805,6.999779917950665,21.0,0,0.23943669130219547,20.733636495150357,20.5,21.5
1818.0,20.452487934819235,20.757871161462507,6.999753264963321,21.0,0,0.2421288385374929,20.730949689109533,20.5,21.5
1819.0,20.449797387885265,20.75517954793523,6.9997250890768745,21.0,0,0.24482045206476855,20.728263412662475,20.5,21.5
1820.0,20.447107373425503,20.75248846770465,6.999695390312782,21.0,0,0.2475115322953485,20.725577665398852,20.5,21.5
1821.0,20.44441789102888,20.74979792035952,6.999664168693662,21.0,0,0.2502020796404807,20.722892446908197,20.5,21.5
1822.0,20.441728940284413,20.74710790548869,6.999631424243288,21.0,0,0.25289209451131,20.720207756780397,20.5,21.5
1823.0,20.439040520781205,20.744418422681083,6.999597156986599,21.0,0,0.2555815773189174,20.71752359460501,20.5,21.5
1824.0,20.436352632108445,20.74172947152572,6.999561366949691,21.0,0,0.2582705284742808,20.714839959972085,20.5,21.5
1825.0,20.433665273855414,20.7390410516117,6.999524054159818,21.0,0,0.2609589483882999,20.71215685247151,20.5,21.5
1826.0,20.430978445611476,20.736353162528218,6.999485218645397,21.0,0,0.2636468374717822,20.709474271693395,20.5,21.5
1827.0,20.428292146966083,20.73366580386455,6.999444860436001,21.0,0,0.26633419613544973,20.706792217227875,20.5,21.5
1828.0,20.425606377508778,20.730978975210068,6.999402979562366,21.0,0,0.2690210247899323,20.704110688665242,20.5,21.5
1829.0,20.42292113682919,20.728292676154215,6.999359576056387,21.0,0,0.271707323845785,20.701429685595688,20.5,21.5
1830.0,20.420236424517032,20.725606906286536,6.999314649951114,21.0,0,0.27439309371346354,20.69874920760975,20.5,21.5
1831.0,20.41755224016212,20.72292166519667,6.999268201280764,21.0,0,0.2770783348033312,20.696069254297992,20.5,21.5
1832.0,20.414868583354345,20.72023695247432,6.9992202300807085,21.0,0,0.27976304752568026,20.69338982525083,20.5,21.5
1833.0,20.41218545368369,20.7175527677093,6.999170736387479,21.0,0,0.2824472322906999,20.690710920059104,20.5,21.5
1834.0,20.409502850740232,20.714869110491513,6.9991197202387685,21.0,0,0.285130889508487,20.688032538313642,20.5,21.5
1835.0,20.40682077411413,20.71218598041093,6.999067181673426,21.0,0,0.2878140195890708,20.68535467960509,20.5,21.5
1836.0,20.404139223395642,20.709503377057636,6.999013120731464,21.0,0,0.29049662294236356,20.68267734352471,20.5,21.5
1837.0,20.40145819817511,20.706821300021787,6.99895753745405,21.0,0,0.29317869997821333,20.68000052966329,20.5,21.5
1838.0,20.398777698042966,20.704139748893645,6.998900431883515,21.0,0,0.2958602511063546,20.677324237612233,20.5,21.5
1839.0,20.396097722589733,20.701458723263542,6.998841804063346,21.0,0,0.2985412767364579,20.67464846696251,20.5,21.5
1840.0,20.393418271406027,20.69877822272192,6.998781654038192,21.0,0,0.3012217772780801,20.6719732173057,20.5,21.5
1841.0,20.390739344082554,20.696098246859304,6.998719981853858,21.0,0,0.30390175314069623,20.669298488233142,20.5,21.5
1842.0,20.38806094021011,20.693418795266304,6.998656787557312,21.0,0,0.3065812047336962,20.666624279336304,20.5,21.5
1843.0,20.385383059379578,20.690739867533626,6.998592071196679,21.0,0,0.30926013246637396,20.66395059020685,20.5,21.5
1844.0,20.38270570118194,20.68806146325207,6.998525832821242,21.0,0,0.31193853674793104,20.661277420436498,20.5,21.5
1845.0,20.380028865208267,20.685383582012516,6.998458072481446,21.0,0,0.31461641798748374,20.65860476961699,20.5,21.5
1846.0,20.37735255104972,20.68270622340595,6.998388790228892,21.0,0,0.3172937765940489,20.6559326373403,20.5,21.5
1847.0,20.374676758297557,20.68002938702344,6.9983179861163425,21.0,0,0.3199706129765616,20.65326102319831,20.5,21.5
1848.0,20.37200148654312,20.67735307245615,6.998245660197717,21.0,0,0.3226469275438504,20.65058992678326,20.5,21.5
1849.0,20.36932673537785,20.67467727929533,6.998171812528096,21.0,0,0.32532272070466917,20.647919347687143,20.5,21.5
1850.0,20.36665250439328,20.67200200713233,6.998096443163716,21.0,0,0.32799799286766884,20.645249285502334,20.5,21.5
1851.0,20.363978793181033,20.669327255558592,6.998019552161975,21.0,0,0.33067274444140793,20.6425797398212,20.5,21.5
1852.0,20.36130560133283,20.666653024165647,6.99794113958143,21.0,0,0.3333469758343526,20.6399107102362,20.5,21.5
1853.0,20.358632928440482,20.663979312545116,6.997861205481794,21.0,0,0.33602068745488367,20.637242196339805,20.5,21.5
1854.0,20.35596077409589,20.661306120288724,6.99777974992394,21.0,0,0.3386938797112755,20.634574197724806,20.5,21.5
1855.0,20.353289137891057,20.65863344698828,6.997696772969901,21.0,0,0.3413665530117207,20.631906713983827,20.5,21.5
1856.0,20.35061801941807,20.655961292235688,6.997612274682869,21.0,0,0.34403870776431233,20.62923974470977,20.5,21.5
1857.0,20.347947418269126,20.65328965562295,6.997526255127189,21.0,0,0.34671034437705117,20.62657328949556,20.5,21.5
1858.0,20.345277334036496,20.65061853674215,6.997438714368372,21.0,0,0.34938146325784913,20.62390734793417,20.5,21.5
1859.0,20.34260776631256,20.647947935185485,6.997349652473083,21.0,0,0.3520520648145151,20.621241919618825,20.5,21.5
1860.0,20.339938714689794,20.645277850545234,6.9972590695091474,21.0,0,0.35472214945476566,20.61857700414273,20.5,21.5
1861.0,20.337270178760757,20.642608282413768,6.9971669655455475,21.0,0,0.357391717586232,20.615912601099105,20.5,21.5
1862.0,20.334602158118116,20.63993923038357,6.997073340652424,21.0,0,0.36006076961643174,20.61324871008157,20.5,21.5
1863.0,20.331934652354622,20.637270694047196,6.996978194901076,21.0,0,0.3627293059528043,20.61058533068347,20.5,21.5
1864.0,20.32926766106313,20.63460267299731,6.9968815283639625,21.0,0,0.36539732700268956,20.607922462498458,20.5,21.5
1865.0,20.32660118383659,20.631935166826672,6.996783341114698,21.0,0,0.36806483317332805,20.605260105120287,20.5,21.5
1866.0,20.323935220268048,20.62926817512813,6.996683633228057,21.0,0,0.3707318248718714,20.602598258142695,20.5,21.5
1867.0,20.32126976995064,20.626601697494635,6.996582404779971,21.0,0,0.37339830250536465,20.599936921159703,20.5,21.5
1868.0,20.318604832477604,20.623935733519232,6.996479655847531,21.0,0,0.37606426648076763,20.597276093765203,20.5,21.5
1869.0,20.315940407442277,20.621270282795063,6.9963753865089835,21.0,0,0.3787297172049371,20.59461577555337,20.5,21.5
1870.0,20.31327649443809,20.618605344915363,6.996269596843734,21.0,0,0.38139465508463744,20.59195596611836,20.5,21.5
1871.0,20.31061309305857,20.615940919473466,6.996162286932347,21.0,0,0.3840590805265336,20.589296665054505,20.5,21.5
1872.0,20.307950202897345,20.61327700606281,6.996053456856544,21.0,0,0.386722993937191,20.586637871956235,20.5,21.5
1873.0,20.305287823548138,20.610613604276914,6.995943106699201,21.0,0,0.3893863957230863,20.58397958641796,20.5,21.5
1874.0,20.302625954604768,20.607950713709414,6.995831236544358,21.0,0,0.392049286290586,20.581321808034417,20.5,21.5
1875.0,20.299964595661155,20.60528833395403,6.995717846477207,21.0,0,0.3947116660459713,20.578664536400176,20.5,21.5
1876.0,20.297303746311318,20.60262646460458,6.9956029365841,21.0,0,0.3973735353954204,20.57600777111009,20.5,21.5
1877.0,20.294643406149373,20.599965105254988,6.995486506952545,21.0,0,0.4000348947450121,20.57335151175907,20.5,21.5
1878.0,20.29198357476953,20.597304255499264,6.995368557671211,21.0,0,0.4026957445007362,20.570695757942023,20.5,21.5
1879.0,20.28932425176611,20.59464391493153,6.995249088829918,21.0,0,0.405356085068469,20.568040509254203,20.5,21.5
1880.0,20.286665436733525,20.59198408314601,6.995128100519649,21.0,0,0.40801591685399075,20.56538576529079,20.5,21.5
1881.0,20.284007129266282,20.589324759737003,6.99500559283254,21.0,0,0.4106752402629965,20.562731525646946,20.5,21.5
1882.0,20.281349328958996,20.586665944298925,6.994881565861888,21.0,0,0.41333405570107473,20.560077789918143,20.5,21.5
1883.0,20.278692035406376,20.584007636426296,6.994756019702144,21.0,0,0.4159923635737037,20.557424557700006,20.5,21.5
1884.0,20.276035248203236,20.58134983571372,6.994628954448916,21.0,0,0.4186501642862801,20.554771828587956,20.5,21.5
1885.0,20.273378966944485,20.578692541755913,6.994500370198971,21.0,0,0.4213074582440868,20.552119602177847,20.5,21.5
1886.0,20.270723191225134,20.576035754147686,6.994370267050232,21.0,0,0.4239642458523143,20.54946787806541,20.5,21.5
1887.0,20.2680679206403,20.573379472483946,6.994238645101776,21.0,0,0.4266205275160537,20.546816655846552,20.5,21.5
1888.0,20.26541315478519,20.57072369635971,6.994105504453841,21.0,0,0.42927630364028957,20.544165935117352,20.5,21.5
1889.0,20.262758893255125,20.568068425370086,6.9939708452078175,21.0,0,0.43193157462991394,20.541515715473842,20.5,21.5
1890.0,20.260105135645514,20.56541365911029,6.993834667466256,21.0,0,0.4345863408897088,20.538865996512342,20.5,21.5
1891.0,20.257451881551876,20.562759397175636,6.993696971332861,21.0,0,0.43724060282436383,20.536216777829086,20.5,21.5
1892.0,20.254799130569832,20.56010563916154,6.9935577569124945,21.0,0,0.43989436083845845,20.533568059020595,20.5,21.5
1893.0,20.2521468822951,20.557452384663527,6.9934170243111735,21.0,0,0.4425476153364727,20.530919839683385,20.5,21.5
1894.0,20.249495136323503,20.554799633277202,6.993274773636073,21.0,0,0.4452003667227977,20.528272119413952,20.5,21.5
1895.0,20.246843892250965,20.552147384598292,6.993131004995523,21.0,0,0.4478526154017075,20.525624897809195,20.5,21.5
1896.0,20.244193149673514,20.549495638222616,6.992985718499009,21.0,0,0.4505043617773836,20.522978174465855,20.5,21.5
1897.0,20.241542908187277,20.546844393746106,6.992838914257173,21.0,0,0.45315560625389395,20.520331948981003,20.5,21.5
1898.0,20.23889316738849,20.544193650764786,6.992690592381813,21.0,0,0.455806349235214,20.517686220951585,20.5,21.5
1899.0,20.236243926873488,20.541543408874784,6.9925407529858825,21.0,0,0.4584565911252163,20.51504098997476,20.5,21.5
1900.0,20.23359518623871,20.538893667672333,6.992389396183491,21.0,0,0.46110633232766673,20.51239625564783,20.5,21.5
1901.0,20.2309469450807,20.536244426753772,6.992236522089903,21.0,0,0.4637555732462282,20.509752017568157,20.5,21.5
1902.0,20.2282992029961,20.533595685715536,6.992082130821539,21.0,0,0.46640431428446405,20.507108275333177,20.5,21.5
1903.0,20.225651959581665,20.530947444154172,6.991926222495975,21.0,0,0.4690525558458276,20.504465028540537,20.5,21.5
1904.0,20.22300521443425,20.52829970166632,6.9917687972319404,21.0,0,0.47170029833367977,20.5018222767878,20.5,21.5
1905.0,20.22035896715081,20.525652457848743,6.991609855149323,21.0,1,0.4743475421512571,20.49918001967297,20.5,21.5
1906.0,20.23771321732841,20.527005712298283,6.991449396369164,21.0,1,0.4729942877017166,20.54053825679369,20.5,21.5
1907.0,20.25506396456422,20.532358664611913,6.991287421013659,21.0,1,0.4676413353880875,20.585888187748203,20.5,21.5
1908.0,20.27241120925551,20.54171051454668,6.99112392920616,21.0,1,0.4582894854533208,20.635229013894346,20.5,21.5
1909.0,20.289754951799498,20.555060462019732,6.990958921071172,21.0,1,0.4449395379802681,20.68855993675026,20.5,21.5
1910.0,20.30709519259335,20.572407707108237,6.990792396734358,21.0,1,0.42759229289176304,20.745880157993287,20.5,21.5
1911.0,20.32443193203418,20.58975145004939,6.990624356322531,21.0,1,0.4102485499506088,20.763188879460934,20.5,21.5
1912.0,20.34176517051904,20.607091691240356,6.990454799963662,21.0,1,0.3929083087596439,20.780494103150005,20.5,21.5
1913.0,20.359094908444927,20.62442843107824,6.990283727786877,21.0,1,0.37557156892176025,20.797795829457076,20.5,21.5
1914.0,20.376421146208795,20.6417616699601,6.990111139922453,21.0,1,0.35823833003989947,20.81509405877871,20.5,21.5
1915.0,20.393743884207538,20.65909140828294,6.989937036501823,21.0,1,0.34090859171706,20.832388791511335,20.5,21.5
1916.0,20.411063122837998,20.676417646443703,6.989761417657577,21.0,1,0.32358235355629716,20.84968002805133,20.5,21.5
1917.0,20.428378862496963,20.693740384839288,6.9895842835234525,21.0,1,0.30625961516071243,20.866967768795135,20.5,21.5
1918.0,20.44569110358117,20.711059623866536,6.989405634234348,21.0,1,0.2889403761334641,20.88425201413902,20.5,21.5
1919.0,20.4629998464873,20.728375363922236,6.989225469926312,21.0,1,0.2716246360777639,20.90153276447924,20.5,21.5
1920.0,20.48030509161199,20.745687605403127,6.989043790736547,21.0,1,0.25431239459687305,20.918810020212035,20.5,21.5
1921.0,20.497606839351814,20.76299634870589,6.988860596803409,21.0,1,0.23700365129410983,20.936083781733522,20.5,21.5
1922.0,20.514905090103305,20.78030159422716,6.9886758882664095,21.0,1,0.2196984057728386,20.953354049439874,20.5,21.5
1923.0,20.532199844262937,20.797603342363512,6.988489665266211,21.0,1,0.20239665763648773,20.97062082372702,20.5,21.5
1924.0,20.549491102227137,20.81490159351148,6.988301927944631,21.0,1,0.18509840648852105,20.987884104991146,20.5,21.5
1925.0,20.56677886439228,20.832196348067534,6.988112676444639,21.0,1,0.16780365193246638,21.00514389362808,20.5,21.5
1926.0,20.58406313115469,20.84948760642811,6.98792191091036,21.0,1,0.1505123935718906,21.022400190033867,20.5,21.5
1927.0,20.601343902910642,20.866775368989575,6.987729631487068,21.0,1,0.1332246310104246,21.039652994604236,20.5,21.5
1928.0,20.61862118005636,20.884059636148258,6.987535838321193,21.0,1,0.11594036385174178,21.056902307735086,20.5,21.5
1929.0,20.63589496298801,20.901340408300435,6.987340531560317,21.0,1,0.0986595916995654,21.0741481298222,20.5,21.5
1930.0,20.653165252101726,20.918617685842328,6.987143711353175,21.0,1,0.08138231415767194,21.091390461261263,20.5,21.5
1931.0,20.670432047793575,20.935891469170105,6.986945377849654,21.0,1,0.06410853082989476,21.108629302447877,20.5,21.5
1932.0,20.687695350459588,20.953161758679894,6.986745531200793,21.0,1,0.04683824132010628,21.12586465377778,20.5,21.5
1933.0,20.704955160495736,20.97042855476777,6.986544171558784,21.0,1,0.029571445232228655,21.143096515646548,20.5,21.5
1934.0,20.722211478297947,20.987691857829756,6.986341299076972,21.0,1,0.012308142170244452,21.160324888449598,20.5,21.5
1935.0,20.739464304262103,21.004951668261832,6.986136913909853,21.0,1,-0.004951668261831799,21.177549772582594,20.5,21.5
1936.0,20.75671363878403,21.02220798645992,6.985931016213074,21.0,1,-0.022207986459921614,21.19477116844082,20.5,21.5
1937.0,20.773959482259517,21.039460812819904,6.985723606143436,21.0,1,-0.03946081281990388,21.211989076419727,20.5,21.5
1938.0,20.791201835084294,21.056710147737615,6.9855146838588915,21.0,1,-0.05671014773761485,21.229203496914725,20.5,21.5
1939.0,20.80844069765405,21.073955991608834,6.985304249518542,21.0,1,-0.07395599160883393,21.246414430321025,20.5,21.5
1940.0,20.825676070364423,21.091198344829298,6.985092303282644,21.0,1,-0.0911983448292979,21.263621877033938,20.5,21.5
1941.0,20.842907953611007,21.10843720779469,6.984878845312603,21.0,1,-0.10843720779469024,21.280825837448614,20.5,21.5
1942.0,20.860136347789346,21.12567258090066,6.984663875770977,21.0,1,-0.12567258090065891,21.298026311960346,20.5,21.5
1943.0,20.877361253294943,21.142904464542788,6.9844473948214745,21.0,1,-0.14290446454278793,21.315223300964078,20.5,21.5
1944.0,20.89458267052325,21.16013285911663,6.984229402628956,21.0,1,-0.16013285911662933,21.332416804855043,20.5,21.5
1945.0,20.91180059986967,21.177357765017682,6.98400989935943,21.0,1,-0.17735776501768186,21.349606824028207,20.5,21.5
1946.0,20.92901504172957,21.194579182641395,6.98378888518006,21.0,1,-0.1945791826413945,21.36679335887852,20.5,21.5
1947.0,20.94622599649826,21.211797112383174,6.983566360259156,21.0,1,-0.21179711238317367,21.383976409800965,20.5,21.5
1948.0,20.96343346457101,21.229011554638387,6.9833423247661806,21.0,1,-0.22901155463838663,21.401155977190516,20.5,21.5
1949.0,20.98063744634305,21.246222509802347,6.983116778871748,21.0,1,-0.2462225098023474,21.418332061441955,20.5,21.5
1950.0,20.997837942209554,21.263429978270324,6.982889722747621,21.0,1,-0.2634299782703238,21.435504662950088,20.5,21.5
1951.0,21.01503495256566,21.280633960437545,6.982661156566712,21.0,1,-0.2806339604375445,21.452673782109752,20.5,21.5
1952.0,21.03222847780646,21.297834456699185,6.982431080503083,21.0,1,-0.29783445669918507,21.46983941931559,20.5,21.5
1953.0,21.049418518327,21.315031467450382,6.982199494731949,21.0,1,-0.3150314674503818,21.48700157496235,20.5,21.5
1954.0,21.06660507452228,21.33222499308623,6.981966399429672,21.0,0,-0.33222499308622844,21.504160249444695,20.5,21.5
1955.0,21.06378814678726,21.345415034001768,6.981731794773765,21.0,0,-0.34541503400176765,21.47731544315716,20.5,21.5
1956.0,21.06097173551686,21.35460239059201,6.981495680942887,21.0,0,-0.35460239059201015,21.446475956494435,20.5,21.5
1957.0,21.058155840305943,21.359787863091906,6.981258058116851,21.0,0,-0.35978786309190625,21.411642588090867,20.5,21.5
1958.0,21.055340460749505,21.36097225157641,6.981018926476618,21.0,0,-0.3609722515764098,21.372816136421445,20.5,21.5
1959.0,21.05252559644265,21.35815635596048,6.980778286204295,21.0,0,-0.3581563559604817,21.3299973998012,20.5,21.5
1960.0,21.0497112469806,21.35534097599915,6.98053613748314,21.0,0,-0.3553409759991517,21.327187176385852,20.5,21.5
1961.0,21.0468974119587,21.35252611128752,6.980292480497562,21.0,0,-0.35252611128752065,21.32437746417121,20.5,21.5
1962.0,21.044084090972408,21.349711761420814,6.980047315433115,21.0,0,-0.3497117614208136,21.321568262753743,20.5,21.5
1963.0,21.0412712836173,21.346897925994373,6.979800642476503,21.0,0,-0.34689792599437297,21.318759571729966,20.5,21.5
1964.0,21.03845898948907,21.34408460460366,6.979552461815578,21.0,0,-0.3440846046036583,21.31595139069651,20.5,21.5
1965.0,21.035647208183534,21.341271796844246,6.979302773639341,21.0,0,-0.34127179684424647,21.313143719250128,20.5,21.5
1966.0,21.032835939296625,21.338459502311828,6.979051578137939,21.0,0,-0.338459502311828,21.310336556987643,20.5,21.5
1967.0,21.030025182424392,21.335647720602225,6.97879887550267,21.0,0,-0.3356477206022248,21.307529903506193,20.5,21.5
1968.0,21.02721493716301,21.332836451311366,6.978544665925977,21.0,0,-0.3328364513113655,21.304723758402773,20.5,21.5
1969.0,21.024405203108763,21.330025694035307,6.978288949601452,21.0,0,-0.33002569403530657,21.301918121274717,20.5,21.5
1970.0,21.021595979858063,21.32721544837021,6.978031726723834,21.0,0,-0.327215448370211,21.299112991719255,20.5,21.5
1971.0,21.018787267007436,21.324405713912373,6.9777729974890095,21.0,0,-0.3244057139123733,21.296308369333996,20.5,21.5
1972.0,21.015979064153534,21.3215964902582,6.977512762094012,21.0,0,-0.3215964902582016,21.293504253716485,20.5,21.5
1973.0,21.013171370893122,21.318787777004225,6.977251020737022,21.0,0,-0.3187877770042249,21.290700644464458,20.5,21.5
1974.0,21.01036418682309,21.31597957374709,6.976987773617367,21.0,0,-0.3159795737470894,21.287897541175735,20.5,21.5
1975.0,21.007557511540448,21.313171880083566,6.9767230209355215,21.0,0,-0.31317188008356567,21.28509494344833,20.5,21.5
1976.0,21.004751344642326,21.310364695610545,6.976456762893106,21.0,0,-0.310364695610545,21.28229285088034,20.5,21.5
1977.0,21.001945685725975,21.307558019925033,6.976188999692887,21.0,0,-0.3075580199250325,21.279491263069907,20.5,21.5
1978.0,20.99914053438877,21.30475185262416,6.975919731538778,21.0,0,-0.30475185262416105,21.276690179615446,20.5,21.5
1979.0,20.9963358902282,21.30194619330518,6.975648958635839,21.0,0,-0.3019461933051808,21.27388960011538,20.5,21.5
1980.0,20.993531752841882,21.29914104156547,6.9753766811902755,21.0,0,-0.29914104156546983,21.27108952416836,20.5,21.5
1981.0,20.99072812182755,21.296336397002513,6.975102899409437,21.0,0,-0.2963363970025128,21.268289951372942,20.5,21.5
1982.0,20.987924996783068,21.293532259213936,6.974827613501823,21.0,0,-0.29353225921393644,21.265490881328173,20.5,21.5
1983.0,20.98512237730641,21.290728627797463,6.974550823677073,21.0,0,-0.29072862779746345,21.262692313632733,20.5,21.5
1984.0,20.982320262995685,21.28792550235096,6.974272530145976,21.0,0,-0.2879255023509586,21.25989424788591,20.5,21.5
1985.0,20.979518653449116,21.285122882472404,6.973992733120464,21.0,0,-0.2851228824724039,21.257096683686857,20.5,21.5
1986.0,20.97671754826505,21.282320767759906,6.973711432813614,21.0,0,-0.2823207677599058,21.254299620634924,20.5,21.5
1987.0,20.97391694704196,21.279519157811684,6.973428629439651,21.0,0,-0.27951915781168424,21.25150305832947,20.5,21.5
1988.0,20.97111684937844,21.27671805222609,6.973144323213939,21.0,0,-0.2767180522260908,21.248706996370156,20.5,21.5
1989.0,20.968317254873206,21.273917450601594,6.972858514352991,21.0,0,-0.2739174506015942,21.24591143435663,20.5,21.5
1990.0,20.9655181631251,21.271117352536795,6.972571203074462,21.0,0,-0.2711173525367947,21.2431163718888,20.5,21.5
1991.0,20.96271957373309,21.268317757630403,6.972282389597154,21.0,0,-0.26831775763040255,21.24032180856648,20.5,21.5
1992.0,20.959921486296263,21.26551866548126,6.97199207414101,21.0,0,-0.2655186654812596,21.23752774398983,20.5,21.5
1993.0,20.957123900413833,21.26272007568834,6.971700256927117,21.0,0,-0.262720075688339,21.234734177759133,20.5,21.5
1994.0,20.954326815685135,21.259921987850724,6.971406938177707,21.0,0,-0.2599219878507242,21.231941109474576,20.5,21.5
1995.0,20.951530231709633,21.25712440156763,6.971112118116156,21.0,0,-0.25712440156762995,21.229148538736688,20.5,21.5
1996.0,20.948734148086913,21.254327316438395,6.97081579696698,21.0,0,-0.25432731643839546,21.22635646514605,20.5,21.5
1997.0,20.94593856441669,21.25153073206248,6.970517974955843,21.0,0,-0.25153073206248067,21.223564888303333,20.5,21.5
1998.0,20.943143480298797,21.248734648039473,6.970218652309548,21.0,0,-0.24873464803947343,21.2207738078094,20.5,21.5
1999.0,20.940348895333198,21.245939063969086,6.969917829256042,21.0,0,-0.24593906396908594,21.21798322326521,20.5,21.5
2000.0,20.937554809119984,21.243143979451155,6.969615506024416,21.0,0,-0.24314397945115473,21.215193134271843,20.5,21.5
2001.0,20.934761221259365,21.240349394085648,6.969311682844902,21.0,0,-0.24034939408564782,21.21240354043058,20.5,21.5
2002.0,20.93196813135168,21.237555307472643,6.969006359948873,21.0,0,-0.2375553074726433,21.209614441342598,20.5,21.5
2003.0,20.929175538997402,21.234761719212365,6.968699537568848,21.0,0,-0.234761719212365,21.206825836609582,20.5,21.5
2004.0,20.926383443797118,21.231968628905147,6.9683912159384835,21.0,0,-0.2319686289051468,21.204037725832965,20.5,21.5
2005.0,20.923591845351545,21.22917603615146,6.9680813952925815,21.0,0,-0.2291760361514612,21.201250108614605,20.5,21.5
2006.0,20.920800743261534,21.226383940551894,6.967770075867083,21.0,0,-0.22638394055189437,21.198462984556226,20.5,21.5
2007.0,20.918010137128054,21.223592341707167,6.967457257899071,21.0,0,-0.22359234170716746,21.1956763532599,20.5,21.5
2008.0,20.91522002655221,21.220801239218133,6.967142941626772,21.0,0,-0.2208012392181331,21.19289021432779,20.5,21.5
2009.0,20.912430411135222,21.218010632685754,6.966827127289549,21.0,0,-0.21801063268575405,21.190104567361963,20.5,21.5
2010.0,20.909641290478454,21.215220521711135,6.9665098151279095,21.0,0,-0.21522052171113515,21.187319411964946,20.5,21.5
2011.0,20.906852664183383,21.212430905895506,6.9661910053835,21.0,0,-0.21243090589550562,21.18453474773921,20.5,21.5
2012.0,20.904064531851624,21.209641784840223,6.965870698299108,21.0,0,-0.20964178484022256,21.181750574287392,20.5,21.5
2013.0,20.901276893084912,21.20685315814676,6.965548894118663,21.0,0,-0.2068531581467603,21.178966891212138,20.5,21.5
2014.0,20.89848974748512,21.204065025416742,6.96522559308723,21.0,0,-0.20406502541674243,21.176183698116564,20.5,21.5
2015.0,20.895703094654237,21.201277386251896,6.964900795451019,21.0,0,-0.2012773862518955,21.173400994603426,20.5,21.5
2016.0,20.892916934194396,21.1984902402541,6.964574501457378,21.0,0,-0.1984902402540989,21.170618780276133,20.5,21.5
2017.0,20.890131265707847,21.195703587025342,6.964246711354791,21.0,0,-0.19570358702534207,21.167837054737774,20.5,21.5
2018.0,20.887346088796978,21.192917426167757,6.9639174253928875,21.0,0,-0.19291742616775664,21.165055817591902,20.5,21.5
2019.0,20.884561403064296,21.19013175728359,6.963586643822431,21.0,0,-0.19013175728359144,21.16227506844194,20.5,21.5
2020.0,20.88177720811245,21.187346579975234,6.9632543668953275,21.0,0,-0.18734657997523385,21.159494806891658,20.5,21.5
2021.0,20.878993503544205,21.184561893845196,6.96292059486462,21.0,0,-0.1845618938451956,21.156715032544813,20.5,21.5
2022.0,20.87621028896247,21.18177769849612,6.96258532798449,21.0,0,-0.1817776984961199,21.153935745005363,20.5,21.5
2023.0,20.873427563970274,21.17899399353078,6.962248566510258,21.0,0,-0.17899399353078138,21.151156943877396,20.5,21.5
2024.0,20.87064532817078,21.17621077855208,6.961910310698383,21.0,0,-0.176210778552079,21.148378628765055,20.5,21.5
2025.0,20.867863581167285,21.173428053163043,6.961570560806461,21.0,0,-0.17342805316304322,21.145600799272685,20.5,21.5
2026.0,20.86508232256321,21.170645816966847,6.961229317093226,21.0,0,-0.17064581696684655,21.14282345500488,20.5,21.5
2027.0,20.862301551962116,21.167864069566775,6.960886579818551,21.0,0,-0.16786406956677524,21.140046595566062,20.5,21.5
2028.0,20.859521268967686,21.165082810566258,6.960542349243443,21.0,0,-0.16508281056625762,21.13727022056108,20.5,21.5
2029.0,20.856741473183742,21.16230203956885,6.9601966256300525,21.0,0,-0.16230203956884992,21.134494329594773,20.5,21.5
2030.0,20.85396216421423,21.159521756178243,6.959849409241659,21.0,0,-0.15952175617824338,21.131718922272178,20.5,21.5
2031.0,20.851183341663237,21.15674195999825,6.959500700342685,21.0,0,-0.15674195999825002,21.128943998198316,20.5,21.5
2032.0,20.84840500513497,21.15396265063282,6.959150499198688,21.0,0,-0.15396265063282044,21.126169556978525,20.5,21.5
2033.0,20.845627154233785,21.151183827686037,6.95879880607636,21.0,0,-0.15118382768603666,21.1233955982182,20.5,21.5
2034.0,20.842849788564155,21.14840549076212,6.9584456212435315,21.0,0,-0.14840549076211929,21.120622121522945,20.5,21.5
2035.0,20.84007290773069,21.14562763946541,6.958090944969168,21.0,0,-0.1456276394654097,21.117849126498314,20.5,21.5
2036.0,20.83729651133814,21.14285027340039,6.95773477752337,21.0,0,-0.14285027340039136,21.115076612750208,20.5,21.5
2037.0,20.834520598991375,21.14007339217167,6.957377119177376,21.0,0,-0.1400733921716686,21.11230457988444,20.5,21.5
2038.0,20.831745170295413,21.137296995384,6.957017970203557,21.0,0,-0.13729699538399842,21.109533027507297,20.5,21.5
2039.0,20.828970224855393,21.134521082642244,6.956657330875421,21.0,0,-0.1345210826422445,21.106761955224705,20.5,21.5
2040.0,20.826195762276598,21.131745653551423,6.956295201467611,21.0,0,-0.1317456535514232,21.10399136264321,20.5,21.5
2041.0,20.823421782164434,21.128970707716682,6.9559315822559045,21.0,0,-0.1289707077166824,21.101221249369274,20.5,21.5
2042.0,20.820648284124452,21.126196244743298,6.955566473517212,21.0,0,-0.12619624474329783,21.098451615009452,20.5,21.5
2043.0,20.817875267762332,21.12342226423668,6.955199875529582,21.0,0,-0.12342226423668023,21.095682459170504,20.5,21.5
2044.0,20.815102732683886,21.12064876580238,6.954831788572192,21.0,0,-0.12064876580237893,21.092913781459366,20.5,21.5
2045.0,20.812330678495066,21.117875749046075,6.954462212925358,21.0,0,-0.11787574904607467,21.090145581483032,20.5,21.5
2046.0,20.809559104801952,21.115103213573583,6.9540911488705275,21.0,0,-0.11510321357358322,21.08737785884867,20.5,21.5
2047.0,20.806788011210767,21.112331158990845,6.9537185966902815,21.0,0,-0.11233115899084467,21.08461061316346,20.5,21.5
2048.0,20.80401739732786,21.109559584903952,6.953344556668336,21.0,0,-0.1095595849039519,21.081843844035024,20.5,21.5
2049.0,20.80124726275973,21.106788490919122,6.952969029089537,21.0,0,-0.10678849091912213,21.079077551070824,20.5,21.5
2050.0,20.798477607112996,21.104017876642708,6.952592014239867,21.0,0,-0.10401787664270756,21.076311733878562,20.5,21.5
2051.0,20.795708429994423,21.101247741681203,6.952213512406438,21.0,0,-0.10124774168120254,21.073546392066152,20.5,21.5
2052.0,20.792939731010907,21.098478085641233,6.951833523877495,21.0,0,-0.09847808564123284,21.070781525241536,20.5,21.5
2053.0,20.79017150976948,21.095708908129556,6.951452048942417,21.0,0,-0.09570890812955568,21.068017133012784,20.5,21.5
2054.0,20.787403765877315,21.09294020875307,6.951069087891713,21.0,0,-0.09294020875307041,21.065253214988218,20.5,21.5
2055.0,20.78463649894172,21.090171987118815,6.950684641017025,21.0,0,-0.09017198711881491,21.06248977077626,20.5,21.5
2056.0,20.781869708570134,21.08740424283396,6.950298708611126,21.0,0,-0.08740424283395853,21.059726799985395,20.5,21.5
2057.0,20.779103394370143,21.084636975505806,6.949911290967921,21.0,0,-0.08463697550580562,21.056964302224277,20.5,21.5
2058.0,20.776337555949464,21.081870184741803,6.9495223883824435,21.0,0,-0.08187018474180263,21.054202277101773,20.5,21.5
2059.0,20.77357219291595,21.07910387014953,6.949132001150861,21.0,0,-0.07910387014953102,21.051440724226815,20.5,21.5
2060.0,20.770807304877597,21.076338031336704,6.948740129570471,21.0,0,-0.0763380313367037,21.04867964320843,20.5,21.5
2061.0,20.768042891442533,21.073572667911183,6.948346773939699,21.0,0,-0.07357266791118278,21.045919033655974,20.5,21.5
2062.0,20.765278952219035,21.07080777948096,6.947951934558104,21.0,0,-0.07080777948095829,21.043158895178713,20.5,21.5
2063.0,20.762515486815502,21.068043365654166,6.947555611726371,21.0,0,-0.06804336565416591,21.040399227386242,20.5,21.5
2064.0,20.759752494840484,21.065279426039073,6.94715780574632,21.0,0,-0.06527942603907277,21.03764002988814,20.5,21.5
2065.0,20.756989975902666,21.062515960244088,6.946758516920897,21.0,0,-0.06251596024408812,21.03488130229424,20.5,21.5
2066.0,20.75422792961087,21.059752967877756,6.9463577455541765,21.0,0,-0.05975296787775619,21.032123044214437,20.5,21.5
2067.0,20.75146635557406,21.056990448548763,6.945955491951364,21.0,0,-0.05699044854876334,21.029365255258835,20.5,21.5
2068.0,20.748705253401337,21.05422840186593,6.945551756418793,21.0,0,-0.05422840186593092,21.026607935037607,20.5,21.5
2069.0,20.74594462270194,21.051466827438222,6.945146539263926,21.0,0,-0.051466827438222396,21.023851083161137,20.5,21.5
2070.0,20.743184463085253,21.04870572487474,6.944739840795354,21.0,0,-0.048705724874739786,21.021094699239914,20.5,21.5
2071.0,20.740424774160797,21.045945093784724,6.944331661322793,21.0,0,-0.04594509378472367,21.018338782884562,20.5,21.5
2072.0,20.73766555553823,21.043184933777557,6.943922001157093,21.0,0,-0.04318493377755672,21.015583333705887,20.5,21.5
2073.0,20.734906806827354,21.04042524446276,6.943510860610225,21.0,0,-0.04042524446276019,21.012828351314795,20.5,21.5
2074.0,20.73214852763811,21.037666025449994,6.943098239995292,21.0,0,-0.03766602544999387,21.01007383532233,20.5,21.5
2075.0,20.729390717580582,21.03490727634906,6.942684139626523,21.0,0,-0.03490727634905966,21.007319785339718,20.5,21.5
2076.0,20.726633376264992,21.032148996769898,6.942268559819272,21.0,0,-0.03214899676989802,21.00456620097828,20.5,21.5
2077.0,20.723876503301703,21.029391186322595,6.941851500890023,21.0,0,-0.029391186322595075,21.001813081849566,20.5,21.5
2078.0,20.72112009830122,21.026633844617372,6.941432963156382,21.0,0,-0.02663384461737195,20.99906042756514,20.5,21.5
2079.0,20.71836416087419,21.023876971264585,6.941012946937085,21.0,0,-0.023876971264584768,20.996308237736713,20.5,21.5
2080.0,20.715608690631406,21.02112056587475,6.940591452551993,21.0,0,-0.02112056587474953,20.993556511976397,20.5,21.5
2081.0,20.71285368718379,21.01836462805851,6.940168480322092,21.0,0,-0.018364628058510135,20.990805249896116,20.5,21.5
2082.0,20.71009915014242,21.015609157426653,6.939744030569494,21.0,0,-0.015609157426652587,20.988054451108077,20.5,21.5
2083.0,20.707345079118504,21.01285415359011,6.939318103617435,21.0,0,-0.012854153590108552,20.985304115224668,20.5,21.5
2084.0,20.704591473723404,21.010099616159955,6.938890699790278,21.0,0,-0.01009961615995536,20.982554241858423,20.5,21.5
2085.0,20.701838333568617,21.007345544747395,6.938461819413509,21.0,0,-0.007345544747394683,20.979804830621788,20.5,21.5
2086.0,20.699085658265787,21.00459193896379,6.938031462813739,21.0,0,-0.00459193896379162,20.97705588112776,20.5,21.5
2087.0,20.696333447426696,21.001838798420646,6.9375996303187035,21.0,0,-0.0018387984206462704,20.974307392989193,20.5,21.5
2088.0,20.693581700663273,20.9990861227296,6.937166322257262,21.0,0,0.0009138772703991549,20.971559365819147,20.5,21.5
2089.0,20.69083041758759,20.996333911502436,6.936731538959397,21.0,0,0.0036660884975638908,20.96881179923079,20.5,21.5
2090.0,20.688079597811864,20.993582164351086,6.936295280756216,21.0,0,0.006417835648914405,20.96606469283758,20.5,21.5
2091.0,20.68532924094845,20.99083088088762,6.935857547979946,21.0,0,0.00916911911237861,20.96331804625298,20.5,21.5
2092.0,20.68257934660986,20.988080060724254,6.935418340963943,21.0,0,0.011919939275745861,20.96057185909058,20.5,21.5
2093.0,20.67982991440873,20.985329703473347,6.934977660042679,21.0,0,0.014670296526652749,20.95782613096428,20.5,21.5
2094.0,20.677080943957858,20.982579808747403,6.934535505551754,21.0,0,0.017420191252597306,20.955080861487957,20.5,21.5
2095.0,20.674332434870177,20.979830376159065,6.934091877827886,21.0,0,0.020169623840935458,20.952336050275683,20.5,21.5
2096.0,20.67158438675877,20.977081405321126,6.933646777208919,21.0,0,0.022918594678873916,20.94959169694174,20.5,21.5
2097.0,20.66883679923686,20.974332895846526,6.933200204033815,21.0,0,0.02566710415347373,20.946847801100528,20.5,21.5
2098.0,20.66608967191782,20.971584847348346,6.932752158642659,21.0,0,0.02841515265165384,20.944104362366545,20.5,21.5
2099.0,20.663343004415164,20.968837259439805,6.932302641376657,21.0,0,0.031162740560194635,20.941361380354397,20.5,21.5
2100.0,20.660596796342556,20.966090131734283,6.931851652578136,21.0,0,0.033909868265716625,20.938618854679063,20.5,21.5
2101.0,20.6578510473138,20.96334346384529,6.931399192590545,21.0,0,0.036656536154708874,20.93587678495537,20.5,21.5
2102.0,20.655105756942856,20.96059725538649,6.93094526175845,21.0,0,0.03940274461351123,20.933135170798465,20.5,21.5
2103.0,20.65236092484382,20.95785150597169,6.9304898604275404,21.0,0,0.04214849402831078,20.930394011823694,20.5,21.5
2104.0,20.649616550630935,20.955106215214844,6.930032988944623,21.0,0,0.04489378478515604,20.92765330764639,20.5,21.5
2105.0,20.646872633918598,20.952361382730054,6.929574647657626,21.0,0,0.04763861726994634,20.92491305788215,20.5,21.5
2106.0,20.644129174321346,20.94961700813156,6.929114836915597,21.0,0,0.050382991868438864,20.922173262146636,20.5,21.5
2107.0,20.641386171453863,20.946873091033762,6.928653557068699,21.0,0,0.05312690896623806,20.91943392005577,20.5,21.5
2108.0,20.638643624930985,20.944129631051197,6.92819080846822,21.0,0,0.05587036894880271,20.91669503122555,20.5,21.5
2109.0,20.635901534367694,20.94138662779855,6.927726591466562,21.0,0,0.058613372201449465,20.913956595272083,20.5,21.5
2110.0,20.633159899379113,20.938644080890654,6.927260906417246,21.0,0,0.06135591910934579,20.91121861181169,20.5,21.5
2111.0,20.63041871958052,20.935901989942487,6.926793753674912,21.0,0,0.06409801005751348,20.90848108046081,20.5,21.5
2112.0,20.627677994587337,20.933160354569186,6.926325133595316,21.0,0,0.06683964543081444,20.905744000836176,20.5,21.5
2113.0,20.62493772401514,20.930419174386014,6.925855046535334,21.0,0,0.06958082561398626,20.903007372554296,20.5,21.5
2114.0,20.622197907479645,20.927678449008404,6.925383492852958,21.0,0,0.07232155099159598,20.900271195232307,20.5,21.5
2115.0,20.61945854459672,20.924938178051924,6.924910472907294,21.0,0,0.07506182194807565,20.897535468487128,20.5,21.5
2116.0,20.616719634982385,20.922198361132295,6.924435987058571,21.0,0,0.07780163886770453,20.894800191936007,20.5,21.5
2117.0,20.6139811782528,20.919458997865387,6.923960035668127,21.0,0,0.08054100213461268,20.892065365196306,20.5,21.5
2118.0,20.611243174024285,20.91672008786722,6.923482619098422,21.0,0,0.08327991213278096,20.889330987885536,20.5,21.5
2119.0,20.6085056219133,20.91398163075395,6.92300373771303,21.0,0,0.08601836924605166,20.88659705962124,20.5,21.5
2120.0,20.605768521536458,20.911243626141896,6.922523391876638,21.0,0,0.08875637385810364,20.883863580021377,20.5,21.5
2121.0,20.603031872510527,20.908506073647523,6.922041581955051,21.0,0,0.09149392635247722,20.881130548703787,20.5,21.5
2122.0,20.600295674452415,20.905768972887447,6.921558308315188,21.0,0,0.09423102711255282,20.87839796528669,20.5,21.5
2123.0,20.597559926979187,20.903032323478424,6.921073571325084,21.0,0,0.0969676765215759,20.875665829388193,20.5,21.5
2124.0,20.594824629708057,20.900296125037375,6.920587371353886,21.0,0,0.0997038749626249,20.872934140626885,20.5,21.5
2125.0,20.592089782256387,20.89756037718136,6.920099708771858,21.0,0,0.10243962281863972,20.870202898621212,20.5,21.5
2126.0,20.589355384241692,20.894825079527596,6.919610583950374,21.0,0,0.10517492047240395,20.867472102989954,20.5,21.5
2127.0,20.586621435281632,20.892090231693437,6.919119997261925,21.0,0,0.10790976830656263,20.86474175335185,20.5,21.5
2128.0,20.583887934994028,20.889355833296403,6.918627949080115,21.0,0,0.11064416670359734,20.862011849326056,20.5,21.5
2129.0,20.581154882996845,20.886621883954163,6.918134439779659,21.0,0,0.11337811604583692,20.859282390531767,20.5,21.5
2130.0,20.578422278908203,20.883888383284525,6.917639469736386,21.0,0,0.11611161671547521,20.856553376588142,20.5,21.5
2131.0,20.57569012234637,20.88115533090546,6.917143039327238,21.0,0,0.11884466909453906,20.853824807114822,20.5,21.5
2132.0,20.572958412929765,20.878422726435087,6.916645148930266,21.0,0,0.12157727356491321,20.851096681731345,20.5,21.5
2133.0,20.570227150276963,20.875690569491674,6.916145798924639,21.0,0,0.1243094305083261,20.848369000057545,20.5,21.5
2134.0,20.567496334006695,20.872958859693643,6.91564498969063,21.0,0,0.12704114030635694,20.845641761713335,20.5,21.5
2135.0,20.56476596373783,20.870227596659568,6.915142721609629,21.0,0,0.12977240334043216,20.842914966318816,20.5,21.5
2136.0,20.562036039089406,20.867496780008175,6.914638995064134,21.0,0,0.13250321999182546,20.84018861349424,20.5,21.5
2137.0,20.5593065596806,20.864766409358342,6.9141338104377565,21.0,0,0.13523359064165774,20.83746270286002,20.5,21.5
2138.0,20.556577525130752,20.862036484329103,6.913627168115215,21.0,0,0.13796351567089715,20.83473723403671,20.5,21.5
2139.0,20.55384893505935,20.85930700453963,6.91311906848234,21.0,0,0.14069299546036973,20.832012206644904,20.5,21.5
2140.0,20.551120789086035,20.85657796960927,6.912609511926071,21.0,0,0.14342203039073098,20.829287620305657,20.5,21.5
2141.0,20.548393086830604,20.853849379157513,6.9120984988344585,21.0,0,0.1461506208424872,20.82656347463995,20.5,21.5
2142.0,20.545665827913005,20.851121232803994,6.91158602959666,21.0,0,0.14887876719600612,20.823839769268805,20.5,21.5
2143.0,20.542939011953344,20.84839353016851,6.911072104602945,21.0,0,0.1516064698314885,20.821116503813688,20.5,21.5
2144.0,20.540212638571873,20.845666270871014,6.910556724244687,21.0,0,0.1543337291289859,20.81839367789604,20.5,21.5
2145.0,20.537486707389007,20.84293945453161,6.9100398889143735,21.0,0,0.15706054546839,20.81567129113757,20.5,21.5
2146.0,20.534761218025313,20.840213080770546,6.909521599005595,21.0,0,0.15978691922945387,20.812949343159907,20.5,21.5
2147.0,20.53203617010151,20.837487149208247,6.909001854913052,21.0,0,0.16251285079175304,20.810227833585255,20.5,21.5
2148.0,20.529311563238473,20.834761659465272,6.908480657032554,21.0,0,0.16523834053472797,20.807506762035523,20.5,21.5
2149.0,20.52658739705723,20.832036611162344,6.907958005761014,21.0,0,0.1679633888376557,20.804786128133067,20.5,21.5
2150.0,20.523863671178972,20.82931200392034,6.907433901496454,21.0,0,0.17068799607966056,20.80206593150029,20.5,21.5
2151.0,20.521140385225035,20.826587837360286,6.906908344638002,21.0,0,0.17341216263971404,20.79934617175975,20.5,21.5
2152.0,20.518417538816916,20.823864111103365,6.906381335585894,21.0,0,0.1761358888966349,20.796626848534157,20.5,21.5
2153.0,20.51569513157627,20.82114082477092,6.905852874741469,21.0,0,0.17885917522907846,20.793907961446486,20.5,21.5
2154.0,20.5129731631249,20.818417977984456,6.905322962507173,21.0,0,0.18158202201554374,20.791189510119803,20.5,21.5
2155.0,20.510251633084778,20.815695570365616,6.904791599286557,21.0,0,0.1843044296343841,20.788471494177212,20.5,21.5
2156.0,20.50753054107802,20.812973601536214,6.904258785484277,21.0,0,0.18702639846378588,20.785753913242196,20.5,21.5
2157.0,20.5048098867269,20.81025207111821,6.903724521506096,21.0,0,0.18974792888178982,20.78303676693817,20.5,21.5
2158.0,20.502089669653856,20.80753097873373,6.903188807758877,21.0,0,0.19246902126626964,20.780320054888932,20.5,21.5
2159.0,20.49936988948148,20.804810324005047,6.9026516446505894,21.0,0,0.1951896759949534,20.77760377671821,20.5,21.5
2160.0,20.496650545832512,20.802090106554594,6.902113032590307,21.0,0,0.19790989344540577,20.77488793205007,20.5,21.5
2161.0,20.493931638329865,20.79937032600496,6.901572971988207,21.0,0,0.20062967399503862,20.772172520508633,20.5,21.5
2162.0,20.491213166596598,20.7966509819789,6.901031463255567,21.0,0,0.2033490180211004,20.769457541718282,20.5,21.5
2163.0,20.48849513025593,20.793932074099317,6.900488506804772,21.0,0,0.20606792590068324,20.76674299530349,20.5,21.5
2164.0,20.48577752893124,20.791213601989266,6.899944103049306,21.0,0,0.20878639801073362,20.764028880888763,20.5,21.5
2165.0,20.483060362246064,20.78849556527198,6.8993982524037545,21.0,0,0.21150443472802039,20.761315198099112,20.5,21.5
2166.0,20.480343629824095,20.785777963570826,6.898850955283808,21.0,0,0.2142220364291738,20.758601946559292,20.5,21.5
2167.0,20.477627331289188,20.78306079650934,6.898302212106257,21.0,0,0.21693920349066076,20.75588912589447,20.5,21.5
2168.0,20.47491146626535,20.780344063711226,6.8977520232889935,21.0,0,0.219655936288774,20.753176735730094,20.5,21.5
2169.0,20.472196034376754,20.777627764800325,6.89720038925101,21.0,0,0.22237223519967486,20.750464775691317,20.5,21.5
2170.0,20.46948103524773,20.77491189940066,6.896647310412399,21.0,0,0.22508810059933992,20.74775324540401,20.5,21.5
2171.0,20.46676646850276,20.772196467136393,6.896092787194355,21.0,0,0.22780353286360722,20.74504214449372,20.5,21.5
2172.0,20.4640523337665,20.769481467631856,6.895536820019172,21.0,0,0.23051853236814424,20.742331472586486,20.5,21.5
2173.0,20.46133863066375,20.766766900511534,6.894979409310242,21.0,0,0.2332330994884657,20.73962122930832,20.5,21.5
2174.0,20.45862535881948,20.764052765400084,6.894420555492058,21.0,0,0.23594723459991584,20.736911414285583,20.5,21.5
2175.0,20.455912517858813,20.761339061922303,6.893860258990212,21.0,0,0.23866093807769673,20.734202027144494,20.5,21.5
2176.0,20.45320010740704,20.758625789703157,6.893298520231393,21.0,0,0.24137421029684347,20.73149306751169,20.5,21.5
2177.0,20.450488127089603,20.75591294836778,6.892735339643391,21.0,0,0.24408705163222066,20.728784535014007,20.5,21.5
2178.0,20.447776576532114,20.753200537541453,6.892170717655091,21.0,0,0.24679946245854723,20.726076429278187,20.5,21.5
2179.0,20.44506545536034,20.750488556849625,6.8916046546964775,21.0,0,0.2495114431503751,20.723368749931346,20.5,21.5
2180.0,20.442354763200207,20.747777005917904,6.891037151198634,21.0,0,0.25222299408209636,20.72066149660069,20.5,21.5
2181.0,20.439644499677808,20.74506588437206,6.890468207593736,21.0,0,0.25493411562793966,20.717954668913627,20.5,21.5
2182.0,20.43693466441939,20.742355191838016,6.889897824315062,21.0,0,0.25764480816198443,20.715248266497568,20.5,21.5
2183.0,20.43422525705137,20.739644927941868,6.889326001796981,21.0,0,0.26035507205813246,20.712542288980387,20.5,21.5
2184.0,20.43151627720032,20.736935092309864,6.888752740474962,21.0,0,0.26306490769013635,20.709836735989825,20.5,21.5
2185.0,20.428807724492973,20.73422568456842,6.888178040785569,21.0,0,0.2657743154315817,20.707131607153965,20.5,21.5
2186.0,20.42609959855623,20.731516704344102,6.887601903166459,21.0,0,0.2684832956558978,20.70442690210094,20.5,21.5
2187.0,20.423391899017155,20.728808151263657,6.887024328056388,21.0,0,0.2711918487363434,20.7017226204592,20.5,21.5
2188.0,20.42068462550296,20.726100024953972,6.886445315895202,21.0,0,0.27389997504602803,20.699018761857126,20.5,21.5
2189.0,20.41797777764104,20.72339232504212,6.885864867123846,21.0,0,0.2766076749578801,20.6963153259236,20.5,21.5
2190.0,20.415271355058934,20.72068505115531,6.885282982184357,21.0,0,0.2793149488446893,20.693612312287218,20.5,21.5
2191.0,20.41256535738436,20.71797820292094,6.884699661519864,21.0,0,0.28202179707906083,20.690909720577224,20.5,21.5
2192.0,20.409859784245185,20.715271779966542,6.884114905574593,21.0,0,0.28472822003345755,20.688207550422575,20.5,21.5
2193.0,20.40715463526945,20.712565781919842,6.883528714793861,21.0,0,0.2874342180801577,20.68550580145284,20.5,21.5
2194.0,20.404449910085354,20.709860208408706,6.882941089624076,21.0,0,0.29013979159129377,20.682804473297345,20.5,21.5
2195.0,20.401745608321264,20.707155059061172,6.882352030512742,21.0,0,0.29284494093882785,20.68010356558583,20.5,21.5
2196.0,20.399041729605702,20.70445033350544,6.881761537908451,21.0,0,0.2955496664945585,20.677403077948135,20.5,21.5
2197.0,20.396338273567363,20.701746031369876,6.881169612260891,21.0,0,0.29825396863012443,20.674703010014216,20.5,21.5
2198.0,20.393635239835103,20.699042152283006,6.880576254020838,21.0,0,0.30095784771699385,20.672003361414312,20.5,21.5
2199.0,20.39093262803794,20.696338695873525,6.87998146364016,21.0,0,0.3036613041264751,20.669304131778713,20.5,21.5
2200.0,20.38823043780506,20.693635661770283,6.879385241571817,21.0,0,0.30636433822971654,20.66660532073787,20.5,21.5
2201.0,20.38552866876581,20.690933049602307,6.878787588269857,21.0,0,0.3090669503976926,20.663906927922547,20.5,21.5
2202.0,20.382827320549712,20.688230858998775,6.878188504189419,21.0,0,0.3117691410012249,20.661208952963452,20.5,21.5
2203.0,20.38012639278644,20.685529089589043,6.877587989786731,21.0,0,0.3144709104109573,20.65851139549172,20.5,21.5
2204.0,20.37742588510584,20.682827741002622,6.8769860455191125,21.0,0,0.31717225899737755,20.65581425513842,20.5,21.5
2205.0,20.374725797137923,20.680126812869197,6.8763826718449685,21.0,0,0.3198731871308027,20.653117531534946,20.5,21.5
2206.0,20.372026128512864,20.677426304818606,6.875777869223795,21.0,0,0.32257369518139356,20.650421224312698,20.5,21.5
2207.0,20.369326878861006,20.674726216480867,6.875171638116177,21.0,0,0.3252737835191333,20.64772533310347,20.5,21.5
2208.0,20.366628047812856,20.672026547486148,6.874563978983783,21.0,0,0.32797345251385224,20.645029857538958,20.5,21.5
2209.0,20.363929634999092,20.669327297464797,6.873954892289374,21.0,0,0.3306727025352032,20.642334797251287,20.5,21.5
2210.0,20.36123164005055,20.66662846604732,6.873344378496795,21.0,0,0.33337153395267904,20.639640151872563,20.5,21.5
2211.0,20.358534062598242,20.663930052864394,6.8727324380709796,21.0,0,0.3360699471356057,20.636945921035128,20.5,21.5
2212.0,20.355836902273335,20.66123205754686,6.872119071477947,21.0,0,0.33876794245313846,20.634252104371534,20.5,21.5
2213.0,20.353140158707177,20.658534479725727,6.871504279184801,21.0,0,0.3414655202742729,20.631558701514383,20.5,21.5
2214.0,20.350443831531273,20.655837319032166,6.870888061659734,21.0,0,0.344162680967834,20.628865712096555,20.5,21.5
2215.0,20.347747920377298,20.653140575097513,6.870270419372023,21.0,0,0.3468594249024868,20.626173135750985,20.5,21.5
2216.0,20.345052424877096,20.65044424755328,6.869651352792029,21.0,0,0.34955575244671877,20.62348097211096,20.5,21.5
2217.0,20.34235734466268,20.64774833603115,6.869030862391197,21.0,0,0.35225166396885044,20.620789220809833,20.5,21.5
2218.0,20.339662679366228,20.64505284016296,6.86840894864206,21.0,0,0.35494715983703884,20.618097881481077,20.5,21.5
2219.0,20.336968428620082,20.642357759580722,6.867785612018229,21.0,0,0.3576422404192776,20.615406953758335,20.5,21.5
2220.0,20.33427459205676,20.639663093916614,6.867160852994403,21.0,0,0.3603369060833863,20.612716437275527,20.5,21.5
2221.0,20.33158116930895,20.636968842802986,6.866534672046365,21.0,0,0.36303115719701395,20.61002633166671,20.5,21.5
2222.0,20.328888160009498,20.634275005872347,6.865907069650978,21.0,0,0.36572499412765325,20.607336636565954,20.5,21.5
2223.0,20.326195563791426,20.631581582757388,6.865278046286188,21.0,0,0.36841841724261215,20.6046473516078,20.5,21.5
2224.0,20.323503380287924,20.628888573090958,6.864647602431024,21.0,0,0.3711114269090423,20.601958476426656,20.5,21.5
2225.0,20.320811609132353,20.62619597650608,6.864015738565597,21.0,0,0.3738040234939213,20.59927001065729,20.5,21.5
2226.0,20.318120249958238,20.623503792635937,6.863382455171098,21.0,0,0.3764962073640632,20.596581953934518,20.5,21.5
2227.0,20.31542930239928,20.620812021113895,6.8627477527298,21.0,0,0.37918797888610456,20.593894305893482,20.5,21.5
2228.0,20.312738766089346,20.618120661573478,6.862111631725057,21.0,0,0.381879338426522,20.591207066169304,20.5,21.5
2229.0,20.310048640662473,20.61542971364839,6.861474092641302,21.0,0,0.38457028635161095,20.5885202343975,20.5,21.5
2230.0,20.30735892575287,20.61273917697249,6.860835135964049,21.0,0,0.3872608230275105,20.585833810213494,20.5,21.5
2231.0,20.30466962099491,20.610049051179825,6.860194762179892,21.0,0,0.3899509488201751,20.58314779325318,20.5,21.5
2232.0,20.30198072602315,20.607359335904597,6.859552971776503,21.0,0,0.39264066409540277,20.58046218315232,20.5,21.5
2233.0,20.2992922404723,20.60467003078119,6.8589097652426325,21.0,0,0.39532996921881036,20.577776979547114,20.5,21.5
2234.0,20.296604163977253,20.60198113544415,6.858265143068112,21.0,0,0.39801886455585134,20.57509218207374,20.5,21.5
2235.0,20.293916496173072,20.599292649528188,6.857619105743849,21.0,0,0.40070735047181216,20.57240779036858,20.5,21.5
2236.0,20.291229236694985,20.596604572668205,6.856971653761827,21.0,0,0.40339542733179456,20.56972380406838,20.5,21.5
2237.0,20.2885423851784,20.593916904499252,6.856322787615111,21.0,0,0.4060830955007475,20.567040222809723,20.5,21.5
2238.0,20.285855941258887,20.59122964465657,6.8556725077978395,21.0,0,0.40877035534343165,20.564357046229727,20.5,21.5
2239.0,20.283169904572194,20.58854279277556,6.85502081480523,21.0,0,0.4114572072244407,20.56167427396547,20.5,21.5
2240.0,20.28048427475424,20.58585634849179,6.854367709133575,21.0,0,0.4141436515082084,20.558991905654114,20.5,21.5
2241.0,20.277799051441114,20.583170311441016,6.853713191280241,21.0,0,0.41682968855898395,20.55630994093326,20.5,21.5
2242.0,20.275114234269083,20.580484681259154,6.8530572617436745,21.0,0,0.4195153187408458,20.553628379440536,20.5,21.5
2243.0,20.272429822874578,20.577799457582294,6.852399921023393,21.0,0,0.42220054241770555,20.550947220813697,20.5,21.5
2244.0,20.269745816894208,20.575114640046696,6.85174116961999,21.0,0,0.42488535995330423,20.54826646469071,20.5,21.5
2245.0,20.267062215964753,20.5724302282888,6.851081008035133,21.0,0,0.4275697717112017,20.545586110709824,20.5,21.5
2246.0,20.264379019723165,20.569746221945206,6.850419436771564,21.0,0,0.43025377805479437,20.54290615850928,20.5,21.5
2247.0,20.261696227806574,20.567062620652706,6.8497564563330995,21.0,0,0.4329373793472939,20.54022660772771,20.5,21.5
2248.0,20.25901383985228,20.564379424048248,6.8490920672246265,21.0,0,0.4356205759517522,20.537547458003665,20.5,21.5
2249.0,20.256331855497756,20.561696631768957,6.848426269952107,21.0,0,0.4383033682310433,20.534868708976045,20.5,21.5
2250.0,20.253650274380647,20.559014243452133,6.847759065022574,21.0,0,0.4409857565478674,20.53219036028389,20.5,21.5
2251.0,20.250969096138775,20.556332258735257,6.847090452944133,21.0,0,0.4436677412647434,20.529512411566497,20.5,21.5
2252.0,20.248288320410136,20.553650677255966,6.846420434225962,21.0,0,0.4463493227440338,20.526834862463062,20.5,21.5
2253.0,20.245607946832898,20.55096949865209,6.845749009378308,21.0,0,0.44903050134790945,20.524157712613334,20.5,21.5
2254.0,20.242927975045408,20.548288722561622,6.8450761789124925,21.0,0,0.4517112774383776,20.52148096165694,20.5,21.5
2255.0,20.24024840468618,20.54560834862273,6.844401943340904,21.0,0,0.45439165137727144,20.51880460923379,20.5,21.5
2256.0,20.237569235393913,20.54292837647376,6.843726303177001,21.0,0,0.45707162352623953,20.51612865498408,20.5,21.5
2257.0,20.23489046680747,20.540248805753226,6.843049258935315,21.0,0,0.459751194246774,20.51345309854788,20.5,21.5
2258.0,20.232212098565896,20.537569636099825,6.842370811131443,21.0,0,0.4624303639001752,20.510777939565813,20.5,21.5
2259.0,20.22953413030841,20.53489086715242,6.841690960282053,21.0,0,0.46510913284758004,20.50810317767837,20.5,21.5
2260.0,20.226856561674403,20.532212498550066,6.841009706904881,21.0,0,0.46778750144993353,20.50542881252653,20.5,21.5
2261.0,20.224179392303448,20.529534529931972,6.840327051518731,21.0,0,0.47046547006802797,20.502754843751028,20.5,21.5
2262.0,20.221502621835292,20.52685696093754,6.839642994643476,21.0,0,0.47314303906246025,20.500081270993217,20.5,21.5
2263.0,20.218826249909853,20.52417979120633,6.838957536800052,21.0,1,0.47582020879367093,20.497408093894222,20.5,21.5
2264.0,20.23615027616723,20.525503020378096,6.838270678510469,21.0,1,0.47449697962190385,20.538735312095767,20.5,21.5
2265.0,20.2534707002477,20.530825848092753,6.837582420297797,21.0,1,0.46917415190724654,20.584054125239327,20.5,21.5
2266.0,20.27078752259171,20.54014747415041,6.836892762686174,21.0,1,0.45985252584959113,20.633363734726963,20.5,21.5
2267.0,20.28810074363973,20.553467098511295,6.836201706200806,21.0,1,0.4465329014887054,20.686663342120152,20.5,21.5
2268.0,20.305410363832245,20.570783921295774,6.835509251367963,21.0,1,0.4292160787042256,20.743952149140572,20.5,21.5
2269.0,20.32271638360975,20.588097142784278,6.8348153987149765,21.0,1,0.41190285721572195,20.761229357669315,20.5,21.5
2270.0,20.34001880341277,20.605406763417292,6.834120148770248,21.0,1,0.3945932365827076,20.778502969747436,20.5,21.5
2271.0,20.357317623681844,20.62271278363532,6.833423502063241,21.0,1,0.37728721636468165,20.795772985815578,20.5,21.5
2272.0,20.37461284485752,20.64001520387888,6.832725459124479,21.0,1,0.3599847961211218,20.813039406314477,20.5,21.5
2273.0,20.391904467380375,20.657314024588505,6.832026020485555,21.0,1,0.34268597541149504,20.830302231684772,20.5,21.5
2274.0,20.409192491690995,20.674609246204753,6.8313251866791225,21.0,1,0.3253907537952472,20.84756146236723,20.5,21.5
2275.0,20.42647691822999,20.691900869168197,6.830622958238894,21.0,1,0.3080991308318026,20.864817098802643,20.5,21.5
2276.0,20.443757747437992,20.709188893919425,6.82991933569965,21.0,1,0.29081110608057514,20.8820691414317,20.5,21.5
2277.0,20.461034979755645,20.726473320899053,6.829214319597227,21.0,1,0.2735266791009465,20.89931759069534,20.5,21.5
2278.0,20.478308615623614,20.743754150547698,6.828507910468527,21.0,1,0.2562458494523021,20.916562447034142,20.5,21.5
2279.0,20.495578655482582,20.761031383306015,6.827800108851512,21.0,1,0.23896861669398461,20.93380371088919,20.5,21.5
2280.0,20.512845099773255,20.77830501961467,6.8270909152852015,21.0,1,0.22169498038532964,20.95104138270122,20.5,21.5
2281.0,20.530107948936358,20.79557505991434,6.8263803303096795,21.0,1,0.2044249400856586,20.968275462911052,20.5,21.5
2282.0,20.547367203412634,20.81284150464574,6.825668354466085,21.0,1,0.18715849535426088,20.985505951959716,20.5,21.5
2283.0,20.564622863642846,20.830104354249585,6.824954988296621,21.0,1,0.16989564575041527,21.00273285028804,20.5,21.5
2284.0,20.581874930067777,20.847363609166624,6.824240232344546,21.0,1,0.15263639083337566,21.01995615833702,20.5,21.5
2285.0,20.59912340312823,20.86461926983762,6.823524087154177,21.0,1,0.13538073016238172,21.037175876547558,20.5,21.5
2286.0,20.616368283265036,20.88187133670335,6.82280655327089,21.0,1,0.11812866329664828,21.054392005360686,20.5,21.5
2287.0,20.633609570919038,20.89911981020463,6.82208763124112,21.0,1,0.10088018979536884,21.071604545217426,20.5,21.5
2288.0,20.650847266531102,20.91636469078228,6.821367321612354,21.0,1,0.08363530921771911,21.088813496558778,20.5,21.5
2289.0,20.66808137054212,20.93360597887715,6.820645624933142,21.0,1,0.06639402112284998,21.10601885982584,20.5,21.5
2290.0,20.685311883393,20.950843674930105,6.819922541753087,21.0,1,0.049156325069894535,21.12322063545966,20.5,21.5
2291.0,20.70253880552467,20.968077779382032,6.8191980726228465,21.0,1,0.03192222061796812,21.140418823901296,20.5,21.5
2292.0,20.71976213737809,20.985308292673842,6.818472218094137,21.0,1,0.014691707326157655,21.157613425591947,20.5,21.5
2293.0,20.736981879394232,21.002535215246468,6.817744978719729,21.0,1,-0.0025352152464677147,21.17480444097272,20.5,21.5
2294.0,20.7541980320141,21.019758547540864,6.817016355053443,21.0,1,-0.019758547540863702,21.191991870484824,20.5,21.5
2295.0,20.771410595678706,21.036978289998007,6.816286347650163,21.0,1,-0.03697828999800734,21.209175714569444,20.5,21.5
2296.0,20.7886195708291,21.05419444305889,6.815554957065817,21.0,1,-0.054194443058889874,21.226355973667715,20.5,21.5
2297.0,20.805824957906346,21.07140700716454,6.814822183857394,21.0,1,-0.07140700716454162,21.24353264822106,20.5,21.5
2298.0,20.823026757351535,21.088615982756004,6.81408802858293,21.0,1,-0.08861598275600358,21.260705738670623,20.5,21.5
2299.0,20.84022496960578,21.105821370274338,6.813352491801518,21.0,1,-0.10582137027433802,21.277875245457682,20.5,21.5
2300.0,20.85741959511022,21.12302317016064,6.8126155740733,21.0,1,-0.12302317016063924,21.29504116902365,20.5,21.5
2301.0,20.874610634306013,21.140221382856023,6.811877275959472,21.0,1,-0.1402213828560228,21.31220350980986,20.5,21.5
2302.0,20.891798087634342,21.157416008801622,6.811137598022279,21.0,1,-0.1574160088016221,21.329362268257615,20.5,21.5
2303.0,20.90898195553642,21.174607048438595,6.810396540825019,21.0,1,-0.1746070484385953,21.346517444808327,20.5,21.5
2304.0,20.926162238453475,21.191794502208136,6.809654104932039,21.0,1,-0.1917945022081362,21.363669039903545,20.5,21.5
2305.0,20.94333893682677,21.20897837055145,6.808910290908736,21.0,1,-0.2089783705514492,21.38081705398458,20.5,21.5
2306.0,20.960512051097584,21.22615865390976,6.808165099321557,21.0,1,-0.22615865390975998,21.397961487492868,20.5,21.5
2307.0,20.97768158170723,21.243335352724337,6.807418530737998,21.0,1,-0.24333535272433693,21.415102340870106,20.5,21.5
2308.0,20.994847529097036,21.260508467436463,6.806670585726602,21.0,1,-0.2605084674364626,21.43223961455772,20.5,21.5
2309.0,21.012009893708363,21.27767799848744,6.805921264856963,21.0,1,-0.2776779984874409,21.449373308997224,20.5,21.5
2310.0,21.029168675982593,21.294843946318604,6.8051705686997215,21.0,1,-0.2948439463186041,21.466503424630236,20.5,21.5
2311.0,21.046323876361136,21.312006311371317,6.804418497826565,21.0,1,-0.3120063113713165,21.48362996189844,20.5,21.5
2312.0,21.063475495285427,21.329165094086957,6.803665052810228,21.0,0,-0.3291650940869566,21.500752921243357,20.5,21.5
2313.0,21.06062353319693,21.342320294906937,6.802910234224491,21.0,0,-0.34232029490693705,21.47387230310674,20.5,21.5
2314.0,21.057771990537137,21.351472714272695,6.802154042644183,21.0,0,-0.35147271427269544,21.44299690793028,20.5,21.5
2315.0,21.05492086694756,21.356623152465687,6.8013964786451755,21.0,0,-0.3566231524656871,21.408127534395604,20.5,21.5
2316.0,21.0520701620699,21.357772409607442,6.800637542804387,21.0,0,-0.35777240960744194,21.36926498102499,20.5,21.5
2317.0,21.049219875546047,21.354921285659564,6.79987723569978,21.0,0,-0.3549212856595645,21.32641004618079,20.5,21.5
2318.0,21.046370007018076,21.352070580423792,6.799115557910361,21.0,0,-0.352070580423792,21.323563528066067,20.5,21.5
2319.0,21.043520556128254,21.349220293542015,6.798352510016181,21.0,0,-0.34922029354201456,21.32071742472424,20.5,21.5
2320.0,21.04067152251903,21.34637042465631,6.7975880925983345,21.0,0,-0.3463704246563104,21.31787173579927,20.5,21.5
2321.0,21.037822905833046,21.343520973408936,6.7968223062389574,21.0,0,-0.3435209734089355,21.315026460935186,20.5,21.5
2322.0,21.03497470571313,21.340671939442352,6.796055151521231,21.0,0,-0.34067193944235186,21.312181599776515,20.5,21.5
2323.0,21.03212692180229,21.337823322399196,6.795286629029377,21.0,0,-0.33782332239919555,21.309337151967632,20.5,21.5
2324.0,21.029279553743738,21.33497512192229,6.794516739348657,21.0,0,-0.33497512192229095,21.306493117153245,20.5,21.5
2325.0,21.026432601180858,21.33212733765466,6.7937454830653765,21.0,0,-0.3321273376546614,21.303649494978366,20.5,21.5
2326.0,21.023586063757236,21.329279969239497,6.792972860766881,21.0,0,-0.3292799692394972,21.300806285087855,20.5,21.5
2327.0,21.020739941116638,21.3264330163202,6.7921988730415555,21.0,0,-0.3264330163201983,21.29796348712721,20.5,21.5
2328.0,21.01789423290302,21.323586478540346,6.791423520478826,21.0,0,-0.3235864785403457,21.29512110074182,20.5,21.5
2329.0,21.015048938760536,21.320740355543705,6.790646803669156,21.0,0,-0.3207403555437054,21.292279125577302,20.5,21.5
2330.0,21.012204058333516,21.31789464697424,6.78986872320405,21.0,0,-0.3178946469742385,21.28943756127957,20.5,21.5
2331.0,21.00935959126649,21.31504935247609,6.78908927967605,21.0,0,-0.3150493524760911,21.286596407494617,20.5,21.5
2332.0,21.006515537204173,21.312204471693597,6.788308473678736,21.0,0,-0.31220447169359744,21.28375566386866,20.5,21.5
2333.0,21.003671895791467,21.309360004271287,6.787526305806726,21.0,0,-0.3093600042712872,21.280915330048185,20.5,21.5
2334.0,21.00082866667347,21.30651594985387,6.786742776655675,21.0,0,-0.3065159498538712,21.27807540567971,20.5,21.5
2335.0,20.997985849495468,21.30367230808626,6.785957886822274,21.0,0,-0.30367230808625933,21.27523589041014,20.5,21.5
2336.0,20.995143443902933,21.30082907861355,6.785171636904251,21.0,0,-0.3008290786135497,21.272396783886453,20.5,21.5
2337.0,20.992301449541532,21.297986261081018,6.784384027500369,21.0,0,-0.297986261081018,21.2695580857557,20.5,21.5
2338.0,20.989459866057125,21.29514385513415,6.783595059210429,21.0,0,-0.29514385513414965,21.266719795665466,20.5,21.5
2339.0,20.986618693095757,21.29230186041861,6.782804732635261,21.0,0,-0.29230186041861117,21.263881913263226,20.5,21.5
2340.0,20.983777930303663,21.28946027658025,6.782013048376736,21.0,0,-0.2894602765802503,21.26104443819664,20.5,21.5
2341.0,20.98093757732728,21.28661910326512,6.781220007037755,21.0,0,-0.28661910326512086,21.258207370113826,20.5,21.5
2342.0,20.97809763381322,21.28377834011946,6.780425609222253,21.0,0,-0.28377834011946135,21.255370708662866,20.5,21.5
2343.0,20.975258099408304,21.280937986789695,6.7796298555352,21.0,0,-0.28093798678969506,21.252534453492032,20.5,21.5
2344.0,20.97241897375953,21.278098042922448,6.778832746582595,21.0,0,-0.2780980429224478,21.249698604249975,20.5,21.5
2345.0,20.969580256514096,21.275258508164534,6.778034282971473,21.0,0,-0.27525850816453357,21.24686316058539,20.5,21.5
2346.0,20.966741947319388,21.27241938216296,6.777234465309897,21.0,0,-0.27241938216295836,21.244028122147206,20.5,21.5
2347.0,20.963904045822986,21.26958066456491,6.776433294206965,21.0,0,-0.26958066456490926,21.24119348858442,20.5,21.5
2348.0,20.961066551672662,21.26674235501778,6.7756307702728025,21.0,0,-0.26674235501777943,21.23835925954648,20.5,21.5
2349.0,20.958229464516382,21.263904453169154,6.774826894118567,21.0,0,-0.2639044531691539,21.2355254346829,20.5,21.5
2350.0,20.955392784002303,21.261066958666795,6.774021666356443,21.0,0,-0.2610669586667953,21.23269201364321,20.5,21.5
2351.0,20.952556509778773,21.25822987115867,6.77321508759965,21.0,0,-0.2582298711586688,21.229858996077404,20.5,21.5
2352.0,20.949720641494338,21.255393190292942,6.772407158462429,21.0,0,-0.25539319029294205,21.227026381635675,20.5,21.5
2353.0,20.946885178797732,21.252556915717957,6.771597879560057,21.0,0,-0.2525569157179568,21.224194169968104,20.5,21.5
2354.0,20.944050121337884,21.24972104708226,6.770787251508832,21.0,0,-0.24972104708226084,21.2213623607253,20.5,21.5
2355.0,20.941215468763918,21.246885584034583,6.769975274926084,21.0,0,-0.24688558403458316,21.218530953557806,20.5,21.5
2356.0,20.93838122072515,21.244050526223862,6.769161950430168,21.0,0,-0.24405052622386236,21.215699948116654,20.5,21.5
2357.0,20.935547376871092,21.241215873299215,6.768347278640467,21.0,0,-0.24121587329921468,21.212869344052738,20.5,21.5
2358.0,20.932713936851446,21.23838162490996,6.767531260177387,21.0,0,-0.23838162490995884,21.2100391410174,20.5,21.5
2359.0,20.92988090031611,21.235547780705605,6.766713895662363,21.0,0,-0.23554778070560545,21.20720933866207,20.5,21.5
2360.0,20.92704826691518,21.232714340335853,6.765895185717854,21.0,0,-0.23271434033585336,21.204379936638333,20.5,21.5
2361.0,20.92421603629894,21.22988130345061,6.765075130967342,21.0,0,-0.22988130345061109,21.20155093459819,20.5,21.5
2362.0,20.921384208117875,21.22704866969997,6.7642537320353355,21.0,0,-0.2270486696999683,21.19872233219354,20.5,21.5
2363.0,20.918552782022658,21.22421643873421,6.7634309895473645,21.0,0,-0.22421643873421004,21.195894129076628,20.5,21.5
2364.0,20.915721757664162,21.22138461020382,6.762606904129985,21.0,0,-0.2213846102038204,21.193066324899924,20.5,21.5
2365.0,20.912891134693457,21.218553183759475,6.761781476410771,21.0,0,-0.2185531837594752,21.190238919316023,20.5,21.5
2366.0,20.9100609127618,21.215722159052046,6.760954707018324,21.0,0,-0.21572215905204573,21.18741191197775,20.5,21.5
2367.0,20.90723109152065,21.212891535732602,6.760126596582264,21.0,0,-0.21289153573260222,21.184585302538167,20.5,21.5
2368.0,20.904401670621663,21.210061313452407,6.759297145733233,21.0,0,-0.21006131345240675,21.181759090650452,20.5,21.5
2369.0,20.901572649716684,21.20723149186291,6.758466355102895,21.0,0,-0.20723149186290968,21.17893327596794,20.5,21.5
2370.0,20.89874402845776,21.20440207061577,6.7576342253239305,21.0,0,-0.20440207061577098,21.176107858144384,20.5,21.5
2371.0,20.895915806497133,21.20157304936284,6.756800757030046,21.0,0,-0.20157304936283893,21.17328283683352,20.5,21.5
2372.0,20.893087983487238,21.198744427756154,6.755965950855961,21.0,0,-0.19874442775615364,21.1704582116893,20.5,21.5
2373.0,20.890260559080712,21.195916205447965,6.755129807437418,21.0,0,-0.19591620544796484,21.167633982366077,20.5,21.5
2374.0,20.887433532930384,21.193088382090703,6.754292327411178,21.0,0,-0.19308838209070345,21.16481014851809,20.5,21.5
2375.0,20.88460690468928,21.19026095733701,6.753453511415016,21.0,0,-0.19026095733700998,21.161986709800075,20.5,21.5
2376.0,20.881780674010628,21.18743393083971,6.752613360087727,21.0,0,-0.18743393083970972,21.159163665866707,20.5,21.5
2377.0,20.878954840547845,21.184607302251834,6.751771874069124,21.0,0,-0.18460730225183397,21.156341016373077,20.5,21.5
2378.0,20.87612940395455,21.181781071226602,6.750929054000036,21.0,0,-0.18178107122660236,21.153518760974286,20.5,21.5
2379.0,20.87330436388456,21.178955237417437,6.750084900522305,21.0,0,-0.17895523741743702,21.150696899325784,20.5,21.5
2380.0,20.870479719991888,21.17612980047796,6.749239414278792,21.0,0,-0.176129800477959,21.14787543108318,20.5,21.5
2381.0,20.867655471930746,21.17330476006198,6.748392595913371,21.0,0,-0.17330476006198126,21.145054355902204,20.5,21.5
2382.0,20.86483161935554,21.17048011582352,6.747544446070931,21.0,0,-0.17048011582351918,21.1422336734389,20.5,21.5
2383.0,20.862008161920883,21.167655867416787,6.746694965397375,21.0,0,-0.16765586741678717,21.139413383349467,20.5,21.5
2384.0,20.85918509928158,21.164832014496188,6.74584415453962,21.0,0,-0.1648320144961879,21.136593485290195,20.5,21.5
2385.0,20.85636243109263,21.162008556716337,6.744992014145594,21.0,0,-0.16200855671633718,21.13377397891783,20.5,21.5
2386.0,20.853540157009242,21.159185493732036,6.744138544864241,21.0,0,-0.1591854937320356,21.13095486388902,20.5,21.5
2387.0,20.850718276686813,21.156362825198293,6.743283747345514,21.0,0,-0.15636282519829336,21.12813613986087,20.5,21.5
2388.0,20.847896789780943,21.153540550770305,6.742427622240379,21.0,0,-0.15354055077030537,21.125317806490425,20.5,21.5
2389.0,20.845075695947436,21.150718670103476,6.741570170200812,21.0,0,-0.15071867010347617,21.122499863435184,20.5,21.5
2390.0,20.842254994842285,21.147897182853406,6.740711391879799,21.0,0,-0.1478971828534057,21.1196823103527,20.5,21.5
2391.0,20.83943468612169,21.145076088675896,6.739851287931339,21.0,0,-0.1450760886758964,21.116865146900803,20.5,21.5
2392.0,20.836614769442054,21.142255387226946,6.738989859010438,21.0,0,-0.14225538722694608,21.114048372737443,20.5,21.5
2393.0,20.833795244459967,21.139435078162748,6.738127105773111,21.0,0,-0.13943507816274803,21.111231987520767,20.5,21.5
2394.0,20.83097611083223,21.13661516113971,6.737263028876383,21.0,0,-0.13661516113970862,21.108415990909315,20.5,21.5
2395.0,20.828157368215837,21.133795635814415,6.736397628978285,21.0,0,-0.13379563581441545,21.105600382561484,20.5,21.5
2396.0,20.82533901626799,21.130976501843676,6.735530906737857,21.0,0,-0.13097650184367637,21.102785162136286,20.5,21.5
2397.0,20.82252105464608,21.12815775888448,6.734662862815146,21.0,0,-0.12815775888448044,21.09997032929252,20.5,21.5
2398.0,20.819703483007714,21.12533940659403,6.733793497871206,21.0,0,-0.12533940659402987,21.097155883689524,20.5,21.5
2399.0,20.816886301010687,21.122521444629722,6.732922812568095,21.0,0,-0.12252144462972225,21.094341824986646,20.5,21.5
2400.0,20.814069508312997,21.119703872649154,6.732050807568878,21.0,0,-0.11970387264915416,21.091528152843473,20.5,21.5
2401.0,20.81125310457285,21.116886690310128,6.731177483537624,21.0,0,-0.11688669031012822,21.08871486691987,20.5,21.5
2402.0,20.808437089448642,21.11406989727064,6.730302841139409,21.0,0,-0.11406989727063888,21.085901966875745,20.5,21.5
2403.0,20.80562146259898,21.11125349318889,6.72942688104031,21.0,0,-0.11125349318889022,21.083089452371404,20.5,21.5
2404.0,20.80280622368267,21.10843747772329,6.7285496039074095,21.0,0,-0.10843747772328882,21.080277323067275,20.5,21.5
2405.0,20.799991372358715,21.105621850532433,6.727671010408791,21.0,0,-0.10562185053243311,21.077465578623876,20.5,21.5
2406.0,20.797176908286325,21.102806611275128,6.726791101213544,21.0,0,-0.10280661127512758,21.074654218702072,20.5,21.5
2407.0,20.79436283112491,21.099991759610383,6.7259098769917545,21.0,0,-0.09999175961038276,21.071843242962935,20.5,21.5
2408.0,20.791549140534084,21.0971772951974,6.725027338414515,21.0,0,-0.09717729519740104,21.069032651067584,20.5,21.5
2409.0,20.78873583617366,21.094363217695598,6.724143486153917,21.0,0,-0.09436321769559797,21.066222442677567,20.5,21.5
2410.0,20.785922917703658,21.091549526764588,6.723258320883052,21.0,0,-0.09154952676458805,21.06341261745449,20.5,21.5
2411.0,20.783110384784294,21.088736222064178,6.722371843276012,21.0,0,-0.08873622206417764,21.060603175060074,20.5,21.5
2412.0,20.780298237075993,21.085923303254397,6.721484054007887,21.0,0,-0.0859233032543969,21.05779411515659,20.5,21.5
2413.0,20.777486474239378,21.083110769995454,6.72059495375477,21.0,0,-0.08311076999545364,21.05498543740602,20.5,21.5
2414.0,20.77467509593528,21.080298621947776,6.719704543193747,21.0,0,-0.08029862194777593,21.052177141471,20.5,21.5
2415.0,20.771864101824733,21.07748685877199,6.718812823002906,21.0,0,-0.0774868587719908,21.04936922701414,20.5,21.5
2416.0,20.769053491568968,21.074675480128924,6.717919793861329,21.0,0,-0.07467548012892422,21.04656169369826,20.5,21.5
2417.0,20.766243264829427,21.071864485679612,6.7170254564490985,21.0,0,-0.07186448567961179,21.043754541186487,20.5,21.5
2418.0,20.763433421267752,21.069053875085284,6.7161298114472885,21.0,0,-0.06905387508528449,21.04094776914201,20.5,21.5
2419.0,20.76062396054579,21.06624364800739,6.715232859537975,21.0,0,-0.06624364800739002,21.038141377228445,20.5,21.5
2420.0,20.757814882325587,21.06343380410756,6.714334601404225,21.0,0,-0.06343380410756083,21.03533536510927,20.5,21.5
2421.0,20.7550061862694,21.06062434304765,6.7134350377300995,21.0,0,-0.06062434304764963,21.032529732448538,20.5,21.5
2422.0,20.752197872039694,21.057815264489705,6.712534169200657,21.0,0,-0.05781526448970453,21.029724478910254,20.5,21.5
2423.0,20.749389939299128,21.05500656809598,6.711631996501946,21.0,0,-0.0550065680959797,21.02691960415873,20.5,21.5
2424.0,20.746582387710568,21.052198253528935,6.710728520321013,21.0,0,-0.05219825352893537,21.024115107858492,20.5,21.5
2425.0,20.743775216937088,21.049390320451234,6.709823741345893,21.0,0,-0.04939032045123426,21.021310989674223,20.5,21.5
2426.0,20.74096842664197,21.046582768525745,6.708917660265614,21.0,0,-0.046582768525745166,21.018507249270854,20.5,21.5
2427.0,20.738162016488694,21.043775597415546,6.708010277770199,21.0,0,-0.043775597415546486,21.01570388631356,20.5,21.5
2428.0,20.73535598614095,21.04096880678391,6.707101594550655,21.0,0,-0.04096880678390846,21.01290090046753,20.5,21.5
2429.0,20.73255033526263,21.038162396294318,6.706191611298986,21.0,0,-0.03816239629431806,21.010098291398414,20.5,21.5
2430.0,20.729745063517836,21.03535636561047,6.705280328708184,21.0,0,-0.03535636561046829,21.00729605877197,20.5,21.5
2431.0,20.726940170570874,21.03255071439625,6.704367747472231,21.0,0,-0.032550714396251124,21.00449420225408,20.5,21.5
2432.0,20.724135656086254,21.029745442315765,6.703453868286095,21.0,0,-0.029745442315764592,21.0016927215109,20.5,21.5
2433.0,20.721331519728693,21.02694054903331,6.702538691845737,21.0,0,-0.026940549033309225,20.998891616208756,20.5,21.5
2434.0,20.718527761163116,21.024136034213406,6.701622218848103,21.0,0,-0.02413603421340582,20.996090886014372,20.5,21.5
2435.0,20.715724380054652,21.02133189752077,6.700704449991126,21.0,0,-0.021331897520770582,20.993290530594418,20.5,21.5
2436.0,20.71292137606864,21.018528138620326,6.699785385973728,21.0,0,-0.018528138620325763,20.990490549615878,20.5,21.5
2437.0,20.71011874887062,21.0157247571772,6.698865027495816,21.0,0,-0.015724757177199677,20.98769094274594,20.5,21.5
2438.0,20.707316498126346,21.01292175285673,6.6979433752582835,21.0,0,-0.012921752856730251,20.984891709652036,20.5,21.5
2439.0,20.704514623501773,21.01011912532446,6.697020429963008,21.0,0,-0.010119125324461464,20.982092850001774,20.5,21.5
2440.0,20.701713124663065,21.007316874246147,6.696096192312853,21.0,0,-0.007316874246146909,20.979294363463,20.5,21.5
2441.0,20.698912001276597,21.00451499928774,6.695170663011664,21.0,0,-0.00451499928773913,20.97649624970366,20.5,21.5
2442.0,20.696111253008944,21.001713500115404,6.6942438427642745,21.0,0,-0.001713500115403832,20.97369850839205,20.5,21.5
2443.0,20.693310879526894,20.998912376395513,6.6933157322764965,21.0,0,0.00108762360448722,20.970901139196602,20.5,21.5
2444.0,20.690510880497445,20.996111627794644,6.692386332255128,21.0,0,0.0038883722053562053,20.968104141785954,20.5,21.5
2445.0,20.687711255587796,20.99331125397959,6.691455643407947,21.0,0,0.006688746020408587,20.965307515829068,20.5,21.5
2446.0,20.68491200446536,20.990511254617342,6.690523666443712,21.0,0,0.009488745382657982,20.962511260994848,20.5,21.5
2447.0,20.682113126797756,20.987711629375106,6.689590402072167,21.0,0,0.012288370624894185,20.959715376952744,20.5,21.5
2448.0,20.67931462225281,20.98491237792029,6.688655851004031,21.0,0,0.015087622079711593,20.956919863372114,20.5,21.5
2449.0,20.67651649049856,20.982113499920512,6.687720013951005,21.0,0,0.017886500079487888,20.95412471992275,20.5,21.5
2450.0,20.67371873120325,20.9793149950436,6.686782891625771,21.0,0,0.020685004956398245,20.951329946274498,20.5,21.5
2451.0,20.670921344035335,20.9765168629576,6.685844484741988,21.0,0,0.023483137042401125,20.94853554209757,20.5,21.5
2452.0,20.668124328663477,20.973719103330744,6.684904794014295,21.0,0,0.026280896669256038,20.945741507062195,20.5,21.5
2453.0,20.665327684756548,20.970921715831487,6.683963820158305,21.0,0,0.02907828416851288,20.94294784083892,20.5,21.5
2454.0,20.66253141198363,20.968124700128506,6.6830215638906125,21.0,0,0.03187529987149418,20.940154543098693,20.5,21.5
2455.0,20.65973551001401,20.96532805589066,6.682078025928785,21.0,0,0.03467194410934127,20.937361613512188,20.5,21.5
2456.0,20.656939978517194,20.962531782787032,6.681133206991369,21.0,0,0.037468217212968113,20.934569051750763,20.5,21.5
2457.0,20.654144817162887,20.95973588048691,6.6801871077978845,21.0,0,0.040264119513089724,20.931776857485694,20.5,21.5
2458.0,20.651350025621014,20.956940348659806,6.679239729068827,21.0,0,0.04305965134019374,20.928985030388766,20.5,21.5
2459.0,20.648555603561704,20.954145186975417,6.678291071525666,21.0,0,0.04585481302458305,20.926193570131524,20.5,21.5
2460.0,20.645761550655298,20.951350395103674,6.677341135890849,21.0,0,0.04864960489632608,20.923402476386244,20.5,21.5
2461.0,20.642967866572345,20.948555972714704,6.676389922887788,21.0,0,0.051444027285295846,20.920611748825007,20.5,21.5
2462.0,20.64017455098361,20.945761919478848,6.6754374332408775,21.0,0,0.0542380805211522,20.917821387120284,20.5,21.5
2463.0,20.637381603560062,20.942968235066658,6.674483667675478,21.0,0,0.05703176493334183,20.915031390944762,20.5,21.5
2464.0,20.634589023972886,20.940174919148895,6.673528626917923,21.0,0,0.05982508085110538,20.91224175997126,20.5,21.5
2465.0,20.631796811893476,20.93738197139653,6.672572311695519,21.0,0,0.06261802860347032,20.90945249387288,20.5,21.5
2466.0,20.62900496699344,20.93458939148075,6.671614722736541,21.0,0,0.06541060851925096,20.906663592322943,20.5,21.5
2467.0,20.626213488944586,20.93179717907294,6.670655860770234,21.0,0,0.0682028209270591,20.90387505499486,20.5,21.5
2468.0,20.62342237741895,20.92900533384472,6.669695726526814,21.0,0,0.07099466615527916,20.90108688156252,20.5,21.5
2469.0,20.620631632088774,20.926213855467896,6.668734320737463,21.0,0,0.07378614453210375,20.89829907169965,20.5,21.5
2470.0,20.617841252626505,20.923422743614502,6.667771644134336,21.0,0,0.07657725638549806,20.89551162508056,20.5,21.5
2471.0,20.615051238704808,20.920631997956775,6.666807697450553,21.0,0,0.0793680020432248,20.892724541379508,20.5,21.5
2472.0,20.612261589996557,20.91784161816717,6.665842481420199,21.0,0,0.08215838183282997,20.88993782027112,20.5,21.5
2473.0,20.60947230617484,20.91505160391835,6.6648759967783295,21.0,0,0.08494839608164995,20.88715146143015,20.5,21.5
2474.0,20.606683386912962,20.91226195488319,6.663908244260965,21.0,0,0.08773804511681149,20.884365464531573,20.5,21.5
2475.0,20.603894831884432,20.909472670734775,6.66293922460509,21.0,0,0.09052732926522467,20.881579829250644,20.5,21.5
2476.0,20.601106640762975,20.90668375114641,6.6619689385486565,21.0,0,0.09331624885358991,20.878794555262758,20.5,21.5
2477.0,20.598318813222534,20.903895195791602,6.660997386830578,21.0,0,0.09610480420839806,20.87600964224352,20.5,21.5
2478.0,20.595531348937254,20.901107004344084,6.6600245701907355,21.0,0,0.09889299565591614,20.873225089868903,20.5,21.5
2479.0,20.592744247581503,20.89831917647779,6.659050489369968,21.0,0,0.10168082352220864,20.870440897814866,20.5,21.5
2480.0,20.589957508829862,20.89553171186688,6.658075145110083,21.0,0,0.10446828813311981,20.86765706575777,20.5,21.5
2481.0,20.587171132357117,20.89274461018571,6.657098538153847,21.0,0,0.10725538981429139,20.864873593373993,20.5,21.5
2482.0,20.584385117838277,20.889957871108855,6.656120669244989,21.0,0,0.11004212889114484,20.86209048034032,20.5,21.5
2483.0,20.581599464948557,20.887171494311115,6.655141539128198,21.0,0,0.11282850568888492,20.859307726333714,20.5,21.5
2484.0,20.578814173363394,20.884385479467493,6.654161148549123,21.0,0,0.11561452053250676,20.856525331031275,20.5,21.5
2485.0,20.57602924275843,20.881599826253208,6.653179498254377,21.0,0,0.11840017374679235,20.85374329411035,20.5,21.5
2486.0,20.57324467280953,20.87881453434369,6.6521965889915275,21.0,0,0.1211854656563105,20.850961615248508,20.5,21.5
2487.0,20.570460463192767,20.876029603414587,6.651212421509103,21.0,0,0.12397039658541331,20.84818029412356,20.5,21.5
2488.0,20.56767661358443,20.873245033141764,6.65022699655659,21.0,0,0.12675496685823617,20.845399330413535,20.5,21.5
2489.0,20.564893123661022,20.870460823201288,6.649240314884433,21.0,0,0.12953917679871196,20.84261872379653,20.5,21.5
2490.0,20.562109993099266,20.867676973269454,6.648252377244032,21.0,0,0.1323230267305462,20.83983847395111,20.5,21.5
2491.0,20.559327221576094,20.864893483022765,6.647263184387744,21.0,0,0.13510651697723475,20.83705858055588,20.5,21.5
2492.0,20.556544808768656,20.862110352137943,6.646272737068884,21.0,0,0.13788964786205682,20.834279043289722,20.5,21.5
2493.0,20.553762754354317,20.85932758029192,6.64528103604172,21.0,0,0.14067241970807842,20.831499861831706,20.5,21.5
2494.0,20.550981058010652,20.856545167161848,6.644288082061475,21.0,0,0.1434548328381524,20.828721035861108,20.5,21.5
2495.0,20.54819971941546,20.85376311242509,6.643293875884328,21.0,0,0.14623688757491138,20.8259425650575,20.5,21.5
2496.0,20.545418738246756,20.85098141575922,6.6422984182674085,21.0,0,0.1490185842407783,20.823164449100553,20.5,21.5
2497.0,20.54263811418276,20.84820007684204,6.641301709968801,21.0,0,0.15179992315795943,20.82038668767023,20.5,21.5
2498.0,20.539857846901917,20.845419095351563,6.640303751747544,21.0,0,0.1545809046484372,20.817609280446785,20.5,21.5
2499.0,20.537077936082888,20.842638470966012,6.639304544363625,21.0,0,0.15736152903398803,20.814832227110504,20.5,21.5
2500.0,20.534298381404543,20.83985820336383,6.638304088577984,21.0,0,0.16014179663617156,20.812055527341993,20.5,21.5
2501.0,20.531519182545978,20.837078292223673,6.637302385152511,21.0,0,0.1629217077763272,20.809279180822116,20.5,21.5
2502.0,20.5287403391865,20.834298737224422,6.636299434850047,21.0,0,0.16570126277557762,20.806503187231918,20.5,21.5
2503.0,20.525961851005633,20.831519538045164,6.635295238434383,21.0,0,0.1684804619548359,20.80372754625258,20.5,21.5
2504.0,20.523183717683118,20.82874069436521,6.634289796670258,21.0,0,0.1712593056347913,20.800952257565655,20.5,21.5
2505.0,20.520405938898914,20.825962205864084,6.633283110323358,21.0,0,0.17403779413591636,20.798177320852833,20.5,21.5
2506.0,20.5176285143332,20.82318407222153,6.63227518016032,21.0,0,0.17681592777847044,20.79540273579599,20.5,21.5
2507.0,20.514851443666366,20.820406293117504,6.631266006948728,21.0,0,0.1795937068824962,20.792628502077246,20.5,21.5
2508.0,20.512074726579023,20.817628868232184,6.630255591457108,21.0,0,0.18237113176781605,20.789854619378985,20.5,21.5
2509.0,20.509298362752,20.814851797245957,6.629243934454938,21.0,0,0.18514820275404276,20.78708108738369,20.5,21.5
2510.0,20.506522351866337,20.812075079839442,6.628231036712639,21.0,0,0.18792492016055817,20.784307905774288,20.5,21.5
2511.0,20.503746693603308,20.809298715693465,6.627216899001574,21.0,0,0.19070128430653455,20.7815350742337,20.5,21.5
2512.0,20.500971387644388,20.80652270448907,6.626201522094055,21.0,0,0.19347729551093096,20.778762592445105,20.5,21.5
2513.0,20.49819643367128,20.80374704590752,6.6251849067633355,21.0,0,0.19625295409247911,20.77599046009204,20.5,21.5
2514.0,20.495421831365896,20.8009717396303,6.624167053783612,21.0,0,0.19902826036970112,20.77321867685808,20.5,21.5
2515.0,20.492647580410377,20.79819678533911,6.623147963930025,21.0,0,0.20180321466089168,20.770447242427203,20.5,21.5
2516.0,20.489873680487083,20.79542218271586,6.622127637978653,21.0,0,0.20457781728413948,20.767676156483382,20.5,21.5
2517.0,20.48710013127858,20.7926479314427,6.621106076706521,21.0,0,0.2073520685572987,20.76490541871111,20.5,21.5
2518.0,20.484326932467667,20.78987403120198,6.620083280891592,21.0,0,0.21012596879802103,20.762135028794756,20.5,21.5
2519.0,20.48155408373735,20.78710048167627,6.619059251312769,21.0,0,0.21289951832373077,20.759364986419172,20.5,21.5
2520.0,20.478781584770864,20.784327282548368,6.618033988749895,21.0,0,0.21567271745163197,20.756595291269356,20.5,21.5
2521.0,20.47600943525166,20.78155443350128,6.617007493983753,21.0,0,0.21844556649871905,20.75382594303041,20.5,21.5
2522.0,20.47323763486341,20.778781934218248,6.615979767796061,21.0,0,0.22121806578175196,20.75105694138792,20.5,21.5
2523.0,20.470466183289997,20.776009784382715,6.61495081096948,21.0,0,0.2239902156172846,20.74828828602739,20.5,21.5
2524.0,20.46769508021553,20.77323798367835,6.613920624287604,21.0,0,0.2267620163216506,20.74551997663469,20.5,21.5
2525.0,20.464924325324347,20.770466531789047,6.612889208534965,21.0,0,0.22953346821095266,20.742752012896027,20.5,21.5
2526.0,20.462153918300988,20.767695428398913,6.611856564497032,21.0,0,0.23230457160108742,20.739984394497565,20.5,21.5
2527.0,20.459383858830225,20.764924673192276,6.610822692960206,21.0,0,0.23507532680772414,20.73721712112591,20.5,21.5
2528.0,20.45661414659705,20.762154265853688,6.609787594711828,21.0,0,0.23784573414631183,20.73445019246781,20.5,21.5
2529.0,20.453844781286673,20.759384206067914,6.60875127054017,21.0,0,0.24061579393208632,20.73168360821017,20.5,21.5
2530.0,20.451075762584523,20.75661449351995,6.607713721234434,21.0,0,0.24338550648004897,20.728917368040324,20.5,21.5
2531.0,20.448307090176254,20.753845127895005,6.606674947584764,21.0,0,0.2461548721049951,20.726151471645544,20.5,21.5
2532.0,20.445538763747734,20.751076108878504,6.605634950382229,21.0,0,0.24892389112149615,20.723385918713493,20.5,21.5
2533.0,20.44277078298506,20.748307436156107,6.6045937304188325,21.0,0,0.2516925638438927,20.72062070893214,20.5,21.5
2534.0,20.440003147574547,20.745539109413684,6.603551288487509,21.0,0,0.2544608905863157,20.717855841989454,20.5,21.5
2535.0,20.43723585720273,20.742771128337328,6.602507625382121,21.0,0,0.2572288716626723,20.715091317573762,20.5,21.5
2536.0,20.434468911556365,20.740003492613347,6.601462741897468,21.0,0,0.2599965073866528,20.712327135373542,20.5,21.5
2537.0,20.431702310322432,20.73723620192829,6.6004166388292695,21.0,0,0.2627637980717097,20.70956329507772,20.5,21.5
2538.0,20.428936053188135,20.734469255968904,6.599369316974181,21.0,0,0.26553074403109633,20.706799796375037,20.5,21.5
2539.0,20.42617013984089,20.731702654422172,6.598320777129784,21.0,0,0.26829734557782814,20.704036638954854,20.5,21.5
2540.0,20.423404569968348,20.728936396975296,6.5972710200945865,21.0,0,0.2710636030247038,20.70127382250654,20.5,21.5
2541.0,20.420639343258372,20.7261704833157,6.596220046668023,21.0,0,0.27382951668430167,20.69851134671972,20.5,21.5
2542.0,20.417874459399055,20.723404913131024,6.595167857650457,21.0,0,0.2765950868689764,20.695749211284276,20.5,21.5
2543.0,20.415109918078706,20.720639686109138,6.594114453843176,21.0,0,0.27936031389086224,20.69298741589028,20.5,21.5
2544.0,20.412345718985858,20.71787480193813,6.5930598360483925,21.0,0,0.28212519806186975,20.690225960228055,20.5,21.5
2545.0,20.40958186180927,20.715110260306314,6.592004005069244,21.0,0,0.2848897396936856,20.687464843988156,20.5,21.5
2546.0,20.40681834623792,20.712346060902227,6.5909469617097916,21.0,0,0.2876539390977726,20.684704066861357,20.5,21.5
2547.0,20.404055171961016,20.70958220341462,6.589888706775021,21.0,0,0.29041779658538047,20.68194362853854,20.5,21.5
2548.0,20.40129233866798,20.706818687532472,6.588829241070837,21.0,0,0.293181312467528,20.679183528710997,20.5,21.5
2549.0,20.398529846048458,20.704055512944993,6.587768565404069,21.0,0,0.29594448705500653,20.676423767070208,20.5,21.5
2550.0,20.39576769379233,20.701292679341606,6.58670668058247,21.0,0,0.29870732065839434,20.673664343307728,20.5,21.5
2551.0,20.393005881589687,20.698530186411958,6.58564358741471,21.0,0,0.30146981358804226,20.67090525711548,20.5,21.5
2552.0,20.39024440913085,20.695768033845926,6.584579286710381,21.0,0,0.3042319661540738,20.66814650818561,20.5,21.5
2553.0,20.387483276106366,20.6930062213336,6.583513779279995,21.0,0,0.3069937786663992,20.665388096210346,20.5,21.5
2554.0,20.384722482207,20.69024474856531,6.58244706593498,21.0,0,0.30975525143469085,20.662630020882393,20.5,21.5
2555.0,20.381962027123745,20.687483615231592,6.581379147487687,21.0,0,0.3125163847684078,20.659872281894422,20.5,21.5
2556.0,20.379201910547817,20.684722821023218,6.580310024751381,21.0,0,0.31527717897678187,20.657114878939478,20.5,21.5
2557.0,20.37644213217066,20.68196236563118,6.5792396985402455,21.0,0,0.31803763436882093,20.65435781171079,20.5,21.5
2558.0,20.373682691683932,20.679202248746694,6.5781681696693814,21.0,0,0.32079775125330556,20.651601079901848,20.5,21.5
2559.0,20.37092358877953,20.676442470061197,6.577095438954804,21.0,0,0.32355752993880316,20.64884468320622,20.5,21.5
2560.0,20.368164823149563,20.673683029266364,6.576021507213444,21.0,0,0.32631697073363597,20.646088621318036,20.5,21.5
2561.0,20.365406394486374,20.670923926054076,6.574946375263147,21.0,0,0.32907607394592375,20.6433328939312,20.5,21.5
2562.0,20.36264830248253,20.668165160116448,6.573870043922675,21.0,0,0.3318348398835518,20.640577500740168,20.5,21.5
2563.0,20.35989054683082,20.665406731145826,6.572792514011699,21.0,0,0.3345932688541744,20.6378224414396,20.5,21.5
2564.0,20.357133127224255,20.66264863883477,6.571713786350804,21.0,0,0.33735136116522924,20.635067715724222,20.5,21.5
2565.0,20.35437604335608,20.659890882876073,6.570633861761491,21.0,0,0.34010911712392655,20.6323133232891,20.5,21.5
2566.0,20.35161929491976,20.657133462962747,6.569552741066166,21.0,0,0.3428665370372528,20.629559263829485,20.5,21.5
2567.0,20.34886288160899,20.654376378788037,6.568470425088153,21.0,0,0.34562362121196344,20.62680553704093,20.5,21.5
2568.0,20.346106803117685,20.65161963004541,6.56738691465168,21.0,0,0.3483803699545902,20.624052142619142,20.5,21.5
2569.0,20.34335105913999,20.64886321642856,6.566302210581888,21.0,0,0.35113678357144096,20.62129908026005,20.5,21.5
2570.0,20.34059564937028,20.646107137631397,6.565216313704828,21.0,0,0.3538928623686033,20.618546349659773,20.5,21.5
2571.0,20.337840573503147,20.643351393348077,6.564129224847456,21.0,0,0.3566486066519232,20.615793950514878,20.5,21.5
2572.0,20.335085831233418,20.640595983272963,6.5630409448376374,21.0,0,0.35940401672703715,20.613041882521824,20.5,21.5
2573.0,20.33233142225614,20.637840907100653,6.561951474504146,21.0,0,0.362159092899347,20.610290145377554,20.5,21.5
2574.0,20.32957734626659,20.635086164525973,6.560860814676659,21.0,0,0.36491383547402734,20.60753873877917,20.5,21.5
2575.0,20.32682360296027,20.63233175524397,6.559768966185763,21.0,0,0.3676682447560289,20.604787662423956,20.5,21.5
2576.0,20.324070192032917,20.629577678949925,6.5586759298629485,21.0,0,0.370422321050075,20.602036916009464,20.5,21.5
2577.0,20.321317113180484,20.62682393533934,6.557581706540608,21.0,0,0.37317606466066167,20.59928649923347,20.5,21.5
2578.0,20.318564366099157,20.62407052410794,6.556486297052042,21.0,0,0.37592947589206105,20.596536411793945,20.5,21.5
2579.0,20.315811950485347,20.621317444951693,6.555389702231452,21.0,0,0.3786825550483073,20.59378665338923,20.5,21.5
2580.0,20.313059866035697,20.618564697566775,6.554291922913942,21.0,0,0.3814353024332249,20.5910372237176,20.5,21.5
2581.0,20.31030811244707,20.615812281649607,6.55319295993552,21.0,0,0.3841877183503932,20.588288122477923,20.5,21.5
2582.0,20.307556689416568,20.613060196896825,6.552092814133092,21.0,0,0.386939803103175,20.585539349369007,20.5,21.5
2583.0,20.30480559664151,20.610308443005295,6.5509914863444685,21.0,0,0.3896915569947055,20.58279090408999,20.5,21.5
2584.0,20.30205483381945,20.607557019672115,6.54988897740836,21.0,0,0.3924429803278855,20.580042786340314,20.5,21.5
2585.0,20.299304400648168,20.604805926594608,6.548785288164371,21.0,0,0.39519407340539203,20.577294995819543,20.5,21.5
2586.0,20.296554296825672,20.60205516347033,6.5476804194530125,21.0,0,0.39794483652967116,20.574547532227538,20.5,21.5
2587.0,20.2938045220502,20.59930472999705,6.546574372115688,21.0,0,0.4006952700029487,20.571800395264276,20.5,21.5
2588.0,20.29105507602021,20.59655462587279,6.545467146994702,21.0,0,0.4034453741272088,20.56905358463019,20.5,21.5
2589.0,20.288305958434407,20.593804850795784,6.544358744933254,21.0,0,0.4061951492042155,20.566307100025718,20.5,21.5
2590.0,20.285557168991705,20.59105540446449,6.543249166775441,21.0,0,0.4089445955355089,20.563560941151557,20.5,21.5
2591.0,20.28280870739126,20.58830628657761,6.542138413366253,21.0,0,0.411693713422391,20.560815107708788,20.5,21.5
2592.0,20.280060573332456,20.58555749683406,6.541026485551578,21.0,0,0.4144425031659402,20.558069599398568,20.5,21.5
2593.0,20.2773127665149,20.582809034932996,6.539913384178199,21.0,0,0.4171909650670038,20.55532441592236,20.5,21.5
2594.0,20.27456528663843,20.5800609005738,6.53879911009379,21.0,0,0.4199390994261982,20.552579556981858,20.5,21.5
2595.0,20.271818133403123,20.577313093456088,6.537683664146919,21.0,0,0.4226869065439125,20.549835022278945,20.5,21.5
2596.0,20.26907130650927,20.574565613279688,6.536567047187047,21.0,0,0.42543438672031186,20.547090811515694,20.5,21.5
2597.0,20.26632480565741,20.571818459744676,6.535449260064525,21.0,0,0.4281815402553235,20.54434692439456,20.5,21.5
2598.0,20.263578630548288,20.569071632551356,6.5343303036305995,21.0,0,0.4309283674486437,20.541603360618154,20.5,21.5
2599.0,20.260832780882904,20.56632513140025,6.533210178737401,21.0,0,0.43367486859974846,20.538860119889204,20.5,21.5
2600.0,20.258087256362476,20.56357895599212,6.532088886237956,21.0,0,0.4364210440078793,20.536117201910812,20.5,21.5
2601.0,20.255342056688452,20.560833106027957,6.5309664269861765,21.0,0,0.4391668939720432,20.533374606386317,20.5,21.5
2602.0,20.25259718156251,20.558087581208973,6.529842801836864,21.0,0,0.44191241879102705,20.530632333019135,20.5,21.5
2603.0,20.249852630686565,20.555342381236628,6.528718011645708,21.0,0,0.4446576187633724,20.527890381513174,20.5,21.5
2604.0,20.247108403762756,20.552597505812596,6.527592057269285,21.0,0,0.4474024941874042,20.525148751572278,20.5,21.5
2605.0,20.244364500493457,20.549852954638794,6.526464939565058,21.0,0,0.45014704536120576,20.52240744290078,20.5,21.5
2606.0,20.241620920581273,20.547108727417356,6.525336659391377,21.0,0,0.4528912725826437,20.519666455202977,20.5,21.5
2607.0,20.238877663729035,20.544364823850664,6.524207217607476,21.0,0,0.455635176149336,20.51692578818374,20.5,21.5
2608.0,20.23613472963981,20.54162124364131,6.5230766150734745,21.0,0,0.45837875635869096,20.51418544154776,20.5,21.5
2609.0,20.233392118016898,20.53887798649214,6.521944852650374,21.0,0,0.4611220135078611,20.511445415000438,20.5,21.5
2610.0,20.230649828563823,20.53613505210621,6.520811931200062,21.0,0,0.4638649478937893,20.50870570824693,20.5,21.5
2611.0,20.227907860984352,20.533392440186827,6.519677851585308,21.0,0,0.46660755981317337,20.505966320992986,20.5,21.5
2612.0,20.225166214982472,20.530650150437516,6.518542614669761,21.0,0,0.4693498495624837,20.503227252944413,20.5,21.5
2613.0,20.22242489026241,20.527908182562037,6.517406221317957,21.0,0,0.47209181743796336,20.50048850380724,20.5,21.5
2614.0,20.21968388652862,20.52516653626438,6.516268672395305,21.0,1,0.47483346373562085,20.497750073287804,20.5,21.5
2615.0,20.236943203485794,20.52642521124877,6.515129968768099,21.0,1,0.47357478875122894,20.53901196109269,20.5,21.5
2616.0,20.25419884083885,20.53168340721967,6.513990111303513,21.0,1,0.46831659278032944,20.584265366928665,20.5,21.5
2617.0,20.271450799092943,20.540940324041763,6.512849100869596,21.0,1,0.4590596759582368,20.63350949226269,20.5,21.5
2618.0,20.288699078753297,20.55419516173994,6.51170693833528,21.0,1,0.44580483826005946,20.686743538721714,20.5,21.5
2619.0,20.305943680325214,20.571447120499258,6.510563624570367,21.0,1,0.4285528795007423,20.74396670809243,20.5,21.5
2620.0,20.32318460431406,20.58869540066491,6.509419160445544,21.0,1,0.41130459933508945,20.76117820232144,20.5,21.5
2621.0,20.340421851225287,20.605940002742198,6.508273546832369,21.0,1,0.39405999725780205,20.778386023515072,20.5,21.5
2622.0,20.35765542156441,20.623180927236493,6.507126784603276,21.0,1,0.37681907276350657,20.79559017217945,20.5,21.5
2623.0,20.374885315837016,20.640418174653238,6.505978874631575,21.0,1,0.359581825346762,20.812790648820684,20.5,21.5
2624.0,20.392111534548775,20.65765174549795,6.50482981779145,21.0,1,0.3423482545020491,20.82998745394508,20.5,21.5
2625.0,20.409334078205422,20.674881640276222,6.503679614957955,21.0,1,0.3251183597237777,20.847180588058936,20.5,21.5
2626.0,20.42655294731277,20.69210785949372,6.502528267007023,21.0,1,0.30789214050627933,20.864370051668704,20.5,21.5
2627.0,20.44376814237671,20.70933040365618,6.501375774815453,21.0,1,0.2906695963438217,20.881555845280754,20.5,21.5
2628.0,20.4609796639032,20.726549273269416,6.500222139260918,21.0,1,0.2734507267305837,20.898737969401797,20.5,21.5
2629.0,20.47818751239827,20.743764468839316,6.499067361221965,21.0,1,0.25623553116068365,20.915916424538317,20.5,21.5
2630.0,20.495391688368038,20.760975990871838,6.497911441578005,21.0,1,0.2390240091281619,20.933091211197056,20.5,21.5
2631.0,20.51259219231868,20.77818383987302,6.49675438120932,21.0,1,0.22181616012698058,20.950262329884833,20.5,21.5
2632.0,20.52978902475646,20.795388016348973,6.4955961809970635,21.0,1,0.20461198365102717,20.967429781108507,20.5,21.5
2633.0,20.54698218618771,20.812588520805875,6.494436841823256,21.0,1,0.18741147919412526,20.984593565374894,20.5,21.5
2634.0,20.564171677118836,20.829785353749987,6.493276364570782,21.0,1,0.17021464625001315,21.001753683191108,20.5,21.5
2635.0,20.581357498056327,20.846978515687645,6.492114750123399,21.0,1,0.15302148431235452,21.018910135064232,20.5,21.5
2636.0,20.59853964950674,20.864168007125254,6.490951999365724,21.0,1,0.13583199287474557,21.036062921501344,20.5,21.5
2637.0,20.615718131976713,20.881353828569306,6.489788113183245,21.0,1,0.11864617143069367,21.053212043009825,20.5,21.5
2638.0,20.632892945972955,20.898535980526354,6.4886230924623085,21.0,1,0.1014640194736458,21.070357500096833,20.5,21.5
2639.0,20.650064092002253,20.91571446350304,6.48745693809013,21.0,1,0.08428553649696013,21.087499293269897,20.5,21.5
2640.0,20.66723157057147,20.932889278006066,6.486289650954789,21.0,1,0.06711072199393442,21.104637423036323,20.5,21.5
2641.0,20.684395382187546,20.950060424542226,6.4851212319452225,21.0,1,0.049939575457774055,21.12177188990383,20.5,21.5
2642.0,20.7015555273575,20.967227903618383,6.483951681951233,21.0,1,0.03277209638161693,21.138902694379954,20.5,21.5
2643.0,20.71871200658842,20.984391715741474,6.482781001863485,21.0,1,0.01560828425852634,21.15602983697238,20.5,21.5
2644.0,20.735864820387473,21.00155186141852,6.4816091925735,21.0,1,-0.0015518614185197066,21.17315331818898,20.5,21.5
2645.0,20.75301396926191,21.018708341156607,6.480436254973664,21.0,1,-0.018708341156607133,21.19027313853748,20.5,21.5
2646.0,20.770159453719053,21.03586115546291,6.47926218995722,21.0,1,-0.03586115546291069,21.207389298525946,20.5,21.5
2647.0,20.7873012742663,21.05301030484467,6.478086998418268,21.0,1,-0.053010304844669065,21.224501798662253,20.5,21.5
2648.0,20.804439431411133,21.070155789809213,6.476910681251768,21.0,1,-0.07015578980921333,21.241610639454656,20.5,21.5
2649.0,20.821573925661102,21.087297610863942,6.475733239353537,21.0,1,-0.08729761086394205,21.25871582141123,20.5,21.5
2650.0,20.83870475752384,21.10443576851633,6.474554673620248,21.0,1,-0.10443576851632841,21.275817345040192,20.5,21.5
2651.0,20.855831927507058,21.121570263273927,6.473374984949431,21.0,1,-0.12157026327392728,21.292915210849916,20.5,21.5
2652.0,20.872955436118545,21.138701095644375,6.472194174239469,21.0,1,-0.13870109564437527,21.310009419348855,20.5,21.5
2653.0,20.890075283866167,21.15582826613538,6.471012242389601,21.0,1,-0.15582826613538003,21.327099971045428,20.5,21.5
2654.0,20.90719147125787,21.172951775254734,6.4698291902999205,21.0,1,-0.17295177525473449,21.34418686644828,20.5,21.5
2655.0,20.92430399880168,21.1900716235103,6.468645018871371,21.0,1,-0.19007162351029905,21.361270106065945,20.5,21.5
2656.0,20.941412867005695,21.20718781141003,6.4674597290057525,21.0,1,-0.20718781141003006,21.37834969040734,20.5,21.5
2657.0,20.958518076378095,21.22430033946194,6.4662733216057156,21.0,1,-0.22430033946194072,21.395425619981047,20.5,21.5
2658.0,20.97561962742714,21.241409208174137,6.4650857975747575,21.0,1,-0.24140920817413658,21.412497895296095,20.5,21.5
2659.0,20.99271752066117,21.258514418054794,6.463897157817232,21.0,1,-0.25851441805479425,21.42956651686137,20.5,21.5
2660.0,21.0098117565886,21.275615969612183,6.462707403238341,21.0,1,-0.2756159696121827,21.446631485186067,20.5,21.5
2661.0,21.02690233571793,21.292713863354628,6.461516534744132,21.0,1,-0.2927138633546278,21.46369280077908,20.5,21.5
2662.0,21.043989258557737,21.30980809979056,6.460324553241505,21.0,1,-0.30980809979055834,21.480750464149864,20.5,21.5
2663.0,21.061072525616673,21.326898679428467,6.459131459638204,21.0,1,-0.3268986794284672,21.497804475807555,20.5,21.5
2664.0,21.078152137403478,21.34398560277693,6.4579372548428235,21.0,0,-0.3439856027769288,21.514854836261545,20.5,21.5
2665.0,21.075228094426965,21.3570688703446,6.4567419397648,21.0,0,-0.35706887034460166,21.48790154602133,20.5,21.5
2666.0,21.07230439719603,21.36614928264022,6.455545515314421,21.0,0,-0.36614928264021884,21.45695340559639,20.5,21.5
2667.0,21.069381045419654,21.371227640012602,6.454347982402814,21.0,0,-0.3712276400126022,21.422011213736436,20.5,21.5
2668.0,21.06645803880705,21.372304742650677,6.453149341941952,21.0,0,-0.3723047426506767,21.38307576903142,20.5,21.5
2669.0,21.063535377067677,21.369381390583516,6.451949594844653,21.0,0,-0.3693813905835164,21.340147869911913,20.5,21.5
2670.0,21.060613059911233,21.366458383680367,6.450748742024576,21.0,0,-0.3664583836803672,21.337228314648875,20.5,21.5
2671.0,21.057691087047655,21.363535721650695,6.4495467843962215,21.0,0,-0.36353572165069536,21.334309101353977,20.5,21.5
2672.0,21.054769458187124,21.36061340420419,6.4483437228749345,21.0,0,-0.36061340420419086,21.331390229739146,20.5,21.5
2673.0,21.05184817304006,21.35769143105079,6.447139558376899,21.0,0,-0.3576914310507888,21.32847169951677,20.5,21.5
2674.0,21.048927231317126,21.35476980190068,6.445934291819137,21.0,0,-0.3547698019006802,21.325553510399594,20.5,21.5
2675.0,21.046006632729227,21.35184851646428,6.444727924119511,21.0,0,-0.3518485164642797,21.322635662100275,20.5,21.5
2676.0,21.043086376987507,21.348927574452254,6.443520456196724,21.0,0,-0.3489275744522544,21.319718154332,20.5,21.5
2677.0,21.04016646380335,21.3460069755755,6.442311888970316,21.0,0,-0.34600697557549864,21.31680098680794,20.5,21.5
2678.0,21.037246892888383,21.343086719545163,6.4411022233606605,21.0,0,-0.34308671954516257,21.313884159241802,20.5,21.5
2679.0,21.03432766395448,21.34016680607263,6.439891460288974,21.0,0,-0.34016680607263083,21.310967671347314,20.5,21.5
2680.0,21.031408776713747,21.337247234869533,6.438679600677303,21.0,0,-0.33724723486953323,21.308051522838557,20.5,21.5
2681.0,21.02849023087854,21.33432800564774,6.437466645448531,21.0,0,-0.3343280056477411,21.30513571342982,20.5,21.5
2682.0,21.025572026161452,21.33140911811936,6.436252595526378,21.0,0,-0.33140911811936036,21.302220242835553,20.5,21.5
2683.0,21.022654162275327,21.328490571996745,6.435037451835394,21.0,0,-0.3284905719967455,21.299305110770597,20.5,21.5
2684.0,21.01973663893324,21.325572366992496,6.4338212153009655,21.0,0,-0.32557236699249614,21.296390316950003,20.5,21.5
2685.0,21.016819455848513,21.322654502819454,6.432603886849309,21.0,0,-0.3226545028194536,21.29347586108903,20.5,21.5
2686.0,21.013902612734714,21.319736979190687,6.4313854674074715,21.0,0,-0.31973697919068655,21.290561742903016,20.5,21.5
2687.0,21.010986109305648,21.316819795819523,6.430165957903335,21.0,0,-0.3168197958195229,21.287647962107886,20.5,21.5
2688.0,21.008069945275366,21.313902952419532,6.428945359265606,21.0,0,-0.31390295241953226,21.284734518419626,20.5,21.5
2689.0,21.005154120358164,21.31098644870452,6.427723672423827,21.0,0,-0.31098644870451864,21.281821411554382,20.5,21.5
2690.0,21.002238634268576,21.308070284388528,6.426500898308364,21.0,0,-0.3080702843885277,21.278908641228618,20.5,21.5
2691.0,20.999323486721384,21.30515445918586,6.425277037850411,21.0,0,-0.3051544591858608,21.275996207159192,20.5,21.5
2692.0,20.99640867743161,21.302238972811054,6.424052091981993,21.0,0,-0.30223897281105394,21.273084109062985,20.5,21.5
2693.0,20.99349420611452,21.299323824978885,6.422826061635959,21.0,0,-0.29932382497888455,21.27017234665719,20.5,21.5
2694.0,20.990580072485624,21.296409015404375,6.421598947745984,21.0,0,-0.29640901540437525,21.267260919659282,20.5,21.5
2695.0,20.987666276260676,21.293494543802797,6.420370751246571,21.0,0,-0.2934945438027974,21.26434982778702,20.5,21.5
2696.0,20.984752817155673,21.290580409889657,6.419141473073042,21.0,0,-0.2905804098896567,21.26143907075825,20.5,21.5
2697.0,20.981839694886858,21.287666613380704,6.417911114161547,21.0,0,-0.2876666133807042,21.25852864829118,20.5,21.5
2698.0,20.978926909170713,21.284753153991947,6.416679675449058,21.0,0,-0.28475315399194656,21.25561856010437,20.5,21.5
2699.0,20.97601445972397,21.281840031439614,6.415447157873368,21.0,0,-0.28184003143961434,21.252708805916292,20.5,21.5
2700.0,20.9731023462636,21.278927245440197,6.414213562373095,21.0,0,-0.2789272454401974,21.24979938544603,20.5,21.5
2701.0,20.970190568506823,21.276014795710427,6.412978889887674,21.0,0,-0.2760147957104273,21.246890298412726,20.5,21.5
2702.0,20.9672791261711,21.273102681967277,6.411743141357363,21.0,0,-0.27310268196727705,21.243981544535774,20.5,21.5
2703.0,20.964368018974138,21.27019090392796,6.410506317723236,21.0,0,-0.2701909039279613,21.241073123534804,20.5,21.5
2704.0,20.961457246633888,21.267279461309943,6.409268419927189,21.0,0,-0.2672794613099434,21.238165035129764,20.5,21.5
2705.0,20.958546808868547,21.264368353830932,6.408029448911936,21.0,0,-0.2643683538309318,21.235257279040816,20.5,21.5
2706.0,20.955636705396557,21.26145758120888,6.406789405621009,21.0,0,-0.2614575812088802,21.232349854988364,20.5,21.5
2707.0,20.952726935936603,21.25854714316198,6.40554829099875,21.0,0,-0.25854714316198013,21.22944276269298,20.5,21.5
2708.0,20.949817500207615,21.255637039408676,6.404306105990325,21.0,0,-0.25563703940867555,21.22653600187563,20.5,21.5
2709.0,20.946908397928773,21.252727269667652,6.403062851541712,21.0,0,-0.2527272696676519,21.223629572257416,20.5,21.5
2710.0,20.943999628819494,21.24981783365784,6.401818528599701,21.0,0,-0.24981783365783983,21.22072347355972,20.5,21.5
2711.0,20.94109119259945,21.246908731098422,6.400573138111902,21.0,0,-0.24690873109842215,21.217817705504245,20.5,21.5
2712.0,20.938183088988552,21.24399996170881,6.399326681026731,21.0,0,-0.2439999617088091,21.21491226781268,20.5,21.5
2713.0,20.93527531770696,21.24109152520868,6.39807915829342,21.0,0,-0.24109152520868093,21.2120071602074,20.5,21.5
2714.0,20.932367878475077,21.238183421317938,6.3968305708620115,21.0,0,-0.23818342131793813,21.20910238241051,20.5,21.5
2715.0,20.929460771013556,21.23527564975675,6.39558091968336,21.0,0,-0.2352756497567512,21.206197934144882,20.5,21.5
2716.0,20.92655399504329,21.232368210245518,6.394330205709129,21.0,0,-0.23236821024551801,21.203293815133186,20.5,21.5
2717.0,20.923647550285423,21.229461102504892,6.3930784298917915,21.0,0,-0.22946110250489227,21.200390025098635,20.5,21.5
2718.0,20.920741436461345,21.22655432625577,6.391825593184629,21.0,0,-0.2265543262557692,21.19748656376454,20.5,21.5
2719.0,20.91783565329269,21.223647881219293,6.390571696541731,21.0,0,-0.2236478812192928,21.19458343085453,20.5,21.5
2720.0,20.91493020050134,21.220741767116852,6.3893167409179945,21.0,0,-0.22074176711685212,21.191680626092445,20.5,21.5
2721.0,20.912025077809425,21.217835983670078,6.3880607272691226,21.0,0,-0.21783598367007784,21.188778149202335,20.5,21.5
2722.0,20.909120284939316,21.21493053060086,6.386803656551626,21.0,0,-0.21493053060085998,21.18587599990868,20.5,21.5
2723.0,20.90621582161364,21.21202540763132,6.385545529722817,21.0,0,-0.2120254076313195,21.182974177935915,20.5,21.5
2724.0,20.90331168755526,21.20912061448383,6.384286347740813,21.0,0,-0.20912061448382957,21.18007268300893,20.5,21.5
2725.0,20.900407882487297,21.206216150881023,6.383026111564539,21.0,0,-0.20621615088102274,21.177171514852954,20.5,21.5
2726.0,20.897504406133113,21.20331201654576,6.381764822153717,21.0,0,-0.20331201654575892,21.17427067319312,20.5,21.5
2727.0,20.894601258216316,21.200408211201157,6.3805024804688735,21.0,0,-0.20040821120115737,21.171370157755142,20.5,21.5
2728.0,20.891698438460764,21.19750473457058,6.3792390874713405,21.0,0,-0.19750473457057893,21.168469968264795,20.5,21.5
2729.0,20.888795946590566,21.19460158637764,6.377974644123242,21.0,0,-0.19460158637764025,21.165570104448253,20.5,21.5
2730.0,20.885893782330072,21.191698766346196,6.376709151387508,21.0,0,-0.19169876634619598,21.162670566031753,20.5,21.5
2731.0,20.882991945403884,21.18879627420035,6.375442610227868,21.0,0,-0.1887962742003495,21.159771352741885,20.5,21.5
2732.0,20.88009043553685,21.185894109664456,6.3741750216088455,21.0,0,-0.1858941096644564,21.156872464305525,20.5,21.5
2733.0,20.877189252454066,21.182992272463117,6.372906386495767,21.0,0,-0.18299227246311744,21.153973900449728,20.5,21.5
2734.0,20.874288395880875,21.18009076232118,6.371636705854753,21.0,0,-0.1800907623211785,21.15107566090179,20.5,21.5
2735.0,20.871387865542868,21.17718957896374,6.370365980652719,21.0,0,-0.1771895789637412,21.14817774538937,20.5,21.5
2736.0,20.86848766116589,21.174288722116138,6.3690942118573775,21.0,0,-0.17428872211613822,21.14528015364011,20.5,21.5
2737.0,20.865587782476027,21.171388191503972,6.367821400437236,21.0,0,-0.1713881915039721,21.14238288538231,20.5,21.5
2738.0,20.86268822919962,21.168487986853084,6.3665475473615984,21.0,0,-0.16848798685308353,21.139485940344198,20.5,21.5
2739.0,20.859789001063252,21.16558810788956,6.365272653600557,21.0,0,-0.16558810788955824,21.136589318254305,20.5,21.5
2740.0,20.85689009779376,21.162688554339738,6.363996720124997,21.0,0,-0.16268855433973783,21.133693018841534,20.5,21.5
2741.0,20.853991519118225,21.159789325930205,6.362719747906601,21.0,0,-0.15978932593020545,21.13079704183488,20.5,21.5
2742.0,20.851093264763982,21.156890422387796,6.361441737917836,21.0,0,-0.1568904223877965,21.127901386963707,20.5,21.5
2743.0,20.848195334458612,21.153991843439595,6.360162691131963,21.0,0,-0.15399184343959504,21.12500605395758,20.5,21.5
2744.0,20.845297727929946,21.151093588812934,6.358882608523032,21.0,0,-0.1510935888129339,21.122111042546322,20.5,21.5
2745.0,20.842400444906065,21.14819565823539,6.357601491065884,21.0,0,-0.14819565823539094,21.11921635245996,20.5,21.5
2746.0,20.839503485115298,21.145298051434807,6.3563193397361415,21.0,0,-0.145298051434807,21.116321983428968,20.5,21.5
2747.0,20.836606848286223,21.142400768139254,6.35503615551022,21.0,0,-0.14240076813925384,21.113427935183722,20.5,21.5
2748.0,20.833710534147666,21.139503808077063,6.3537519393653215,21.0,0,-0.13950380807706253,21.11053420745515,20.5,21.5
2749.0,20.83081454242871,21.136607170976816,6.352466692279431,21.0,0,-0.1366071709768164,21.107640799974355,20.5,21.5
2750.0,20.827918872858678,21.13371085656734,6.351180415231321,21.0,0,-0.13371085656734039,21.10474771247258,20.5,21.5
2751.0,20.825023525167154,21.13081486457771,6.349893109200546,21.0,0,-0.13081486457771163,21.101854944681424,20.5,21.5
2752.0,20.82212849908396,21.12791919473726,6.348604775167447,21.0,0,-0.12791919473725955,21.09896249633274,20.5,21.5
2753.0,20.819233794339176,21.125023846775562,6.347315414113146,21.0,0,-0.12502384677556222,21.09607036715859,20.5,21.5
2754.0,20.81633941066313,21.122128820422446,6.346025027019547,21.0,0,-0.12212882042244644,21.09317855689129,20.5,21.5
2755.0,20.813445347786402,21.119234115407988,6.344733614869336,21.0,0,-0.11923411540798767,21.0902870652634,20.5,21.5
2756.0,20.81055160543982,21.116339731462524,6.343441178645981,21.0,0,-0.1163397314625243,21.08739589200789,20.5,21.5
2757.0,20.807658183354462,21.113445668316622,6.342147719333726,21.0,0,-0.11344566831662206,21.0845050368576,20.5,21.5
2758.0,20.804765081261657,21.11055192570112,6.340853237917599,21.0,0,-0.11055192570112027,21.081614499546102,20.5,21.5
2759.0,20.801872298892988,21.10765850334709,6.339557735383401,21.0,0,-0.10765850334708915,21.078724279806778,20.5,21.5
2760.0,20.798979835980287,21.104765400985865,6.3382612127177165,21.0,0,-0.1047654009858654,21.075834377373628,20.5,21.5
2761.0,20.796087692255636,21.101872618349027,6.3369636709079025,21.0,0,-0.10187261834902728,21.072944791980646,20.5,21.5
2762.0,20.793195867451367,21.098980155168412,6.335665110942093,21.0,0,-0.09898015516841241,21.070055523362264,20.5,21.5
2763.0,20.790304361300066,21.096088011176093,6.3343655338091995,21.0,0,-0.09608801117609289,21.067166571252898,20.5,21.5
2764.0,20.787413173534567,21.09319618610441,6.333064940498905,21.0,0,-0.09319618610441083,21.06427793538759,20.5,21.5
2765.0,20.78452230388796,21.090304679685946,6.331763332001668,21.0,0,-0.09030467968594635,21.0613896155013,20.5,21.5
2766.0,20.781631752093585,21.087413491653535,6.330460709308721,21.0,0,-0.0874134916535354,21.058501611329426,20.5,21.5
2767.0,20.778741517885027,21.084522621740266,6.329157073412068,21.0,0,-0.08452262174026615,21.055613922607574,20.5,21.5
2768.0,20.775851600996134,21.08163206967948,6.327852425304483,21.0,0,-0.081632069679479,21.052726549071608,20.5,21.5
2769.0,20.772962001160995,21.07874183520476,6.326546765979514,21.0,0,-0.07874183520475952,21.049839490457565,20.5,21.5
2770.0,20.77007271811396,21.07585191804996,6.325240096431475,21.0,0,-0.07585191804995972,21.04695274650196,20.5,21.5
2771.0,20.767183751589624,21.07296231794917,6.323932417655453,21.0,0,-0.07296231794916963,21.04406631694127,20.5,21.5
2772.0,20.764295101322837,21.07007303463673,6.3226237306473045,21.0,0,-0.07007303463673153,21.04118020151235,20.5,21.5
2773.0,20.7614067670487,21.067184067847247,6.321314036403647,21.0,0,-0.06718406784724706,21.038294399952402,20.5,21.5
2774.0,20.75851874850257,21.064295417315567,6.320003335921873,21.0,0,-0.06429541731556654,21.03540891199876,20.5,21.5
2775.0,20.755631045420053,21.061407082776785,6.318691630200138,21.0,0,-0.061407082776785415,21.032523737388974,20.5,21.5
2776.0,20.75274365753701,21.058519063966262,6.317378920237361,21.0,0,-0.05851906396626205,21.02963887586103,20.5,21.5
2777.0,20.74985658458955,21.055631360619603,6.316065207033229,21.0,0,-0.0556313606196035,21.026754327153018,20.5,21.5
2778.0,20.74696982631404,21.052743972472673,6.3147504915881925,21.0,0,-0.052743972472672596,21.023870091003364,20.5,21.5
2779.0,20.744083382447094,21.049856899261577,6.313434774903462,21.0,0,-0.049856899261577325,21.020986167150625,20.5,21.5
2780.0,20.741197252725584,21.046970140722685,6.3121180579810146,21.0,0,-0.046970140722685016,21.018102555333762,20.5,21.5
2781.0,20.738311436886637,21.04408369659261,6.310800341823588,21.0,0,-0.04408369659261169,21.01521925529188,20.5,21.5
2782.0,20.735425934667624,21.041197566608226,6.30948162743468,21.0,0,-0.0411975666082256,21.012336266764365,20.5,21.5
2783.0,20.732540745806176,21.038311750506654,6.308161915818548,21.0,0,-0.03831175050665436,21.009453589490942,20.5,21.5
2784.0,20.72965587004018,21.03542624802527,6.306841207980211,21.0,0,-0.035426248025270723,21.006571223211434,20.5,21.5
2785.0,20.726771307107768,21.032541058901707,6.305519504925446,21.0,0,-0.032541058901706776,21.003689167666067,20.5,21.5
2786.0,20.72388705674733,21.029656182873843,6.304196807660784,21.0,0,-0.029656182873843306,21.00080742259521,20.5,21.5
2787.0,20.721003118697514,21.02677161967982,6.302873117193521,21.0,0,-0.026771619679820446,20.997925987739592,20.5,21.5
2788.0,20.718119492697213,21.023887369058027,6.301548434531702,21.0,0,-0.02388736905802702,20.995044862840093,20.5,21.5
2789.0,20.71523617848558,21.021003430747108,6.300222760684132,21.0,0,-0.021003430747107643,20.992164047637914,20.5,21.5
2790.0,20.71235317580202,21.018119804485956,6.298896096660368,21.0,0,-0.018119804485955626,20.989283541874435,20.5,21.5
2791.0,20.70947048438619,21.015236490013727,6.297568443470722,21.0,0,-0.015236490013727177,20.986403345291443,20.5,21.5
2792.0,20.706588103978007,21.012353487069827,6.296239802126262,21.0,0,-0.012353487069827196,20.983523457630827,20.5,21.5
2793.0,20.703706034317637,21.009470795393916,6.294910173638804,21.0,0,-0.009470795393916376,20.980643878634808,20.5,21.5
2794.0,20.7008242751455,21.0065884147259,6.29357955902092,21.0,0,-0.006588414725900549,20.977764608045742,20.5,21.5
2795.0,20.697942826202276,21.003706344805952,6.292247959285929,21.0,0,-0.003706344805952,20.974885645606467,20.5,21.5
2796.0,20.695061687228893,21.000824585374495,6.290915375447901,21.0,0,-0.0008245853744952569,20.972006991059928,20.5,21.5
2797.0,20.692180857966537,20.9979431361722,6.28958180852166,21.0,0,0.002056863827800015,20.969128644149247,20.5,21.5
2798.0,20.68930033815665,20.995061996940002,6.288247259522773,21.0,0,0.004938003059997698,20.966250604618025,20.5,21.5
2799.0,20.686420127540924,20.992181167419083,6.286911729467557,21.0,0,0.007818832580916535,20.963372872209895,20.5,21.5
2800.0,20.683540225861307,20.98930064735089,6.285575219373079,21.0,0,0.010699352649108818,20.96049544666897,20.5,21.5
2801.0,20.68066063286001,20.98642043647711,6.284237730257146,21.0,0,0.013579563522888805,20.95761832773931,20.5,21.5
2802.0,20.677781348279492,20.983540534539703,6.282899263138316,21.0,0,0.016459465460297196,20.95474151516562,20.5,21.5
2803.0,20.674902371862462,20.980660941280867,6.2815598190358894,21.0,0,0.019339058719133106,20.951865008692508,20.5,21.5
2804.0,20.672023703351897,20.97778165644306,6.280219398969911,21.0,0,0.022218343556939857,20.948988808064993,20.5,21.5
2805.0,20.66914534249102,20.974902679769002,6.27887800396117,21.0,0,0.025097320230997866,20.946112913028422,20.5,21.5
2806.0,20.666267289023313,20.97202401100166,6.277535635031196,21.0,0,0.027975988998338863,20.94323732332825,20.5,21.5
2807.0,20.663389542692514,20.969145649884265,6.276192293202261,21.0,0,0.03085435011573523,20.9403620387103,20.5,21.5
2808.0,20.660512103242617,20.9662675961603,6.2748479794973795,21.0,0,0.0337324038397,20.937487058920652,20.5,21.5
2809.0,20.657634970417867,20.963389849573495,6.273502694940304,21.0,0,0.03661015042650462,20.93461238370545,20.5,21.5
2810.0,20.65475814396277,20.960512409867842,6.272156440555528,21.0,0,0.039487590132157635,20.931738012811312,20.5,21.5
2811.0,20.65188162362209,20.957635276787595,6.270809217368282,21.0,0,0.0423647232124047,20.928863945985125,20.5,21.5
2812.0,20.649005409140837,20.95475845007726,6.269461026404536,21.0,0,0.04524154992273921,20.925990182973916,20.5,21.5
2813.0,20.64612950026429,20.951881929481594,6.268111868690994,21.0,0,0.04811807051840589,20.923116723524927,20.5,21.5
2814.0,20.643253896737978,20.949005714745617,6.266761745255101,21.0,0,0.05099428525438299,20.920243567385846,20.5,21.5
2815.0,20.64037859830768,20.9461298056146,6.265410657125033,21.0,0,0.05387019438540008,20.91737071430443,20.5,21.5
2816.0,20.637503604719445,20.943254201834073,6.264058605329702,21.0,0,0.0567457981659274,20.9144981640288,20.5,21.5
2817.0,20.634628915719567,20.940378903149817,6.262705590898756,21.0,0,0.05962109685018291,20.911625916307262,20.5,21.5
2818.0,20.631754531054604,20.937503909307882,6.261351614862573,21.0,0,0.062496090692118145,20.90875397088853,20.5,21.5
2819.0,20.628880450471364,20.934629220054557,6.259996678252264,21.0,0,0.06537077994544305,20.905882327521308,20.5,21.5
2820.0,20.62600667371692,20.931754835136406,6.258640782099675,21.0,0,0.068245164863594,20.903010985954896,20.5,21.5
2821.0,20.623133200538597,20.928880754300234,6.257283927437378,21.0,0,0.0711192456997658,20.900139945938516,20.5,21.5
2822.0,20.620260030683976,20.926006977293117,6.255926115298676,21.0,0,0.07399302270688324,20.897269207221942,20.5,21.5
2823.0,20.6173871639009,20.923133503862374,6.254567346717604,21.0,0,0.07686649613762597,20.894398769554947,20.5,21.5
2824.0,20.614514599937465,20.920260333755593,6.2532076227289215,21.0,0,0.0797396662444072,20.89152863268778,20.5,21.5
2825.0,20.611642338542023,20.917387466720612,6.251846944368118,21.0,0,0.08261253327938789,20.888658796370805,20.5,21.5
2826.0,20.608770379463188,20.91451490250553,6.25048531267141,21.0,0,0.08548509749446964,20.885789260354713,20.5,21.5
2827.0,20.60589872244983,20.9116426408587,6.249122728675739,21.0,0,0.08835735914129828,20.882920024390415,20.5,21.5
2828.0,20.603027367251073,20.908770681528736,6.247759193418773,21.0,0,0.09122931847126381,20.88005108822908,20.5,21.5
2829.0,20.600156313616306,20.905899024264507,6.246394707938901,21.0,0,0.09410097573549336,20.87718245162221,20.5,21.5
2830.0,20.59728556129517,20.903027668815135,6.2450292732752395,21.0,0,0.09697233118486537,20.874314114321415,20.5,21.5
2831.0,20.594415110037566,20.90015661493001,6.2436628904676255,21.0,0,0.09984338506998824,20.871446076078783,20.5,21.5
2832.0,20.59154495959365,20.89728586235878,6.24229556055662,21.0,0,0.10271413764122173,20.868578336646443,20.5,21.5
2833.0,20.588675109713844,20.89441541085133,6.240927284583505,21.0,0,0.10558458914866975,20.86571089577685,20.5,21.5
2834.0,20.585805560148817,20.891545260157834,6.23955806359028,21.0,0,0.10845473984216625,20.86284375322287,20.5,21.5
2835.0,20.582936310649504,20.888675410028696,6.238187898619668,21.0,0,0.11132458997130357,20.859976908737323,20.5,21.5
2836.0,20.5800673609671,20.885805860214603,6.236816790715109,21.0,0,0.11419413978539694,20.85711036207367,20.5,21.5
2837.0,20.57719871085305,20.88293661046648,6.23544474092076,21.0,0,0.11706338953352002,20.85424411298525,20.5,21.5
2838.0,20.574330360059065,20.880067660535524,6.2340717502814975,21.0,0,0.11993233946447646,20.85137816122596,20.5,21.5
2839.0,20.57146230833711,20.877199010173182,6.2326978198429135,21.0,0,0.12280098982681764,20.84851250654977,20.5,21.5
2840.0,20.56859455543941,20.874330659131164,6.231322950651316,21.0,0,0.12566934086883563,20.845647148710984,20.5,21.5
2841.0,20.565727101118455,20.871462607161433,6.229947143753729,21.0,0,0.1285373928385667,20.842782087464123,20.5,21.5
2842.0,20.56285994512698,20.86859485401622,6.228570400197886,21.0,0,0.1314051459837806,20.83991732256408,20.5,21.5
2843.0,20.559993087217993,20.865727399448005,6.227192721032241,21.0,0,0.13427260055199497,20.83705285376586,20.5,21.5
2844.0,20.557126527144757,20.862860243209532,6.225814107305954,21.0,0,0.13713975679046797,20.834188680824802,20.5,21.5
2845.0,20.55426026466079,20.85999338505381,6.224434560068899,21.0,0,0.14000661494619138,20.831324803496575,20.5,21.5
2846.0,20.55139429951987,20.85712682473409,6.2230540803716625,21.0,0,0.14287317526590826,20.828461221536923,20.5,21.5
2847.0,20.548528631476042,20.854260562003905,6.22167266926554,21.0,0,0.14573943799609523,20.825597934702035,20.5,21.5
2848.0,20.5456632602836,20.851394596617023,6.220290327802536,21.0,0,0.14860540338297668,20.82273494274821,20.5,21.5
2849.0,20.542798185697105,20.848528928327493,6.218907057035362,21.0,0,0.15147107167250695,20.81987224543219,20.5,21.5
2850.0,20.539933407471374,20.845663556889612,6.217522858017442,21.0,0,0.1543364431103882,20.8170098425108,20.5,21.5
2851.0,20.53706892536148,20.842798482057933,6.216137731802901,21.0,0,0.15720151794206672,20.814147733741148,20.5,21.5
2852.0,20.53420473912277,20.839933703587278,6.214751679446573,21.0,0,0.1600662964127224,20.81128591888072,20.5,21.5
2853.0,20.531340848510837,20.837069221232724,6.213364702003999,21.0,0,0.1629307787672758,20.80842439768719,20.5,21.5
2854.0,20.528477253281537,20.83420503474961,6.211976800531422,21.0,0,0.1657949652503916,20.80556316991845,20.5,21.5
2855.0,20.525613953190987,20.831341143893532,6.210587976085789,21.0,0,0.16865885610646814,20.802702235332767,20.5,21.5
2856.0,20.522750947995565,20.828477548420352,6.20919822972475,21.0,0,0.17152245157964785,20.799841593688555,20.5,21.5
2857.0,20.519888237451912,20.825614248086183,6.207807562506657,21.0,0,0.17438575191381744,20.796981244744487,20.5,21.5
2858.0,20.517025821316924,20.822751242647403,6.2064159754905655,21.0,0,0.17724875735259715,20.794121188259606,20.5,21.5
2859.0,20.51416369934776,20.81988853186065,6.2050234697362265,21.0,0,0.18011146813935142,20.791261423993106,20.5,21.5
2860.0,20.511301871301836,20.817026115482815,6.203630046304096,21.0,0,0.18297388451718533,20.788401951704476,20.5,21.5
2861.0,20.508440336936836,20.81416399327107,6.202235706255328,21.0,0,0.18583600672893041,20.78554277115362,20.5,21.5
2862.0,20.5055790960107,20.811302164982827,6.200840450651768,21.0,0,0.18869783501717308,20.7826838821004,20.5,21.5
2863.0,20.502718148281627,20.80844063037577,6.199444280555968,21.0,0,0.1915593696242297,20.779825284305204,20.5,21.5
2864.0,20.49985749350808,20.805579389207836,6.198047197031172,21.0,0,0.19442061079216444,20.776966977528488,20.5,21.5
2865.0,20.496997131448786,20.802718441237225,6.196649201141318,21.0,0,0.19728155876277498,20.77410896153112,20.5,21.5
2866.0,20.494137061862723,20.799857786222404,6.195250293951043,21.0,0,0.2001422137775961,20.771251236074193,20.5,21.5
2867.0,20.49127728450914,20.796997423922093,6.193850476525673,21.0,0,0.20300257607790684,20.768393800918986,20.5,21.5
2868.0,20.488417799147545,20.794137354095277,6.192449749931232,21.0,0,0.20586264590472325,20.765536655827113,20.5,21.5
2869.0,20.4855586055377,20.7912775765012,6.191048115234433,21.0,0,0.20872242349879855,20.76267980056045,20.5,21.5
2870.0,20.48269970343964,20.78841809089937,6.189645573502682,21.0,0,0.21158190910063013,20.759823234881054,20.5,21.5
2871.0,20.47984109261365,20.785558897049555,6.188242125804077,21.0,0,0.21444110295044538,20.756966958551402,20.5,21.5
2872.0,20.47698277282029,20.782699994711784,6.186837773207403,21.0,0,0.21730000528821591,20.75411097133408,20.5,21.5
2873.0,20.474124743820365,20.779841383646346,6.185432516782136,21.0,0,0.22015861635365397,20.751255272991965,20.5,21.5
2874.0,20.47126700537496,20.776983063613798,6.184026357598439,21.0,0,0.2230169363862018,20.74839986328832,20.5,21.5
2875.0,20.468409557245405,20.774125034374954,6.1826192967271645,21.0,0,0.22587496562504583,20.745544741986514,20.5,21.5
2876.0,20.4655523991933,20.771267295690883,6.18121133523985,21.0,0,0.22873270430911674,20.742689908850174,20.5,21.5
2877.0,20.462695530980508,20.768409847322925,6.179802474208722,21.0,0,0.23159015267707517,20.73983536364334,20.5,21.5
2878.0,20.459838952369154,20.76555268903268,6.178392714706685,21.0,0,0.23444731096731886,20.736981106130244,20.5,21.5
2879.0,20.45698266312162,20.762695820582014,6.176982057807334,21.0,0,0.2373041794179862,20.73412713607534,20.5,21.5
2880.0,20.454126663000558,20.759839241733044,6.175570504584947,21.0,0,0.24016075826695626,20.731273453243343,20.5,21.5
2881.0,20.451270951768876,20.75698295224816,6.174158056114481,21.0,0,0.24301704775184163,20.728420057399305,20.5,21.5
2882.0,20.448415529189745,20.754126951890008,6.1727447134715785,21.0,0,0.245873048109992,20.725566948308504,20.5,21.5
2883.0,20.4455603950266,20.751271240421495,6.171330477732562,21.0,0,0.24872875957850482,20.722714125736367,20.5,21.5
2884.0,20.44270554904314,20.7484158176058,6.169915349974431,21.0,0,0.25158418239420044,20.719861589448843,20.5,21.5
2885.0,20.439850991003325,20.745560683206353,6.168499331274869,21.0,0,0.25443931679364695,20.717009339211888,20.5,21.5
2886.0,20.43699672067138,20.742705836986854,6.167082422712235,21.0,0,0.257294163013146,20.714157374791863,20.5,21.5
2887.0,20.43414273781179,20.739851278711264,6.165664625365567,21.0,0,0.26014872128873634,20.71130569595536,20.5,21.5
2888.0,20.431289042189302,20.736997008143806,6.164245940314579,21.0,0,0.2630029918561938,20.70845430246923,20.5,21.5
2889.0,20.428435633568927,20.73414302504896,6.162826368639662,21.0,0,0.26585697495103844,20.705603194100515,20.5,21.5
2890.0,20.42558251171594,20.731289329191487,6.1614059114218795,21.0,0,0.2687106708085132,20.70275237061674,20.5,21.5
2891.0,20.422729676395882,20.728435920336388,6.159984569742974,21.0,0,0.2715640796636123,20.699901831785397,20.5,21.5
2892.0,20.41987712737455,20.72558279824894,6.1585623446853575,21.0,0,0.27441720175106,20.697051577374463,20.5,21.5
2893.0,20.417024864418014,20.722729962694682,6.157139237332117,21.0,0,0.27727003730531763,20.694201607152106,20.5,21.5
2894.0,20.414172887292597,20.719877413439416,6.155715248767011,21.0,0,0.28012258656058364,20.691351920886756,20.5,21.5
2895.0,20.41132119576489,20.717025150249206,6.1542903800744675,21.0,0,0.28297484975079357,20.688502518347107,20.5,21.5
2896.0,20.408469789601753,20.71417317289038,6.152864632339586,21.0,0,0.28582682710962004,20.685653399302115,20.5,21.5
2897.0,20.405618668570302,20.711321481129527,6.151438006648138,21.0,0,0.2886785188704728,20.682804563521,20.5,21.5
2898.0,20.402767832437917,20.70847007473351,6.1500105040865565,21.0,0,0.2915299252664916,20.67995601077332,20.5,21.5
2899.0,20.399917280972247,20.70561895346944,6.148582125741951,21.0,0,0.2943810465305603,20.677107740828752,20.5,21.5
2900.0,20.3970670139412,20.7027681171047,6.147152872702093,21.0,0,0.2972318828953,20.674259753457303,20.5,21.5
2901.0,20.39421703111295,20.699917565406942,6.1457227460554185,21.0,0,0.30008243459305817,20.67141204842936,20.5,21.5
2902.0,20.39136733225594,20.697067298144066,6.1442917468910325,21.0,0,0.3029327018559336,20.668564625515312,20.5,21.5
2903.0,20.388517917138866,20.694217315084256,6.1428598762987034,21.0,0,0.30578268491574434,20.665717484486148,20.5,21.5
2904.0,20.385668785530697,20.691367615995947,6.141427135368863,21.0,0,0.3086323840040528,20.662870625112863,20.5,21.5
2905.0,20.382819937200665,20.688518200647838,6.139993525192606,21.0,0,0.3114817993521619,20.660024047166747,20.5,21.5
2906.0,20.379971371918263,20.6856690688089,6.138559046861689,21.0,0,0.3143309311911011,20.657177750419507,20.5,21.5
2907.0,20.377123089453253,20.682820220248363,6.1371237014685285,21.0,0,0.3171797797516369,20.654331734643005,20.5,21.5
2908.0,20.374275089575654,20.67997165473572,6.135687490106202,21.0,0,0.32002834526428003,20.65148599960929,20.5,21.5
2909.0,20.37142737205576,20.677123372040732,6.1342504138684495,21.0,0,0.32287662795926764,20.648640545090856,20.5,21.5
2910.0,20.368579936664123,20.674275371933426,6.1328124738496665,21.0,0,0.325724628066574,20.645795370860363,20.5,21.5
2911.0,20.36573278317156,20.671427654184082,6.131373671144904,21.0,0,0.32857234581591754,20.642950476690647,20.5,21.5
2912.0,20.362885911349153,20.66858021856326,6.129934006849876,21.0,0,0.33141978143673967,20.64010586235504,20.5,21.5
2913.0,20.36003932096825,20.66573306484178,6.128493482060948,21.0,0,0.3342669351582188,20.63726152762699,20.5,21.5
2914.0,20.35719301180047,20.662886192790722,6.1270520978751435,21.0,0,0.33711380720927764,20.634417472280134,20.5,21.5
2915.0,20.354346983617685,20.660039602181435,6.125609855390136,21.0,0,0.33996039781856524,20.63157369608856,20.5,21.5
2916.0,20.35150123619204,20.65719329278553,6.124166755704262,21.0,0,0.3428067072144714,20.628730198826467,20.5,21.5
2917.0,20.34865576929594,20.654347264374888,6.122722799916499,21.0,0,0.34565273562511223,20.62588698026848,20.5,21.5
2918.0,20.345810582702065,20.651501516721652,6.121277989126483,21.0,0,0.3484984832783482,20.623044040189292,20.5,21.5
2919.0,20.34296567618335,20.648656049598227,6.119832324434503,21.0,0,0.35134395040177324,20.620201378363976,20.5,21.5
2920.0,20.340121049513,20.64581086277729,6.118385806941494,21.0,0,0.3541891372227113,20.61735899456791,20.5,21.5
2921.0,20.337276702464486,20.64296595603178,6.116938437749042,21.0,0,0.3570340439682198,20.614516888576695,20.5,21.5
2922.0,20.33443263481154,20.640121329134903,6.115490217959381,21.0,0,0.35987867086509695,20.61167506016613,20.5,21.5
2923.0,20.33158884632817,20.637276981860122,6.114041148675394,21.0,0,0.36272301813987795,20.608833509112312,20.5,21.5
2924.0,20.32874533678864,20.63443291398118,6.112591231000609,21.0,0,0.36556708601882093,20.60599223519175,20.5,21.5
2925.0,20.325902105967483,20.63158912527208,6.111140466039204,21.0,0,0.3684108747279211,20.603151238181077,20.5,21.5
2926.0,20.323059153639498,20.62874561550708,6.109688854895999,21.0,0,0.3712543844929215,20.600310517857075,20.5,21.5
2927.0,20.32021647957975,20.625902384460723,6.108236398676458,21.0,0,0.37409761553927723,20.597470073997165,20.5,21.5
2928.0,20.317374083563568,20.623059431907798,6.106783098486688,21.0,0,0.376940568092202,20.59462990637855,20.5,21.5
2929.0,20.31453196536655,20.620216757623382,6.105328955433444,21.0,0,0.3797832423766181,20.59179001477922,20.5,21.5
2930.0,20.311690124764564,20.617374361382797,6.103873970624116,21.0,0,0.38262563861720267,20.58895039897695,20.5,21.5
2931.0,20.308848561533736,20.614532242961644,6.10241814516674,21.0,0,0.3854677570383558,20.586111058750113,20.5,21.5
2932.0,20.30600727545046,20.611690402135785,6.100961480169992,21.0,0,0.3883095978642146,20.583271993877197,20.5,21.5
2933.0,20.303166266291406,20.608848838681354,6.099503976743182,21.0,0,0.39115116131864625,20.580433204137037,20.5,21.5
2934.0,20.300325533833497,20.60600755237474,6.098045635996264,21.0,0,0.39399244762525854,20.57759468930862,20.5,21.5
2935.0,20.29748507785393,20.603166542992618,6.096586459039828,21.0,0,0.39683345700738215,20.57475644917138,20.5,21.5
2936.0,20.29464489813017,20.600325810311904,6.0951264469851,21.0,0,0.39967418968809554,20.57191848350477,20.5,21.5
2937.0,20.29180499443994,20.5974853541098,6.093665600943944,21.0,0,0.40251464589020003,20.569080792088755,20.5,21.5
2938.0,20.28896536656124,20.594645174163766,6.092203922028858,21.0,0,0.40535482583623406,20.566243374703426,20.5,21.5
2939.0,20.286126014272334,20.591805270251534,6.0907414113529725,21.0,0,0.40819472974846605,20.563406231129214,20.5,21.5
2940.0,20.28328693735175,20.5889656421511,6.089278070030055,21.0,0,0.4110343578489015,20.560569361146744,20.5,21.5
2941.0,20.280448135578286,20.586126289640724,6.0878138991745,21.0,0,0.413873710359276,20.55773276453698,20.5,21.5
2942.0,20.277609608731005,20.583287212498938,6.086348899901341,21.0,0,0.4167127875010621,20.554896441081077,20.5,21.5
2943.0,20.274771356589238,20.580448410504538,6.084883073326238,21.0,0,0.41955158949546245,20.552060390560534,20.5,21.5
2944.0,20.271933378932584,20.577609883436587,6.08341642056548,21.0,0,0.4223901165634132,20.54922461275708,20.5,21.5
2945.0,20.26909567554091,20.57477163107442,6.081948942735988,21.0,0,0.42522836892558047,20.546389107452747,20.5,21.5
2946.0,20.26625824619435,20.57193365319763,6.08048064095531,21.0,0,0.4280663468023711,20.543553874429723,20.5,21.5
2947.0,20.263421090673305,20.56909594958609,6.079011516341621,21.0,0,0.4309040504139112,20.540718913470688,20.5,21.5
2948.0,20.260584208758438,20.56625852001993,6.077541570013725,21.0,0,0.4337414799800712,20.53788422435833,20.5,21.5
2949.0,20.25774760023069,20.56342136427955,6.076070803091051,21.0,0,0.4365786357204513,20.535049806875747,20.5,21.5
2950.0,20.25491126487126,20.56058448214562,6.074599216693648,21.0,0,0.4394155178543784,20.53221566080635,20.5,21.5
2951.0,20.252075202461626,20.557747873399073,6.0731268119421955,21.0,0,0.44225212660092694,20.529381785933587,20.5,21.5
2952.0,20.24923941278352,20.55491153782112,6.071653589957993,21.0,0,0.4450884621788802,20.526548182041587,20.5,21.5
2953.0,20.246403895618954,20.55207547519322,6.070179551862965,21.0,0,0.4479245248067798,20.523714848914224,20.5,21.5
2954.0,20.243568650750202,20.549239685297124,6.068704698779653,21.0,0,0.45076031470287603,20.52088178633616,20.5,21.5
2955.0,20.240733677959806,20.546404167914833,6.067229031831223,21.0,0,0.45359583208516696,20.518048994091924,20.5,21.5
2956.0,20.237898977030582,20.543568922828623,6.06575255214146,21.0,0,0.4564310771713771,20.51521647196652,20.5,21.5
2957.0,20.235064547745605,20.54073394982104,6.0642752608347665,21.0,0,0.45926605017896094,20.5123842197452,20.5,21.5
2958.0,20.232230389888223,20.537899248674897,6.062797159036165,21.0,0,0.462100751325103,20.509552237213477,20.5,21.5
2959.0,20.229396503242054,20.535064819173265,6.061318247871295,21.0,0,0.46493518082673546,20.50672052415694,20.5,21.5
2960.0,20.22656288759098,20.5322306610995,6.059838528466411,21.0,0,0.4677693389004993,20.503889080361862,20.5,21.5
2961.0,20.223729542719155,20.529396774237217,6.058358001948381,21.0,0,0.47060322576278324,20.501057905614378,20.5,21.5
2962.0,20.220896468411002,20.526563158370294,6.056876669444694,21.0,1,0.4734368416297059,20.498226999701068,20.5,21.5
2963.0,20.238063664451207,20.527729813282892,6.055394532083449,21.0,1,0.4722701867171075,20.539396362408876,20.5,21.5
2964.0,20.255227130624732,20.532895938759427,6.053911590993355,21.0,1,0.4671040612405726,20.584557193524777,20.5,21.5
2965.0,20.272386867516804,20.54206073474459,6.05242784730374,21.0,1,0.4579392652554084,20.633708694596233,20.5,21.5
2966.0,20.289542875712762,20.555223401343316,6.050943302144536,21.0,1,0.4447765986566843,20.686850067330557,20.5,21.5
2967.0,20.30669515579805,20.572383138820726,6.04945795664629,21.0,1,0.4276168611792741,20.743980513594828,20.5,21.5
2968.0,20.32384370835822,20.58953914760213,6.047971811940158,21.0,1,0.41046085239786834,20.76109923541619,20.5,21.5
2969.0,20.340988533978933,20.606691428272974,6.046484869157903,21.0,1,0.39330857172702594,20.778214234981398,20.5,21.5
2970.0,20.35812963324597,20.623839981418808,6.044997129431897,21.0,1,0.3761600185811922,20.795325512877145,20.5,21.5
2971.0,20.375267006745208,20.640984807625294,6.043508593895119,21.0,1,0.3590151923747058,20.812433069690158,20.5,21.5
2972.0,20.392400655062637,20.658125907478215,6.042019263681153,21.0,1,0.3418740925217847,20.829536906007426,20.5,21.5
2973.0,20.40953057878436,20.675263281563442,6.040529139924188,21.0,1,0.32473671843655794,20.84663702241571,20.5,21.5
2974.0,20.426656778496586,20.692396930466977,6.039038223759018,21.0,1,0.3076030695330232,20.863733419502324,20.5,21.5
2975.0,20.44377925478564,20.709526854774907,6.037546516321043,21.0,1,0.2904731452250928,20.88082609785421,20.5,21.5
2976.0,20.460898008237947,20.726653055073456,6.0360540187462615,21.0,1,0.2733469449265442,20.897915058058942,20.5,21.5
2977.0,20.47801303944005,20.743775531948938,6.034560732171273,21.0,1,0.25622446805106236,20.915000300703756,20.5,21.5
2978.0,20.495124348978596,20.760894285987785,6.033066657733284,21.0,1,0.23910571401221503,20.93208182637626,20.5,21.5
2979.0,20.512231937440347,20.778009317776537,6.031571796570095,21.0,1,0.2219906822234634,20.949159635664053,20.5,21.5
2980.0,20.529335805412174,20.795120627901845,6.030076149820108,21.0,1,0.204879372098155,20.96623372915493,20.5,21.5
2981.0,20.546435953481055,20.812228216950466,6.028579718622324,21.0,1,0.18777178304953424,20.983304107436673,20.5,21.5
2982.0,20.563532382234083,20.82933208550927,6.027082504116341,21.0,1,0.17066791449072838,21.00037077109733,20.5,21.5
2983.0,20.580625092258458,20.846432234165245,6.025584507442351,21.0,1,0.1535677658347545,21.017433720724984,20.5,21.5
2984.0,20.597714084141494,20.863528663505477,6.024085729741143,21.0,1,0.13647133649452314,21.03449295690779,20.5,21.5
2985.0,20.614799358470613,20.880621374117165,6.022586172154105,21.0,1,0.11937862588283465,21.05154848023405,20.5,21.5
2986.0,20.63188091583335,20.897710366587624,6.021085835823212,21.0,1,0.10228963341237574,21.068600291292213,20.5,21.5
2987.0,20.648958756817347,20.914795641504277,6.019584721891037,21.0,1,0.08520435849572294,21.085648390670805,20.5,21.5
2988.0,20.666032882010363,20.93187719945466,6.018082831500743,21.0,1,0.06812280054533915,21.1026927789585,20.5,21.5
2989.0,20.68310329200026,20.948955041026416,6.016580165796086,21.0,1,0.05104495897358419,21.119733456743965,20.5,21.5
2990.0,20.70016998737502,20.966029166807296,6.015076725921408,21.0,1,0.03397083319270422,21.136770424616095,20.5,21.5
2991.0,20.71723296872273,20.983099577385172,6.013572513021648,21.0,1,0.01690042261482816,21.153803683163932,20.5,21.5
2992.0,20.73429223663159,21.00016627334802,6.012067528242327,21.0,1,-0.0001662733480216616,21.17083323297652,20.5,21.5
2993.0,20.751347791689913,21.01722925528393,6.0105617727295595,21.0,1,-0.01722925528392949,21.187859074643008,20.5,21.5
2994.0,20.76839963448612,21.0342885237811,6.009055247630039,21.0,1,-0.034288523781100366,21.20488120875281,20.5,21.5
2995.0,20.785447765608748,21.051344079427846,6.007547954091053,21.0,1,-0.05134407942784591,21.2218996358953,20.5,21.5
2996.0,20.802492185646443,21.06839592281259,6.00603989326047,21.0,1,-0.06839592281259144,21.238914356660047,20.5,21.5
2997.0,20.819532895187965,21.08544405452387,6.004531066286745,21.0,1,-0.08544405452386883,21.255925371636643,20.5,21.5
2998.0,20.836569894822183,21.102488475150324,6.003021474318915,21.0,1,-0.10248847515032367,21.272932681414872,20.5,21.5
2999.0,20.853603185138084,21.119529185280715,6.0015111185066,21.0,1,-0.11952918528071521,21.28993628658463,20.5,21.5
3000.0,20.870632766724757,21.136566185503916,6.0,21.0,1,-0.13656618550391642,21.30693618773593,20.5,21.5
3001.0,20.887658640171413,21.153599476408914,5.9984881199499,21.0,1,-0.15359947640891392,21.32393238545889,20.5,21.5
3002.0,20.90468080606737,21.170629058584797,5.996975479507661,21.0,1,-0.17062905858479738,21.340924880343632,20.5,21.5
3003.0,20.921699265002058,21.18765493262077,5.995462079825224,21.0,1,-0.18765493262077015,21.357913672980498,20.5,21.5
3004.0,20.938714017565022,21.204677099106156,5.993947922055111,21.0,1,-0.2046770991061564,21.37489876396002,20.5,21.5
3005.0,20.95572506434592,21.221695558630394,5.992433007350417,21.0,1,-0.22169555863039392,21.39188015387277,20.5,21.5
3006.0,20.972732405934522,21.238710311783013,5.990917336864816,21.0,1,-0.23871031178301294,21.408857843309203,20.5,21.5
3007.0,20.989736042920708,21.25572135915368,5.989400911752556,21.0,1,-0.25572135915367866,21.425831832860336,20.5,21.5
3008.0,21.006735975894475,21.272728701332163,5.987883733168462,21.0,1,-0.27272870133216287,21.442802123117005,20.5,21.5
3009.0,21.02373220544593,21.289732338908344,5.986365802267932,21.0,1,-0.28973233890834393,21.459768714670155,20.5,21.5
3010.0,21.040724732165295,21.30673227247222,5.984847120206934,21.0,1,-0.306732272472221,21.476731608110992,20.5,21.5
3011.0,21.057713556642902,21.323728502613896,5.983327688142014,21.0,1,-0.3237285026138963,21.49369080403065,20.5,21.5
3012.0,21.0746986794692,21.340721029923596,5.981807507230282,21.0,0,-0.3407210299235963,21.510646303020597,20.5,21.5
3013.0,21.071680101234755,21.353709854991656,5.980286578629423,21.0,0,-0.3537098549916564,21.483598105672257,20.5,21.5
3014.0,21.068661822530235,21.362695778408515,5.978764903497693,21.0,0,-0.36269577840851497,21.4525550125771,20.5,21.5
3015.0,21.06564384314643,21.367679600604745,5.97724248299391,21.0,0,-0.36767960060474536,21.41751782256705,20.5,21.5
3016.0,21.0626261628744,21.368662121851045,5.975719318277466,21.0,0,-0.3686621218510453,21.378487334314045,20.5,21.5
3017.0,21.059608781505478,21.3656441422583,5.974195410508315,21.0,0,-0.3656441422583008,21.335464346330856,20.5,21.5
3018.0,21.05659169883128,21.362626461777605,5.972670760846981,21.0,0,-0.36262646177760516,21.33244965697065,20.5,21.5
3019.0,21.053574914643683,21.359609080200293,5.9711453704545505,21.0,0,-0.35960908020029336,21.329435264427175,20.5,21.5
3020.0,21.050558428734846,21.356591997317977,5.9696192404926745,21.0,0,-0.3565919973179774,21.326421168494818,20.5,21.5
3021.0,21.047542240897197,21.35357521292254,5.968092372123567,21.0,0,-0.35357521292253935,21.32340736896816,20.5,21.5
3022.0,21.04452635092344,21.350558726806135,5.966564766510006,21.0,0,-0.35055872680613476,21.32039386564209,20.5,21.5
3023.0,21.04151075860656,21.347542538761193,5.9650364248153265,21.0,0,-0.3475425387611928,21.317380658311773,20.5,21.5
3024.0,21.0384954637398,21.344526648580413,5.96350734820343,21.0,0,-0.3445266485804126,21.31436774677261,20.5,21.5
3025.0,21.03548046611669,21.34151105605678,5.961977537838775,21.0,0,-0.3415110560567811,21.311355130820466,20.5,21.5
3026.0,21.032465765531036,21.338495760983548,5.960446994886379,21.0,0,-0.33849576098354817,21.30834281025122,20.5,21.5
3027.0,21.029451361776907,21.335480763154244,5.958915720511813,21.0,0,-0.33548076315424424,21.305330784861205,20.5,21.5
3028.0,21.026437254648656,21.332466062362663,5.957383715881214,21.0,0,-0.33246606236266274,21.302319054446848,20.5,21.5
3029.0,21.023423443940903,21.32945165840288,5.955850982161268,21.0,0,-0.32945165840288126,21.299307618805067,20.5,21.5
3030.0,21.020409929448547,21.326437551069255,5.954317520519217,21.0,0,-0.32643755106925454,21.296296477732987,20.5,21.5
3031.0,21.01739671096676,21.323423740156397,5.952783332122862,21.0,0,-0.32342374015639663,21.293285631027818,20.5,21.5
3032.0,21.014383788290992,21.320410225459216,5.951248418140551,21.0,0,-0.3204102254592165,21.290275078487415,20.5,21.5
3033.0,21.01137116121696,21.317397006772875,5.949712779741189,21.0,0,-0.3173970067728753,21.287264819909463,20.5,21.5
3034.0,21.008358829540665,21.314384083892826,5.948176418094232,21.0,0,-0.31438408389282557,21.28425485509233,20.5,21.5
3035.0,21.005346793058376,21.311371456614793,5.946639334369687,21.0,0,-0.3113714566147934,21.28124518383447,20.5,21.5
3036.0,21.00233505156664,21.30835912473477,5.945101529738108,21.0,0,-0.30835912473477123,21.27823580593455,20.5,21.5
3037.0,20.999323604862273,21.305347088049025,5.943563005370602,21.0,0,-0.3053470880490252,21.275226721191565,20.5,21.5
3038.0,20.996312452742373,21.302335346354106,5.94202376243882,21.0,0,-0.30233534635410564,21.27221792940491,20.5,21.5
3039.0,20.99330159500431,21.299323899446836,5.940483802114965,21.0,0,-0.29932389944683635,21.269209430374143,20.5,21.5
3040.0,20.990291031445732,21.296312747124308,5.9389431255717815,21.0,0,-0.29631274712430766,21.26620122389902,20.5,21.5
3041.0,20.987280761864557,21.29330188918389,5.937401733982563,21.0,0,-0.29330188918389055,21.26319330977972,20.5,21.5
3042.0,20.984270786058982,21.290291325423233,5.935859628521148,21.0,0,-0.2902913254232331,21.26018568781666,20.5,21.5
3043.0,20.981261103827475,21.287281055640253,5.934316810361912,21.0,0,-0.2872810556402534,21.257178357810457,20.5,21.5
3044.0,20.97825171496878,21.28427107963315,5.932773280679783,21.0,0,-0.28427107963315024,21.25417131956212,20.5,21.5
3045.0,20.975242619281925,21.28126139720039,5.931229040650223,21.0,0,-0.2812613972003888,21.251164572872774,20.5,21.5
3046.0,20.9722338165662,21.278252008140715,5.929684091449239,21.0,0,-0.27825200814071493,21.248158117543976,20.5,21.5
3047.0,20.969225306621176,21.275242912253155,5.928138434253378,21.0,0,-0.2752429122531552,21.245151953377558,20.5,21.5
3048.0,20.9662170892467,21.272234109337,5.926592070239725,21.0,0,-0.2722341093369991,21.242146080175438,20.5,21.5
3049.0,20.9632091642429,21.26922559919182,5.9250450005859,21.0,0,-0.2692255991918202,21.23914049774003,20.5,21.5
3050.0,20.96020153141017,21.266217381617473,5.923497226470068,21.0,0,-0.2662173816174729,21.236135205874,20.5,21.5
3051.0,20.95719419054918,21.263209456414067,5.921948749070925,21.0,0,-0.26320945641406723,21.23313020438001,20.5,21.5
3052.0,20.954187141460885,21.260201823382012,5.920399569567704,21.0,0,-0.2602018233820118,21.230125493061458,20.5,21.5
3053.0,20.951180383946507,21.25719448232197,5.918849689140171,21.0,0,-0.25719448232197095,21.227121071721562,20.5,21.5
3054.0,20.948173917807548,21.2541874330349,5.91729910896863,21.0,0,-0.2541874330349003,21.224116940164194,20.5,21.5
3055.0,20.94516774284578,21.251180675322022,5.915747830233914,21.0,0,-0.25118067532202204,21.22111309819324,20.5,21.5
3056.0,20.94216185886326,21.248174208984835,5.914195854117388,21.0,0,-0.24817420898483533,21.21810954561297,20.5,21.5
3057.0,20.93915626566231,21.245168033825117,5.912643181800951,21.0,0,-0.24516803382511654,21.21510628222793,20.5,21.5
3058.0,20.936150963045538,21.242162149644926,5.911089814467031,21.0,0,-0.24216214964492622,21.212103307843023,20.5,21.5
3059.0,20.933145950815824,21.23915655624658,5.909535753298584,21.0,0,-0.23915655624658072,21.209100622263126,20.5,21.5
3060.0,20.93014122877632,21.236151253432688,5.9079809994790935,21.0,0,-0.23615125343268772,21.206098225293758,20.5,21.5
3061.0,20.927136796730462,21.233146241006132,5.906425554192575,21.0,0,-0.23314624100613202,21.203096116740575,20.5,21.5
3062.0,20.924132654481955,21.23014151877006,5.904869418623566,21.0,0,-0.23014151877006128,21.200094296409354,20.5,21.5
3063.0,20.921128801834783,21.22713708652791,5.903312593957131,21.0,0,-0.22713708652791098,21.197092764106408,20.5,21.5
3064.0,20.91812523859321,21.224132944083387,5.901755081378862,21.0,0,-0.22413294408338658,21.194091519638143,20.5,21.5
3065.0,20.915121964561767,21.221129091240478,5.900196882074871,21.0,0,-0.22112909124047775,21.19109056281139,20.5,21.5
3066.0,20.91211897954527,21.218125527803437,5.898637997231793,21.0,0,-0.21812552780343708,21.18808989343303,20.5,21.5
3067.0,20.909116283348805,21.215122253576805,5.89707842803679,21.0,0,-0.21512225357680492,21.185089511310483,20.5,21.5
3068.0,20.90611387577774,21.2121192683654,5.895518175677539,21.0,0,-0.21211926836539874,21.182089416251337,20.5,21.5
3069.0,20.90311175663772,21.2091165719743,5.893957241342242,21.0,0,-0.2091165719742989,21.1790896080633,20.5,21.5
3070.0,20.90010992573466,21.206114164208877,5.892395626219618,21.0,0,-0.20611416420887707,21.17609008655466,20.5,21.5
3071.0,20.89710838287476,21.20311204487478,5.890833331498904,21.0,0,-0.20311204487477852,21.173090851533793,20.5,21.5
3072.0,20.894107127864483,21.20011021377791,5.889270358369855,21.0,0,-0.20011021377791138,21.17009190280924,20.5,21.5
3073.0,20.891106160510585,21.197108670724482,5.887706708022744,21.0,0,-0.19710867072448224,21.16709324019019,20.5,21.5
3074.0,20.888105480620087,21.194107415520953,5.88614238164836,21.0,0,-0.19410741552095345,21.164094863485666,20.5,21.5
3075.0,20.885105088000294,21.191106447974082,5.884577380438003,21.0,0,-0.19110644797408227,21.16109677250537,20.5,21.5
3076.0,20.88210498245878,21.188105767890885,5.88301170558349,21.0,0,-0.1881057678908853,21.158098967058915,20.5,21.5
3077.0,20.879105163803406,21.18510537507867,5.881445358277153,21.0,0,-0.18510537507867042,21.15510144695652,20.5,21.5
3078.0,20.8761056318423,21.182105269345012,5.879878339711831,21.0,0,-0.18210526934501203,21.152104212008428,20.5,21.5
3079.0,20.873106386383874,21.17910545049777,5.878310651080876,21.0,0,-0.17910545049776871,21.149107262025336,20.5,21.5
3080.0,20.870107427236814,21.176105918345073,5.876742293578155,21.0,0,-0.1761059183450726,21.14611059681811,20.5,21.5
3081.0,20.867108754210083,21.173106672695333,5.875173268398038,21.0,0,-0.17310667269533297,21.143114216197937,20.5,21.5
3082.0,20.86411036711292,21.170107713357236,5.873603576735405,21.0,0,-0.17010771335723618,21.140118119976268,20.5,21.5
3083.0,20.861112265754848,21.167109040139746,5.872033219785646,21.0,0,-0.1671090401397457,21.13712230796484,20.5,21.5
3084.0,20.858114449945653,21.164110652852102,5.870462198744655,21.0,0,-0.16411065285210213,21.134126779975666,20.5,21.5
3085.0,20.855116919495412,21.161112551303823,5.868890514808834,21.0,0,-0.16111255130382318,21.131131535821034,20.5,21.5
3086.0,20.852119674214475,21.1581147353047,5.867318169175089,21.0,0,-0.1581147353047001,21.12813657531347,20.5,21.5
3087.0,20.849122713913466,21.155117204664812,5.865745163040828,21.0,0,-0.15511720466481194,21.12514189826593,20.5,21.5
3088.0,20.84612603840329,21.1521199591945,5.864171497603965,21.0,0,-0.1521199591945006,21.122147504491387,20.5,21.5
3089.0,20.843129647495132,21.149122998704392,5.8625971740629135,21.0,0,-0.14912299870439227,21.11915339380331,20.5,21.5
3090.0,20.840133541000444,21.146126323005397,5.8610221936165905,21.0,0,-0.1461263230053973,21.116159566015448,20.5,21.5
3091.0,20.83713771873097,21.143129931908696,5.859446557464411,21.0,0,-0.14312993190869605,21.113166020941684,20.5,21.5
3092.0,20.834142180498716,21.140133825225746,5.857870266806293,21.0,0,-0.14013382522574602,21.110172758396246,20.5,21.5
3093.0,20.831146926115977,21.137138002768282,5.856293322842646,21.0,0,-0.1371380027682818,21.10717977819364,20.5,21.5
3094.0,20.828151955395324,21.134142464348322,5.854715726774385,21.0,0,-0.13414246434832222,21.104187080148726,20.5,21.5
3095.0,20.8251572681496,21.131147209778153,5.853137479802917,21.0,0,-0.13114720977815253,21.101194664076456,20.5,21.5
3096.0,20.82216286419193,21.128152238870346,5.851558583130145,21.0,0,-0.12815223887034577,21.098202529792278,20.5,21.5
3097.0,20.81916874333572,21.125157551437745,5.8499790379584695,21.0,0,-0.12515755143774498,21.095210677111737,20.5,21.5
3098.0,20.816174905394643,21.12216314729348,5.848398845490781,21.0,0,-0.12216314729348099,21.09221910585084,20.5,21.5
3099.0,20.813181350182663,21.119169026250947,5.846818006930464,21.0,0,-0.1191690262509475,21.089227815825613,20.5,21.5
3100.0,20.810188077514013,21.116175188123826,5.8452365234813985,21.0,0,-0.11617518812382599,21.08623680685261,20.5,21.5
3101.0,20.80719508720321,21.113181632726082,5.843654396347952,21.0,0,-0.11318163272608217,21.083246078748644,20.5,21.5
3102.0,20.80420237906504,21.110188359871948,5.842071626734981,21.0,0,-0.1101883598719482,21.08025563133061,20.5,21.5
3103.0,20.801209952914572,21.107195369375933,5.840488215847838,21.0,0,-0.10719536937593332,21.077265464415785,20.5,21.5
3104.0,20.79821780856716,21.10420266105283,5.838904164892355,21.0,0,-0.10420266105283105,21.07427557782181,20.5,21.5
3105.0,20.795225945838425,21.101210234717712,5.837319475074857,21.0,0,-0.10121023471771196,21.07128597136652,20.5,21.5
3106.0,20.79223436454427,21.098218090185924,5.835734147602153,21.0,0,-0.09821809018592376,21.06829664486804,20.5,21.5
3107.0,20.789243064500884,21.095226227273095,5.834148183681542,21.0,0,-0.09522622727309482,21.065307598144805,20.5,21.5
3108.0,20.78625204552472,21.092234645795124,5.832561584520803,21.0,0,-0.09223464579512353,21.06231883101541,20.5,21.5
3109.0,20.783261307432518,21.089243345568196,5.830974351328199,21.0,0,-0.08924334556819602,21.05933034329892,20.5,21.5
3110.0,20.780270850041298,21.086252326408772,5.829386485312479,21.0,0,-0.086252326408772,21.056342134814532,20.5,21.5
3111.0,20.777280673168352,21.08326158813359,5.82779798768287,21.0,0,-0.0832615881335883,21.05335420538175,20.5,21.5
3112.0,20.774290776631254,21.080271130559662,5.826208859649083,21.0,0,-0.0802711305596624,21.050366554820403,20.5,21.5
3113.0,20.77130116024786,21.077280953504292,5.82461910242131,21.0,0,-0.07728095350429243,21.047379182950593,20.5,21.5
3114.0,20.768311823836292,21.074291056785047,5.823028717210218,21.0,0,-0.07429105678504655,21.044392089592588,20.5,21.5
3115.0,20.76532276721497,21.071301440219777,5.821437705226955,21.0,0,-0.07130144021977713,21.041405274567083,20.5,21.5
3116.0,20.76233399020257,21.068312103626624,5.819846067683145,21.0,0,-0.06831210362662432,21.038418737695096,20.5,21.5
3117.0,20.759345492618067,21.065323046823984,5.818253805790892,21.0,0,-0.06532304682398404,21.03543247879758,20.5,21.5
3118.0,20.756357274280703,21.062334269630554,5.81666092076277,21.0,0,-0.06233426963055422,21.032446497696256,20.5,21.5
3119.0,20.75336933501,21.059345771865296,5.815067413811832,21.0,0,-0.05934577186529566,21.02946079421271,20.5,21.5
3120.0,20.75038167462576,21.056357553347457,5.813473286151601,21.0,0,-0.05635755334745696,21.02647536816907,20.5,21.5
3121.0,20.747394292948066,21.053369613896557,5.811878538996076,21.0,0,-0.0533696138965567,21.023490219387554,20.5,21.5
3122.0,20.744407189797275,21.050381953332398,5.810283173559725,21.0,0,-0.0503819533323977,21.020505347690808,20.5,21.5
3123.0,20.741420364994028,21.04739457147506,5.80868719105749,21.0,0,-0.04739457147505988,21.01752075290168,20.5,21.5
3124.0,20.73843381835924,21.044407468144907,5.80709059270478,21.0,0,-0.04440746814490737,21.014536434843382,20.5,21.5
3125.0,20.73544754971411,21.041420643162574,5.805493379717475,21.0,0,-0.04142064316257432,21.011552393339244,20.5,21.5
3126.0,20.73246155888011,21.038434096348986,5.8038955533119205,21.0,0,-0.0384340963489862,21.008568628213105,20.5,21.5
3127.0,20.729475845678998,21.03544782752533,5.802297114704932,21.0,0,-0.03544782752533138,21.005585139288783,20.5,21.5
3128.0,20.726490409932804,21.032461836513086,5.80069806511379,21.0,0,-0.032461836513085984,21.002601926390632,20.5,21.5
3129.0,20.72350525146384,21.02947612313401,5.79909840575624,21.0,0,-0.02947612313401038,20.999618989343254,20.5,21.5
3130.0,20.7205203700947,21.026490687210128,5.797498137850493,21.0,0,-0.026490687210127817,20.996636327971302,20.5,21.5
3131.0,20.71753576564825,21.023505528563753,5.795897262615221,21.0,0,-0.023505528563752875,20.993653942100003,20.5,21.5
3132.0,20.714551437947645,21.020520647017484,5.794295781269561,21.0,0,-0.02052064701748435,20.9906718315548,20.5,21.5
3133.0,20.71156738681631,21.017536042394184,5.792693695033112,21.0,0,-0.017536042394183937,20.98768999616118,20.5,21.5
3134.0,20.708583612077952,21.014551714517005,5.79109100512593,21.0,0,-0.014551714517004655,20.984708435745212,20.5,21.5
3135.0,20.70560011355656,21.01156766320938,5.789487712768534,21.0,0,-0.011567663209380186,20.981727150133135,20.5,21.5
3136.0,20.702616891076403,21.00858388829501,5.787883819181903,21.0,0,-0.008583888295010667,20.978746139151315,20.5,21.5
3137.0,20.699633944462025,21.005600389597888,5.7862793255874685,21.0,0,-0.005600389597887556,20.975765402626656,20.5,21.5
3138.0,20.69665127353825,21.002617166942276,5.784674233207123,21.0,0,-0.0026171669422758725,20.97278494038616,20.5,21.5
3139.0,20.693668878130186,20.99963422015272,5.783068543263215,21.0,0,0.00036577984727870216,20.969804752257176,20.5,21.5
3140.0,20.69068675806321,20.996651549054054,5.781462256978547,21.0,0,0.0033484509459462686,20.966824838067378,20.5,21.5
3141.0,20.687704913162996,20.993669153471373,5.7798553755763775,21.0,0,0.006330846528626921,20.963845197644567,20.5,21.5
3142.0,20.684723343255477,20.990687033230063,5.778247900280412,21.0,0,0.009312966769936537,20.960865830816967,20.5,21.5
3143.0,20.681742048166882,20.98770518815579,5.776639832314818,21.0,0,0.01229481184421033,20.95788673741305,20.5,21.5
3144.0,20.678761027723713,20.98472361807449,5.775031172904207,21.0,0,0.015276381925509952,20.954907917261494,20.5,21.5
3145.0,20.67578028175275,20.981742322812398,5.773421923273641,21.0,0,0.018257677187602184,20.951929370191475,20.5,21.5
3146.0,20.672799810081056,20.97876130219601,5.771812084648637,21.0,0,0.021238697803990902,20.948951096032122,20.5,21.5
3147.0,20.66981961253597,20.975780556052108,5.770201658255157,21.0,0,0.024219443947892216,20.945973094613095,20.5,21.5
3148.0,20.666839688945114,20.972800084207755,5.768590645319607,21.0,0,0.027199915792245122,20.942995365764226,20.5,21.5
3149.0,20.663860039136388,20.969819886490292,5.766979047068848,21.0,0,0.03018011350970795,20.940017909315664,20.5,21.5
3150.0,20.660880662937974,20.966839962727335,5.76536686473018,21.0,0,0.03316003727266548,20.93704072509776,20.5,21.5
3151.0,20.65790156017833,20.96386031274679,5.763754099531349,21.0,0,0.03613968725321115,20.934063812941332,20.5,21.5
3152.0,20.654922730686202,20.960880936376835,5.762140752700549,21.0,0,0.03911906362316486,20.931087172677298,20.5,21.5
3153.0,20.651944174290605,20.957901833445934,5.76052682546641,21.0,0,0.04209816655406584,20.928110804136924,20.5,21.5
3154.0,20.64896589082084,20.954923003782824,5.758912319058011,21.0,0,0.0450769962171762,20.92513470715172,20.5,21.5
3155.0,20.64598788010649,20.951944447216526,5.757297234704866,21.0,0,0.04805555278347384,20.92215888155355,20.5,21.5
3156.0,20.64301014197741,20.948966163576344,5.7556815736369344,21.0,0,0.051033836423656,20.919183327174522,20.5,21.5
3157.0,20.64003267626374,20.94598815269185,5.7540653370846115,21.0,0,0.054011847308149896,20.91620804384691,20.5,21.5
3158.0,20.637055482795905,20.943010414392912,5.752448526278731,21.0,0,0.05698958560708789,20.913233031403532,20.5,21.5
3159.0,20.6340785614046,20.940032948509664,5.750831142450567,21.0,0,0.059967051490335876,20.910258289677184,20.5,21.5
3160.0,20.63110191192081,20.937055754872528,5.749213186831825,21.0,0,0.06294424512747199,20.907283818501167,20.5,21.5
3161.0,20.62812553417579,20.934078833312206,5.747594660654649,21.0,0,0.06592116668779369,20.90430961770899,20.5,21.5
3162.0,20.625149428001087,20.931102183659675,5.745975565151618,21.0,0,0.06889781634032488,20.901335687134363,20.5,21.5
3163.0,20.622173593228517,20.9281258057462,5.744355901555744,21.0,0,0.0718741942538017,20.89836202661143,20.5,21.5
3164.0,20.619198029690182,20.925149699403313,5.742735671100471,21.0,0,0.07485030059668674,20.895388635974463,20.5,21.5
3165.0,20.616222737218465,20.92217386446284,5.741114875019672,21.0,0,0.07782613553715834,20.892415515058126,20.5,21.5
3166.0,20.613247715646025,20.91919830075689,5.739493514547659,21.0,0,0.08080169924311065,20.889442663697366,20.5,21.5
3167.0,20.610272964805805,20.916223008117832,5.737871590919164,21.0,0,0.0837769918821678,20.88647008172726,20.5,21.5
3168.0,20.60729848453103,20.91324798637833,5.736249105369356,21.0,0,0.08675201362166973,20.88349776898331,20.5,21.5
3169.0,20.604324274655195,20.910273235371335,5.734626059133826,21.0,0,0.08972676462866502,20.880525725301382,20.5,21.5
3170.0,20.60135033501209,20.90729875493006,5.733002453448595,21.0,0,0.09270124506993938,20.877553950517317,20.5,21.5
3171.0,20.598376665435776,20.904324544888013,5.731378289550109,21.0,0,0.09567545511198716,20.874582444467535,20.5,21.5
3172.0,20.5954032657606,20.90135060507897,5.729753568675239,21.0,0,0.0986493949210292,20.87161120698855,20.5,21.5
3173.0,20.592430135821182,20.898376935337005,5.728128292061283,21.0,0,0.10162306466299498,20.868640237917347,20.5,21.5
3174.0,20.589457275452432,20.89540353549645,5.726502460945958,21.0,0,0.10459646450355109,20.865669537090888,20.5,21.5
3175.0,20.58648468448953,20.89243040539194,5.724876076567403,21.0,0,0.1075695946080586,20.862699104346866,20.5,21.5
3176.0,20.583512362767944,20.889457544858374,5.723249140164185,21.0,0,0.1105424551416263,20.859728939522697,20.5,21.5
3177.0,20.580540310123425,20.88648495373094,5.721621652975284,21.0,0,0.11351504626906106,20.85675904245659,20.5,21.5
3178.0,20.577568526391996,20.8835126318451,5.719993616240102,21.0,0,0.11648736815489968,20.853789412986714,20.5,21.5
3179.0,20.574597011409967,20.88054057903661,5.718365031198462,21.0,0,0.11945942096339124,20.850820050951693,20.5,21.5
3180.0,20.571625765013923,20.87756879514149,5.716735899090601,21.0,0,0.12243120485851122,20.84785095619029,20.5,21.5
3181.0,20.56865478704074,20.874597279996046,5.715106221157173,21.0,0,0.12540272000395447,20.844882128541613,20.5,21.5
3182.0,20.56568407732756,20.871626033436876,5.71347599863925,21.0,0,0.1283739665631245,20.841913567845175,20.5,21.5
3183.0,20.562713635711823,20.86865505530084,5.711845232778318,21.0,0,0.13134494469915836,20.838945273940503,20.5,21.5
3184.0,20.559743462031236,20.86568434542509,5.710213924816274,21.0,0,0.1343156545749089,20.835977246667586,20.5,21.5
3185.0,20.556773556123794,20.86271390364707,5.708582075995432,21.0,0,0.13728609635293054,20.833009485866853,20.5,21.5
3186.0,20.553803917827768,20.859743729804475,5.706949687558515,21.0,0,0.14025627019552545,20.830041991378526,20.5,21.5
3187.0,20.550834546981715,20.856773823735306,5.705316760748657,21.0,0,0.1432261762646938,20.827074763043623,20.5,21.5
3188.0,20.547865443424467,20.853804185277834,5.703683296809404,21.0,0,0.1461958147221658,20.824107800703114,20.5,21.5
3189.0,20.544896606995145,20.85083481427062,5.702049296984709,21.0,0,0.1491651857293803,20.821141104198475,20.5,21.5
3190.0,20.541928037533143,20.84786571055249,5.700414762518935,21.0,0,0.15213428944750973,20.818174673371196,20.5,21.5
3191.0,20.53895973487814,20.84489687396256,5.69877969465685,21.0,0,0.1551031260374387,20.81520850806327,20.5,21.5
3192.0,20.535991698870095,20.841928304340236,5.6971440946436305,21.0,0,0.1580716956597641,20.812242608116982,20.5,21.5
3193.0,20.53302392934925,20.838960001525194,5.6955079637248565,21.0,0,0.16103999847480566,20.80927697337478,20.5,21.5
3194.0,20.530056426156122,20.835991965357387,5.693871303146511,21.0,0,0.16400803464261315,20.806311603679312,20.5,21.5
3195.0,20.52708918913152,20.833024195677062,5.692234114154986,21.0,0,0.1669758043229379,20.803346498873815,20.5,21.5
3196.0,20.524122218116524,20.83005669232474,5.69059639799707,21.0,0,0.16994330767526122,20.800381658801506,20.5,21.5
3197.0,20.5211555129525,20.82708945514122,5.688958155919955,21.0,0,0.1729105448587802,20.79741708330603,20.5,21.5
3198.0,20.518189073481093,20.82412248396759,5.687319389171233,21.0,0,0.1758775160324113,20.794452772231278,20.5,21.5
3199.0,20.51522289954423,20.82115577864521,5.685680098998897,21.0,0,0.17884422135479028,20.79148872542142,20.5,21.5
3200.0,20.51225699098412,20.81818933901573,5.684040286651338,21.0,0,0.18181066098426868,20.788524942720947,20.5,21.5
3201.0,20.509291347643252,20.815223164921075,5.6823999533773435,21.0,0,0.1847768350789245,20.785561423974517,20.5,21.5
3202.0,20.5063259693644,20.812257256203456,5.6807591004261,21.0,0,0.18774274379654443,20.782598169027256,20.5,21.5
3203.0,20.503360855990614,20.80929161270536,5.679117729047189,21.0,0,0.19070838729464157,20.779635177724387,20.5,21.5
3204.0,20.500396007365225,20.806326234269555,5.677475840490582,21.0,0,0.1936737657304448,20.776672449911523,20.5,21.5
3205.0,20.49743142333185,20.803361120739105,5.675833436006654,21.0,0,0.1966388792608953,20.7737099854346,20.5,21.5
3206.0,20.494467103734387,20.800396271957332,5.674190516846164,21.0,0,0.19960372804266768,20.77074778413961,20.5,21.5
3207.0,20.49150304841701,20.79743168776785,5.672547084260269,21.0,0,0.20256831223214888,20.76778584587304,20.5,21.5
3208.0,20.48853925722418,20.794467368014566,5.67090313950051,21.0,0,0.20553263198543448,20.76482417048171,20.5,21.5
3209.0,20.485575730000633,20.791503312541646,5.669258683818827,21.0,0,0.2084966874583536,20.761862757812455,20.5,21.5
3210.0,20.482612466591398,20.78853952119356,5.667613718467543,21.0,0,0.21146047880644048,20.75890160771269,20.5,21.5
3211.0,20.479649466841774,20.785575993815037,5.665968244699369,21.0,0,0.21442400618496293,20.755940720029812,20.5,21.5
3212.0,20.476686730597347,20.782612730251103,5.664322263767406,21.0,0,0.21738726974889744,20.752980094611758,20.5,21.5
3213.0,20.47372425770398,20.779649730347064,5.662675776925143,21.0,0,0.22035026965293625,20.750019731306676,20.5,21.5
3214.0,20.470762048007824,20.776686993948502,5.6610287854264465,21.0,0,0.22331300605149806,20.747059629962884,20.5,21.5
3215.0,20.46780010135531,20.773724520901283,5.659381290525575,21.0,0,0.22627547909871737,20.74409979042909,20.5,21.5
3216.0,20.464838417593143,20.770762311051556,5.6577332934771665,21.0,0,0.22923768894844443,20.741140212554285,20.5,21.5
3217.0,20.461876996568318,20.76780036424575,5.656084795536243,21.0,0,0.23219963575424885,20.738180896187707,20.5,21.5
3218.0,20.45891583812811,20.764838680330577,5.654435797958208,21.0,0,0.2351613196694231,20.735221841178834,20.5,21.5
3219.0,20.455954942120076,20.761877259153025,5.6527863019988445,21.0,0,0.2381227408469755,20.7322630473775,20.5,21.5
3220.0,20.452994308392054,20.758916100560374,5.651136308914314,21.0,0,0.2410838994396265,20.729304514633863,20.5,21.5
3221.0,20.45003393679216,20.755955204400177,5.649485819961159,21.0,0,0.24404479559982306,20.72634624279821,20.5,21.5
3222.0,20.447073827168794,20.752994570520272,5.647834836396299,21.0,0,0.24700542947972792,20.723388231721223,20.5,21.5
3223.0,20.444113979370638,20.750034198768777,5.64618335947703,21.0,0,0.24996580123122314,20.720430481253825,20.5,21.5
3224.0,20.44115439324666,20.747074088994093,5.644531390461022,21.0,0,0.25292591100590656,20.71747299124726,20.5,21.5
3225.0,20.438195068646102,20.744114241044905,5.642878930606323,21.0,0,0.25588575895509535,20.714515761553017,20.5,21.5
3226.0,20.435236005418496,20.741154654770174,5.6412259811713525,21.0,0,0.25884534522982605,20.711558792022867,20.5,21.5
3227.0,20.432277203413648,20.738195330019146,5.639572543414903,21.0,0,0.2618046699808545,20.70860208250886,20.5,21.5
3228.0,20.42931866248165,20.735236266641344,5.63791861859614,21.0,0,0.2647637333586559,20.70564563286333,20.5,21.5
3229.0,20.426360382472872,20.73227746448659,5.636264207974599,21.0,0,0.2677225355134105,20.702689442939043,20.5,21.5
3230.0,20.423402363237972,20.72931892340496,5.634609312810185,21.0,0,0.27068107659503937,20.699733512588672,20.5,21.5
3231.0,20.420444604627885,20.72636064324684,5.632953934363172,21.0,0,0.2736393567531614,20.696777841665618,20.5,21.5
3232.0,20.417487106493834,20.723402623862874,5.631298073894206,21.0,0,0.27659737613712565,20.693822430023232,20.5,21.5
3233.0,20.414529868687314,20.72044486510401,5.629641732664292,21.0,0,0.2795551348959897,20.69086727751537,20.5,21.5
3234.0,20.41157289106011,20.71748736682146,5.627984911934809,21.0,0,0.28251263317854125,20.687912383995943,20.5,21.5
3235.0,20.408616173464285,20.71453012886672,5.6263276129675,21.0,0,0.28546987113328015,20.68495774931933,20.5,21.5
3236.0,20.405659715752186,20.71157315109158,5.624669837024466,21.0,0,0.2884268489084185,20.682003373340198,20.5,21.5
3237.0,20.40270351777644,20.708616433348105,5.623011585368176,21.0,0,0.2913835666518949,20.67904925591334,20.5,21.5
3238.0,20.39974757938996,20.705659975488636,5.621352859261464,21.0,0,0.29434002451136365,20.67609539689395,20.5,21.5
3239.0,20.396791900445933,20.702703777365798,5.619693659967519,21.0,0,0.29729622263420197,20.673141796137415,20.5,21.5
3240.0,20.393836480797837,20.699747838832508,5.618033988749896,21.0,0,0.3002521611674922,20.670188453499605,20.5,21.5
3241.0,20.390881320299428,20.696792159741953,5.616373846872504,21.0,0,0.3032078402580467,20.66723536883641,20.5,21.5
3242.0,20.387926418804742,20.693836739947617,5.6147132355996145,21.0,0,0.3061632600523829,20.664282542004255,20.5,21.5
3243.0,20.3849717761681,20.690881579303245,5.613052156195856,21.0,0,0.30911842069675544,20.66132997285952,20.5,21.5
3244.0,20.382017392244105,20.68792667766288,5.611390609926211,21.0,0,0.3120733223371204,20.65837766125923,20.5,21.5
3245.0,20.37906326688764,20.684972034880836,5.609728598056021,21.0,0,0.31502796511916387,20.6554256070604,20.5,21.5
3246.0,20.376109399953876,20.682017650811726,5.608066121850982,21.0,0,0.3179823491882736,20.65247381012063,20.5,21.5
3247.0,20.373155791298256,20.679063525310433,5.606403182577136,21.0,0,0.3209364746895673,20.649522270297496,20.5,21.5
3248.0,20.370202440776513,20.676109658232114,5.604739781500889,21.0,0,0.32389034176788556,20.646570987448932,20.5,21.5
3249.0,20.36724934824466,20.673156049432222,5.603075919888992,21.0,0,0.3268439505677776,20.643619961433302,20.5,21.5
3250.0,20.364296513558987,20.670202698766495,5.601411599008546,21.0,0,0.3297973012335049,20.640669192109222,20.5,21.5
3251.0,20.361343936576077,20.667249606090934,5.599746820127007,21.0,0,0.33275039390906613,20.637718679335322,20.5,21.5
3252.0,20.358391617152787,20.66429677126184,5.598081584512174,21.0,0,0.3357032287381614,20.634768422970886,20.5,21.5
3253.0,20.35543955514626,20.66134419413579,5.596415893432197,21.0,0,0.3386558058642102,20.631818422875302,20.5,21.5
3254.0,20.352487750413914,20.658391874569638,5.5947497481555715,21.0,0,0.341608125430362,20.62886867890812,20.5,21.5
3255.0,20.34953620281346,20.655439812420536,5.593083149951142,21.0,0,0.3445601875794644,20.625919190929512,20.5,21.5
3256.0,20.34658491220289,20.652488007545898,5.591416100088093,21.0,0,0.3475119924541019,20.622969958799523,20.5,21.5
3257.0,20.343633878440468,20.649536459803436,5.589748599835958,21.0,0,0.35046354019656434,20.62002098237881,20.5,21.5
3258.0,20.340683101384748,20.646585169051132,5.588080650464608,21.0,0,0.35341483094886783,20.617072261528097,20.5,21.5
3259.0,20.337732580894563,20.643634135147263,5.586412253244261,21.0,0,0.35636586485273725,20.61412379610857,20.5,21.5
3260.0,20.334782316829035,20.640683357950376,5.5847434094454735,21.0,0,0.3593166420496239,20.61117558598151,20.5,21.5
3261.0,20.33183230904756,20.637732837319312,5.583074120339143,21.0,0,0.3622671626806877,20.608227631008674,20.5,21.5
3262.0,20.328882557409816,20.634782573113178,5.581404387196506,21.0,0,0.36521742688682224,20.605279931051832,20.5,21.5
3263.0,20.325933061775775,20.63183256519138,5.579734211289136,21.0,0,0.368167434808619,20.602332485973413,20.5,21.5
3264.0,20.32298382200568,20.628882813413604,5.578063593888944,21.0,0,0.37111718658639603,20.599385295635834,20.5,21.5
3265.0,20.320034837960055,20.62593331763981,5.5763925362681785,21.0,0,0.3740666823601906,20.596438359901864,20.5,21.5
3266.0,20.317086109499716,20.62298407773024,5.5747210396994245,21.0,0,0.37701592226975933,20.593491678634553,20.5,21.5
3267.0,20.314137636485757,20.620035093545432,5.573049105455596,21.0,0,0.3799649064545676,20.59054525169735,20.5,21.5
3268.0,20.311189418779552,20.617086364946186,5.571376734809948,21.0,0,0.38291363505381426,20.58759907895372,20.5,21.5
3269.0,20.308241456242758,20.6141378917936,5.569703929036059,21.0,0,0.38586210820639977,20.584653160267745,20.5,21.5
3270.0,20.305293748737316,20.611189673949053,5.568030689407845,21.0,0,0.38881032605094745,20.581707495503576,20.5,21.5
3271.0,20.30234629612545,20.6082417112742,5.566357017199552,21.0,0,0.3917582887258,20.578762084525675,20.5,21.5
3272.0,20.299399098269664,20.60529400363098,5.564682913685753,21.0,0,0.3947059963690194,20.575816927198787,20.5,21.5
3273.0,20.296452155032746,20.602346550881617,5.563008380141352,21.0,0,0.3976534491183834,20.572872023387976,20.5,21.5
3274.0,20.293505466277768,20.59939935288862,5.561333417841576,21.0,0,0.40060064711137855,20.56992737295867,20.5,21.5
3275.0,20.29055903186808,20.596452409514775,5.5596580280619845,21.0,0,0.4035475904852248,20.566982975776313,20.5,21.5
3276.0,20.28761285166732,20.59350572062315,5.557982212078459,21.0,0,0.4064942793768509,20.56403883170689,20.5,21.5
3277.0,20.2846669255394,20.5905592860771,5.556305971167205,21.0,0,0.40944071392290127,20.561094940616595,20.5,21.5
3278.0,20.281721253348525,20.587613105740253,5.554629306604755,21.0,0,0.41238689425974684,20.558151302371797,20.5,21.5
3279.0,20.278775834959177,20.584667179476533,5.552952219667962,21.0,0,0.4153328205234672,20.55520791683933,20.5,21.5
3280.0,20.275830670236118,20.58172150715014,5.551274711633998,21.0,0,0.4182784928498613,20.552264783886198,20.5,21.5
3281.0,20.2728857590444,20.578776088625553,5.549596783780362,21.0,0,0.42122391137444737,20.549321903379692,20.5,21.5
3282.0,20.269941101249348,20.57583092376754,5.547918437384865,21.0,0,0.4241690762324595,20.54637927518742,20.5,21.5
3283.0,20.266996696716575,20.57288601244115,5.546239673725643,21.0,0,0.427113987558851,20.543436899177234,20.5,21.5
3284.0,20.264052545311976,20.56994135451171,5.544560494081149,21.0,0,0.4300586454882911,20.540494775217308,20.5,21.5
3285.0,20.26110864690173,20.56699694984483,5.542880899730149,21.0,0,0.43300305015516827,20.53755290317606,20.5,21.5
3286.0,20.258165001352296,20.564052798306413,5.541200891951728,21.0,0,0.4359472016935868,20.534611282922228,20.5,21.5
3287.0,20.255221608530416,20.561108899762626,5.539520472025284,21.0,0,0.4388911002373739,20.531669914324755,20.5,21.5
3288.0,20.252278468303114,20.558165254079935,5.537839641230532,21.0,0,0.44183474592006533,20.52872879725302,20.5,21.5
3289.0,20.2493355805377,20.55522186112508,5.536158400847496,21.0,0,0.4447781388749199,20.525787931576534,20.5,21.5
3290.0,20.24639294510176,20.552278720765084,5.534476752156514,21.0,0,0.44772127923491567,20.522847317165127,20.5,21.5
3291.0,20.24345056186317,20.54933583286726,5.532794696438235,21.0,0,0.4506641671327394,20.519906953889024,20.5,21.5
3292.0,20.240508430690085,20.546393197299192,5.531112234973618,21.0,0,0.4536068027008078,20.51696684161851,20.5,21.5
3293.0,20.237566551450943,20.543450813928757,5.529429369043929,21.0,0,0.45654918607124273,20.514026980224408,20.5,21.5
3294.0,20.23462492401446,20.54050868262411,5.527746099930746,21.0,0,0.459491317375889,20.51108736957765,20.5,21.5
3295.0,20.231683548249645,20.53756680325369,5.52606242891595,21.0,0,0.46243319674631067,20.508148009549473,20.5,21.5
3296.0,20.22874242402578,20.53462517568621,5.52437835728173,21.0,0,0.4653748243137912,20.505208900011404,20.5,21.5
3297.0,20.22580155121243,20.531683799790677,5.522693886310579,21.0,0,0.46831620020932263,20.502270040835363,20.5,21.5
3298.0,20.22286092967945,20.528742675436384,5.521009017285297,21.0,1,0.47125732456361646,20.499331431893445,20.5,21.5
3299.0,20.23992055929697,20.529801802492884,5.519323751488983,21.0,1,0.47019819750711633,20.540393073057885,20.5,21.5
3300.0,20.256976439935407,20.534860380830036,5.5176380902050415,21.0,1,0.46513961916996394,20.58544616420156,20.5,21.5
3301.0,20.27402857226546,20.543917610477973,5.515952034717177,21.0,1,0.4560823895220274,20.634489906957338,20.5,21.5
3302.0,20.29107695695795,20.556972691627077,5.514265586309393,21.0,1,0.4430273083729226,20.687523503118125,20.5,21.5
3303.0,20.308121594683822,20.57402482462795,5.512578746265993,21.0,1,0.42597517537204865,20.74454615463669,20.5,21.5
3304.0,20.325162486114138,20.591073209991386,5.510891515871581,21.0,1,0.4089267900086142,20.76155706362573,20.5,21.5
3305.0,20.34219963192009,20.60811784838832,5.509203896411055,21.0,1,0.3918821516116786,20.778564232357677,20.5,21.5
3306.0,20.359233032772988,20.625158740489827,5.507515889169611,21.0,1,0.37484125951017333,20.79556766150488,20.5,21.5
3307.0,20.376262689344266,20.64219588696709,5.50582749543274,21.0,1,0.35780411303290904,20.812567351739734,20.5,21.5
3308.0,20.393288602305482,20.659229288491424,5.504138716486228,21.0,1,0.34077071150857563,20.82956330373476,20.5,21.5
3309.0,20.41031077232832,20.676258945734258,5.5024495536161515,21.0,1,0.3237410542657422,20.846555518162592,20.5,21.5
3310.0,20.42732920008458,20.693284859367157,5.500760008108883,21.0,1,0.3067151406328428,20.86354399569615,20.5,21.5
3311.0,20.444343886246184,20.710307030061795,5.499070081251085,21.0,1,0.2896929699382049,20.880528737008174,20.5,21.5
3312.0,20.461354831485185,20.72732545848998,5.49737977432971,21.0,1,0.27267454151002113,20.897509742771817,20.5,21.5
3313.0,20.478362036473754,20.744340145323633,5.495689088632,21.0,1,0.25565985467636665,20.914487013660178,20.5,21.5
3314.0,20.495365501884187,20.761351091234808,5.493998025445486,21.0,1,0.2386489087651924,20.93146055034655,20.5,21.5
3315.0,20.512365228388898,20.77835829689567,5.492306586057986,21.0,1,0.2216417031043285,20.94843035350431,20.5,21.5
3316.0,20.529361216660433,20.795361762978523,5.490614771757604,21.0,1,0.2046382370214772,20.965396423807036,20.5,21.5
3317.0,20.546353467371453,20.812361490155773,5.488922583832734,21.0,1,0.18763850984422703,20.982358761928275,20.5,21.5
3318.0,20.563341981194746,20.829357479099976,5.487230023572046,21.0,1,0.1706425209000244,20.999317368542002,20.5,21.5
3319.0,20.58032675880322,20.84634973048378,5.485537092264499,21.0,1,0.15365026951621985,21.016272244321826,20.5,21.5
3320.0,20.597307800869913,20.863338244979982,5.483843791199336,21.0,1,0.1366617550200182,21.033223389942,20.5,21.5
3321.0,20.61428510806798,20.88032302326149,5.482150121666077,21.0,1,0.11967697673851063,21.050170806076565,20.5,21.5
3322.0,20.631258681070697,20.89730406600134,5.480456084954528,21.0,1,0.1026959339986604,21.067114493399842,20.5,21.5
3323.0,20.648228520551474,20.914281373872686,5.478761682354769,21.0,1,0.08571862612731351,21.084054452586155,20.5,21.5
3324.0,20.665194627183833,20.93125494754881,5.477066915157162,21.0,1,0.06874505245119167,21.100990684310027,20.5,21.5
3325.0,20.68215700164143,20.94822478770311,5.475371784652347,21.0,1,0.05177521229688864,21.11792318924614,20.5,21.5
3326.0,20.69911564459803,20.965190895009123,5.473676292131238,21.0,1,0.034809104990877415,21.134851968069235,20.5,21.5
3327.0,20.716070556727537,20.982153270140493,5.471980438885026,21.0,1,0.017846729859506638,21.1517770214542,20.5,21.5
3328.0,20.733021738703968,20.999111913770992,5.47028422620518,21.0,1,0.0008880862290077118,21.16869835007598,20.5,21.5
3329.0,20.74996919120147,21.01606682657452,5.468587655383438,21.0,1,-0.01606682657451941,21.18561595460979,20.5,21.5
3330.0,20.766912914894306,21.033018009225096,5.466890727711811,21.0,1,-0.03301800922509557,21.202529835730857,20.5,21.5
3331.0,20.78385291045687,21.049965462396862,5.465193444482585,21.0,1,-0.04996546239686239,21.21943999411453,20.5,21.5
3332.0,20.800789178563672,21.066909186764086,5.463495806988314,21.0,1,-0.06690918676408586,21.23634643043632,20.5,21.5
3333.0,20.817721719889356,21.083849183001167,5.461797816521824,21.0,1,-0.08384918300116695,21.253249145371978,20.5,21.5
3334.0,20.834650535108683,21.100785451782606,5.460099474376209,21.0,1,-0.10078545178260612,21.270148139596998,20.5,21.5
3335.0,20.851575624896537,21.117717993783053,5.458400781844829,21.0,1,-0.11771799378305303,21.287043413787522,20.5,21.5
3336.0,20.868496989927927,21.134646809677267,5.456701740221312,21.0,1,-0.1346468096772675,21.303934968619412,20.5,21.5
3337.0,20.885414630877985,21.15157190014013,5.455002350799552,21.0,1,-0.1515719001401301,21.320822804768756,20.5,21.5
3338.0,20.90232854842197,21.168493265846653,5.45330261487371,21.0,1,-0.16849326584665292,21.33770692291188,20.5,21.5
3339.0,20.919238743235262,21.18541090747197,5.451602533738207,21.0,1,-0.18541090747196876,21.354587323725127,20.5,21.5
3340.0,20.936145215993363,21.202324825691335,5.449902108687731,21.0,1,-0.2023248256913348,21.371464007884995,20.5,21.5
3341.0,20.9530479673719,21.21923502118013,5.448201341017226,21.0,1,-0.21923502118012905,21.38833697606807,20.5,21.5
3342.0,20.96994699804663,21.236141494613857,5.4465002320219025,21.0,1,-0.23614149461385736,21.40520622895114,20.5,21.5
3343.0,20.986842308693426,21.253044246668146,5.44479878299723,21.0,1,-0.2530442466681464,21.422071767211037,20.5,21.5
3344.0,21.003733899988287,21.26994327801875,5.4430969952389345,21.0,1,-0.26994327801875073,21.438933591524794,20.5,21.5
3345.0,21.02062177260734,21.28683858934155,5.441394870043003,21.0,1,-0.28683858934154927,21.455791702569535,20.5,21.5
3346.0,21.037505927226825,21.303730181312535,5.4396924087056755,21.0,1,-0.3037301813125346,21.472646101022388,20.5,21.5
3347.0,21.054386364523122,21.32061805460783,5.4379896125234515,21.0,1,-0.32061805460783077,21.489496787560793,20.5,21.5
3348.0,21.07126308517272,21.337502209903693,5.4362864827930855,21.0,0,-0.3375022099036933,21.50634376286232,20.5,21.5
3349.0,21.068136089852246,21.350382647876483,5.434583020811583,21.0,0,-0.3503826478764829,21.47918702760438,20.5,21.5
3350.0,21.065009379238436,21.359260169202706,5.432879227876206,21.0,0,-0.359260169202706,21.448035382464937,20.5,21.5
3351.0,21.061882953208162,21.364135574398972,5.431175105284466,21.0,0,-0.36413557439897204,21.412889626361633,20.5,21.5
3352.0,21.058756811638577,21.365009663822065,5.429470654334127,21.0,0,-0.36500966382206457,21.37375055805299,20.5,21.5
3353.0,21.055630954407118,21.361883237668945,5.4277658763232015,21.0,0,-0.3618832376689447,21.330618976137746,20.5,21.5
3354.0,21.0525053813915,21.358757095976795,5.4260607725499534,21.0,0,-0.35875709597679517,21.3274956790553,20.5,21.5
3355.0,21.049380092469733,21.355631238623054,5.424355344312892,21.0,0,-0.35563123862305446,21.324372665085647,20.5,21.5
3356.0,21.0462550875201,21.35250566548544,5.422649592910778,21.0,0,-0.3525056654854417,21.321249934109314,20.5,21.5
3357.0,21.04313036642118,21.349380376441964,5.420943519642612,21.0,0,-0.34938037644196385,21.318127486007185,20.5,21.5
3358.0,21.040005929051826,21.34625537137091,5.419237125807644,21.0,0,-0.34625537137090845,21.315005320660354,20.5,21.5
3359.0,21.036881775291178,21.343130650150847,5.417530412705367,21.0,0,-0.3431306501508473,21.311883437950236,20.5,21.5
3360.0,21.03375790501866,21.340006212660633,5.415823381635518,21.0,0,-0.3400062126606329,21.30876183775849,20.5,21.5
3361.0,21.030634318113982,21.33688205877941,5.414116033898076,21.0,0,-0.336882058779409,21.30564051996717,20.5,21.5
3362.0,21.02751101445714,21.3337581883866,5.412408370793259,21.0,0,-0.3337581883866001,21.30251948445851,20.5,21.5
3363.0,21.024387993928407,21.330634601361915,5.410700393621528,21.0,0,-0.3306346013619148,21.299398731115062,20.5,21.5
3364.0,21.021265256408345,21.327511297585353,5.408992103683581,21.0,0,-0.32751129758535313,21.296278259819736,20.5,21.5
3365.0,21.0181428017778,21.324388276937178,5.407283502280355,21.0,0,-0.324388276937178,21.293158070455426,20.5,21.5
3366.0,21.0150206299179,21.32126553929796,5.405574590713025,21.0,0,-0.3212655392979613,21.290038162905795,20.5,21.5
3367.0,21.01189874071006,21.318143084548545,5.403865370283002,21.0,0,-0.3181430845485451,21.286918537054383,20.5,21.5
3368.0,21.008777134035974,21.31502091257006,5.40215584229193,21.0,0,-0.31502091257005915,21.2837991927852,20.5,21.5
3369.0,21.005655809777625,21.311899023243917,5.40044600804169,21.0,0,-0.3118990232439174,21.2806801299825,20.5,21.5
3370.0,21.002534767817277,21.30877741645181,5.398735868834395,21.0,0,-0.3087774164518109,21.277561348530746,20.5,21.5
3371.0,20.99941400803748,21.30565609207573,5.39702542597239,21.0,0,-0.3056560920757292,21.274442848314912,20.5,21.5
3372.0,20.99629353032107,21.30253504999793,5.3953146807582515,21.0,0,-0.30253504999792824,21.27132462921992,20.5,21.5
3373.0,20.993173334551155,21.299414290100962,5.393603634494789,21.0,0,-0.29941429010096243,21.268206691131304,20.5,21.5
3374.0,20.990053420611144,21.29629381226767,5.391892288485036,21.0,0,-0.2962938122676704,21.26508903393475,20.5,21.5
3375.0,20.986933788384718,21.293173616381157,5.390180644032256,21.0,0,-0.29317361638115713,21.261971657516025,20.5,21.5
3376.0,20.983814437755846,21.290053702324833,5.388468702439944,21.0,0,-0.2900537023248333,21.258854561761595,20.5,21.5
3377.0,20.98069536860878,21.286934069982372,5.386756465011816,21.0,0,-0.28693406998237236,21.255737746557763,20.5,21.5
3378.0,20.977576580828064,21.283814719237757,5.385043933051816,21.0,0,-0.2838147192377569,21.252621211791602,20.5,21.5
3379.0,20.974458074298507,21.28069564997523,5.38333110786411,21.0,0,-0.2806956499752289,21.24950495734995,20.5,21.5
3380.0,20.97133984890522,21.277576862079332,5.38161799075309,21.0,0,-0.2775768620793322,21.246388983120365,20.5,21.5
3381.0,20.96822190453359,21.27445835543488,5.37990458302337,21.0,0,-0.27445835543488073,21.243273288990366,20.5,21.5
3382.0,20.965104241069287,21.271340129926983,5.378190885979782,21.0,0,-0.2713401299269833,21.24015787484801,20.5,21.5
3383.0,20.96198685839827,21.268222185441026,5.3764769009273845,21.0,0,-0.26822218544102583,21.23704274058145,20.5,21.5
3384.0,20.958869756406774,21.26510452186268,5.37476262917145,21.0,0,-0.2651045218626784,21.233927886079204,20.5,21.5
3385.0,20.955752934981327,21.2619871390779,5.373048072017469,21.0,0,-0.26198713907789895,21.230813311230104,20.5,21.5
3386.0,20.952636394008735,21.25887003697293,5.371333230771154,21.0,0,-0.25887003697292954,21.227699015923235,20.5,21.5
3387.0,20.949520133376087,21.25575321543429,5.369618106738431,21.0,0,-0.2557532154342894,21.224585000047888,20.5,21.5
3388.0,20.94640415297076,21.252636674348786,5.367902701225439,21.0,0,-0.25263667434878556,21.221471263493747,20.5,21.5
3389.0,20.943288452680413,21.249520413603516,5.366187015538539,21.0,0,-0.2495204136035163,21.218357806150824,20.5,21.5
3390.0,20.940173032392984,21.24640443308585,5.364471050984296,21.0,0,-0.24640443308584992,21.215244627909186,20.5,21.5
3391.0,20.9370578919967,21.243288732683443,5.362754808869492,21.0,0,-0.24328873268344253,21.21213172865937,20.5,21.5
3392.0,20.933943031380075,21.24017331228424,5.36103829050112,21.0,0,-0.24017331228424155,21.20901910829223,20.5,21.5
3393.0,20.9308284504319,21.23705817177647,5.359321497186385,21.0,0,-0.23705817177647148,21.20590676669877,20.5,21.5
3394.0,20.92771414904125,21.233943311048638,5.3576044302326995,21.0,0,-0.23394331104863753,21.202794703770298,20.5,21.5
3395.0,20.924600127097488,21.230828729989536,5.355887090947684,21.0,0,-0.23082872998953619,21.199682919398523,20.5,21.5
3396.0,20.921486384490258,21.227714428488248,5.354169480639166,21.0,0,-0.2277144284882482,21.196571413475368,20.5,21.5
3397.0,20.918372921109487,21.22460040643413,5.352451600615184,21.0,0,-0.22460040643413137,21.193460185892963,20.5,21.5
3398.0,20.91525973684539,21.221486663716828,5.350733452183974,21.0,0,-0.2214866637168278,21.190349236543792,20.5,21.5
3399.0,20.91214683158846,21.21837320022627,5.3490150366539835,21.0,0,-0.21837320022627082,21.1872385653207,20.5,21.5
3400.0,20.90903420522947,21.215260015852667,5.347296355333861,21.0,0,-0.2152600158526674,21.184128172116633,20.5,21.5
3401.0,20.905921857659493,21.212147110486512,5.3455774095324555,21.0,0,-0.21214711048651225,21.18101805682496,20.5,21.5
3402.0,20.90280978876987,21.209034484018588,5.343858200558819,21.0,0,-0.20903448401858782,21.177908219339344,20.5,21.5
3403.0,20.899697998452226,21.205922136339957,5.342138729722206,21.0,0,-0.20592213633995726,21.17479865955365,20.5,21.5
3404.0,20.89658648659848,21.20281006734196,5.340418998332066,21.0,0,-0.20281006734196083,21.171689377361997,20.5,21.5
3405.0,20.893475253100828,21.19969827691623,5.3386990076980485,21.0,0,-0.1996982769162301,21.168580372658923,20.5,21.5
3406.0,20.890364297851747,21.19658676495468,5.336978759130005,21.0,0,-0.19658676495468086,21.16547164533919,20.5,21.5
3407.0,20.887253620744,21.19347553134951,5.335258253937978,21.0,0,-0.19347553134950957,21.162363195297797,20.5,21.5
3408.0,20.88414322167064,21.190364575993193,5.333537493432204,21.0,0,-0.19036457599319334,21.15925502243003,20.5,21.5
3409.0,20.88103310052499,21.187253898778494,5.3318164789231215,21.0,0,-0.18725389877849352,21.156147126631495,20.5,21.5
3410.0,20.87792325720067,21.184143499598463,5.330095211721355,21.0,0,-0.18414349959846277,21.153039507798155,20.5,21.5
3411.0,20.874813691591573,21.181033378346427,5.328373693137727,21.0,0,-0.1810333783464273,21.149932165826073,20.5,21.5
3412.0,20.87170440359188,21.177923534916005,5.326651924483245,21.0,0,-0.17792353491600466,21.14682510061178,20.5,21.5
3413.0,20.868595393096058,21.17481396920109,5.324929907069113,21.0,0,-0.1748139692010895,21.143718312051938,20.5,21.5
3414.0,20.86548665999885,21.17170468109586,5.3232076422067225,21.0,0,-0.17170468109586068,21.140611800043573,20.5,21.5
3415.0,20.86237820419529,21.168595670494785,5.321485131207652,21.0,0,-0.16859567049478486,21.137505564484027,20.5,21.5
3416.0,20.859270025580695,21.16548693729261,5.31976237538367,21.0,0,-0.16548693729260933,21.134399605270854,20.5,21.5
3417.0,20.856162124050655,21.162378481384366,5.3180393760467295,21.0,0,-0.1623784813843656,21.13129392230193,20.5,21.5
3418.0,20.853054499501056,21.159270302665366,5.316316134508967,21.0,0,-0.1592703026653659,21.12818851547537,20.5,21.5
3419.0,20.849947151828058,21.156162401031207,5.314592652082709,21.0,0,-0.1561624010312066,21.125083384689614,20.5,21.5
3420.0,20.846840080928107,21.153054776377772,5.312868930080462,21.0,0,-0.15305477637777187,21.121978529843425,20.5,21.5
3421.0,20.843733286697937,21.14994742860122,5.311144969814913,21.0,0,-0.14994742860121946,21.118873950835695,20.5,21.5
3422.0,20.84062676903456,21.146840357598002,5.309420772598937,21.0,0,-0.14684035759800196,21.115769647565827,20.5,21.5
3423.0,20.837520527835274,21.14373356326485,5.307696339745581,21.0,0,-0.1437335632648491,21.11266561993332,20.5,21.5
3424.0,20.834414562997654,21.140627045498768,5.305971672568077,21.0,0,-0.1406270454987677,21.109561867837954,20.5,21.5
3425.0,20.83130887441957,21.13752080419706,5.304246772379833,21.0,0,-0.13752080419705948,21.106458391179977,20.5,21.5
3426.0,20.828203461999163,21.134414839257307,5.302521640494438,21.0,0,-0.1344148392573068,21.10335518985978,20.5,21.5
3427.0,20.825098325634862,21.13130915057737,5.300796278225654,21.0,0,-0.13130915057736914,21.100252263777993,20.5,21.5
3428.0,20.82199346522538,21.12820373805539,5.299070686887419,21.0,0,-0.1282037380553902,21.0971496128356,20.5,21.5
3429.0,20.81888888066971,21.125098601589805,5.297344867793846,21.0,0,-0.12509860158980501,21.094047236933953,20.5,21.5
3430.0,20.815784571867134,21.121993741079315,5.295618822259222,21.0,0,-0.12199374107931504,21.090945135974415,20.5,21.5
3431.0,20.812680538717213,21.118889156422927,5.293892551598003,21.0,0,-0.1188891564229273,21.08784330985905,20.5,21.5
3432.0,20.80957678111979,21.11578484751991,5.292166057124823,21.0,0,-0.1157848475199117,21.084741758489756,20.5,21.5
3433.0,20.806473298974993,21.112680814269833,5.290439340154482,21.0,0,-0.11268081426983301,21.081640481769046,20.5,21.5
3434.0,20.80337009218323,21.109577056572537,5.288712402001948,21.0,0,-0.10957705657253669,21.078539479599574,20.5,21.5
3435.0,20.80026716064519,21.106473574328145,5.286985243982358,21.0,0,-0.1064735743281453,21.07543875188423,20.5,21.5
3436.0,20.797164504261858,21.103370367437073,5.2852578674110235,21.0,0,-0.10337036743707273,21.072338298526347,20.5,21.5
3437.0,20.794062122934488,21.100267435800014,5.2835302736034135,21.0,0,-0.10026743580001352,21.06923811942942,20.5,21.5
3438.0,20.790960016564622,21.097164779317943,5.281802463875165,21.0,0,-0.09716477931794287,21.066138214497236,20.5,21.5
3439.0,20.787858185054084,21.094062397892113,5.2800744395420836,21.0,0,-0.09406239789211313,21.063038583633816,20.5,21.5
3440.0,20.784756628304983,21.090960291424075,5.278346201920131,21.0,0,-0.09096029142407502,21.059939226743694,20.5,21.5
3441.0,20.781655346219704,21.087858459815642,5.276617752325437,21.0,0,-0.08785845981564222,21.056840143731314,20.5,21.5
3442.0,20.778554338700925,21.08475690296893,5.274889092074293,21.0,0,-0.08475690296893035,21.05374133450181,20.5,21.5
3443.0,20.7754536056516,21.08165562078633,5.273160222483147,21.0,0,-0.0816556207863286,21.05064279896031,20.5,21.5
3444.0,20.772353146974964,21.078554613170503,5.27143114486861,21.0,0,-0.07855461317050327,21.04754453701225,20.5,21.5
3445.0,20.769252962574544,21.075453880024416,5.269701860547446,21.0,0,-0.07545388002441555,21.04444654856354,20.5,21.5
3446.0,20.766153052354138,21.0723534212513,5.267972370836585,21.0,0,-0.07235342125130018,21.041348833520146,20.5,21.5
3447.0,20.763053416217833,21.069253236754683,5.266242677053105,21.0,0,-0.0692532367546832,21.038251391788513,20.5,21.5
3448.0,20.75995405407,21.06615332643836,5.264512780514244,21.0,0,-0.0661533264383607,21.035154223275136,20.5,21.5
3449.0,20.75685496581529,21.063053690206427,5.262782682537396,21.0,0,-0.06305369020642715,21.03205732788709,20.5,21.5
3450.0,20.753756151358633,21.059954327963244,5.261052384440104,21.0,0,-0.059954327963243514,21.028960705531407,20.5,21.5
3451.0,20.75065761060525,21.056855239613462,5.259321887540064,21.0,0,-0.05685523961346206,21.025864356115648,20.5,21.5
3452.0,20.747559343460637,21.053756425062023,5.257591193155125,21.0,0,-0.05375642506202283,21.02276827954763,20.5,21.5
3453.0,20.744461349830576,21.05065788421414,5.255860302603288,21.0,0,-0.050657884214139415,21.019672475735305,20.5,21.5
3454.0,20.74136362962113,21.047559616975306,5.2541292172027,21.0,0,-0.047559616975306085,21.016576944586973,20.5,21.5
3455.0,20.738266182738645,21.044461623251305,5.25239793827166,21.0,0,-0.04446162325130487,21.013481686011293,20.5,21.5
3456.0,20.735169009089752,21.041363902948206,5.250666467128609,21.0,0,-0.04136390294820558,21.010386699917213,20.5,21.5
3457.0,20.73207210858136,21.03826645597235,5.248934805092139,21.0,0,-0.038266455972351565,21.00729198621381,20.5,21.5
3458.0,20.72897548112066,21.035169282230367,5.247202953480985,21.0,0,-0.03516928223036686,21.00419754481052,20.5,21.5
3459.0,20.725879126615133,21.03207238162917,5.24547091361403,21.0,0,-0.032072381629170366,21.001103375617205,20.5,21.5
3460.0,20.722783044972534,21.028975754075947,5.243738686810295,21.0,0,-0.028975754075947435,20.998009478543718,20.5,21.5
3461.0,20.719687236100903,21.02587939947818,5.242006274388948,21.0,0,-0.0258793994781783,20.994915853500487,20.5,21.5
3462.0,20.71659169990856,21.022783317743617,5.240273677669294,21.0,0,-0.02278331774361675,20.991822500398,20.5,21.5
3463.0,20.713496436304112,21.019687508780304,5.2385408979707835,21.0,0,-0.01968750878030434,20.98872941914718,20.5,21.5
3464.0,20.710401445196446,21.016591972496567,5.236807936613001,21.0,0,-0.016591972496566854,20.985636609659192,20.5,21.5
3465.0,20.70730672649473,21.013496708801007,5.2350747949156755,21.0,0,-0.013496708801007173,20.98254407184541,20.5,21.5
3466.0,20.70421228010841,21.01040171760251,5.233341474198667,21.0,0,-0.010401717602508853,20.979451805617526,20.5,21.5
3467.0,20.70111810594723,21.007306998810243,5.231607975781975,21.0,0,-0.007306998810243215,20.976359810887587,20.5,21.5
3468.0,20.698024203921197,21.004212552333662,5.229874300985733,21.0,0,-0.004212552333662245,20.973268087567853,20.5,21.5
3469.0,20.69493057394061,21.00111837808249,5.228140451130212,21.0,0,-0.001118378082491489,20.970176635570784,20.5,21.5
3470.0,20.69183721591605,20.998024475966755,5.226406427535814,21.0,0,0.0019755240332450796,20.96708545480939,20.5,21.5
3471.0,20.688744129758373,20.99493084589675,5.224672231523071,21.0,0,0.005069154103249929,20.9639945451967,20.5,21.5
3472.0,20.685651315378724,20.99183748778305,5.222937864412652,21.0,0,0.008162512216948414,20.960903906646067,20.5,21.5
3473.0,20.68255877268853,20.98874440153652,5.22120332752535,21.0,0,0.011255598463481675,20.957813539071186,20.5,21.5
3474.0,20.6794665015995,20.985651587068297,5.219468622182091,21.0,0,0.01434841293170308,20.954723442386083,20.5,21.5
3475.0,20.676374502023616,20.98255904428981,5.217733749703929,21.0,0,0.017440955710188888,20.951633616504953,20.5,21.5
3476.0,20.67328277387315,20.97946677311277,5.215998711412046,21.0,0,0.020533226887231137,20.948544061342346,20.5,21.5
3477.0,20.67019131706066,20.97637477344915,5.214263508627749,21.0,0,0.02362522655084831,20.94545477681298,20.5,21.5
3478.0,20.667100131498973,20.97328304521124,5.212528142672467,21.0,0,0.02671695478876046,20.942365762832118,20.5,21.5
3479.0,20.664009217101206,20.97019158831158,5.21079261486776,21.0,0,0.029808411688421188,20.93927701931497,20.5,21.5
3480.0,20.66091857378076,20.967100402663007,5.2090569265353075,21.0,0,0.03289959733699277,20.93618854617729,20.5,21.5
3481.0,20.65782820145131,20.96400948817864,5.207321078996911,21.0,0,0.03599051182136037,20.933100343334964,20.5,21.5
3482.0,20.65473810002682,20.960918844771868,5.205585073574493,21.0,0,0.03908115522813205,20.93001241070415,20.5,21.5
3483.0,20.65164826942153,20.95782847235638,5.203848911590101,21.0,0,0.042171527643620976,20.92692474820149,20.5,21.5
3484.0,20.648558709549963,20.95473837084613,5.202112594365893,21.0,0,0.04526162915387033,20.923837355743636,20.5,21.5
3485.0,20.645469420326926,20.951648540155364,5.200376123224153,21.0,0,0.048351459844635514,20.920750233247713,20.5,21.5
3486.0,20.642380401667506,20.948558980198605,5.198639499487278,21.0,0,0.051441019801394816,20.917663380631012,20.5,21.5
3487.0,20.63929165348707,20.945469690890654,5.196902724477783,21.0,0,0.054530309109345865,20.914576797811144,20.5,21.5
3488.0,20.63620317570127,20.942380672146605,5.1951657995183,21.0,0,0.057619327853394964,20.911490484706114,20.5,21.5
3489.0,20.63311496822603,20.939291923881818,5.193428725931569,21.0,0,0.060708076118181964,20.908404441233948,20.5,21.5
3490.0,20.630027030977573,20.936203446011948,5.191691505040449,21.0,0,0.06379655398805184,20.90531866731325,20.5,21.5
3491.0,20.626939363872385,20.933115238452924,5.189954138167908,21.0,0,0.06688476154707601,20.902233162862682,20.5,21.5
3492.0,20.623851966827242,20.93002730112096,5.188216626637029,21.0,0,0.06997269887904167,20.8991479278013,20.5,21.5
3493.0,20.620764839759204,20.926939633932545,5.186478971771001,21.0,0,0.07306036606745536,20.896062962048408,20.5,21.5
3494.0,20.617677982585604,20.923852236804457,5.184741174893124,21.0,0,0.07614776319554295,20.89297826552358,20.5,21.5
3495.0,20.614591395224068,20.920765109653757,5.183003237326806,21.0,0,0.07923489034624254,20.88989383814676,20.5,21.5
3496.0,20.611505077592486,20.91767825239778,5.181265160395561,21.0,0,0.08232174760221866,20.88680967983802,20.5,21.5
3497.0,20.608419029609045,20.91459166495414,5.179526945423011,21.0,0,0.08540833504585876,20.88372579051774,20.5,21.5
3498.0,20.60533325119221,20.91150534724074,5.177788593732883,21.0,0,0.08849465275925894,20.88064217010674,20.5,21.5
3499.0,20.60224774226072,20.908419299175765,5.176050106649008,21.0,0,0.09158070082423464,20.87755881852601,20.5,21.5
3500.0,20.599162502733595,20.905333520677672,5.174311485495317,21.0,0,0.09466647932232775,20.87447573569674,20.5,21.5
3501.0,20.59607753253015,20.902248011665204,5.172572731595847,21.0,0,0.09775198833479593,20.871392921540522,20.5,21.5
3502.0,20.592992831569962,20.899162772057387,5.170833846274736,21.0,0,0.10083722794261263,20.86831037597922,20.5,21.5
3503.0,20.589908399772902,20.896077801773526,5.169094830856218,21.0,0,0.1039221982264742,20.86522809893491,20.5,21.5
3504.0,20.58682423705912,20.892993100733207,5.167355686664631,21.0,0,0.10700689926679274,20.86214609033002,20.5,21.5
3505.0,20.58374034334904,20.8899086688563,5.1656164150244095,21.0,0,0.11009133114369973,20.85906435008723,20.5,21.5
3506.0,20.580656718563375,20.886824506062943,5.1638770172600825,21.0,0,0.11317549393705661,20.855982878129375,20.5,21.5
3507.0,20.577573362623113,20.883740612273574,5.162137494696277,21.0,0,0.11625938772642641,20.852901674379876,20.5,21.5
3508.0,20.574490275449527,20.880656987408898,5.160397848657718,21.0,0,0.11934301259110214,20.84982073876214,20.5,21.5
3509.0,20.57140745696417,20.87757363138991,5.158658080469219,21.0,0,0.12242636861008904,20.846740071200042,20.5,21.5
3510.0,20.568324907088872,20.874490544137878,5.156918191455691,21.0,0,0.12550945586212237,20.843659671617544,20.5,21.5
3511.0,20.565242625745746,20.87140772557435,5.155178182942132,21.0,0,0.12859227442564958,20.84057953993908,20.5,21.5
3512.0,20.562160612857184,20.868325175621166,5.153438056253638,21.0,0,0.13167482437883393,20.837499676089323,20.5,21.5
3513.0,20.559078868345864,20.86524289420043,5.151697812715389,21.0,0,0.13475710579956868,20.834420079993084,20.5,21.5
3514.0,20.55599739213474,20.862160881234548,5.149957453652656,21.0,0,0.13783911876545218,20.831340751575713,20.5,21.5
3515.0,20.55291618414704,20.85907913664618,5.1482169803907984,21.0,0,0.14092086335381993,20.828261690762503,20.5,21.5
3516.0,20.54983524430629,20.855997660358288,5.146476394255265,21.0,0,0.1440023396417125,20.825182897479362,20.5,21.5
3517.0,20.54675457253628,20.852916452294107,5.1447356965715825,21.0,0,0.14708354770589338,20.822104371652298,20.5,21.5
3518.0,20.543674168761086,20.84983551237715,5.142994888665372,21.0,0,0.15016448762284895,20.819026113207595,20.5,21.5
3519.0,20.540594032905066,20.846754840531215,5.141253971862334,21.0,0,0.15324515946878492,20.815948122071855,20.5,21.5
3520.0,20.53751416489286,20.84367443668038,5.13951294748825,21.0,0,0.15632556331961922,20.812870398172038,20.5,21.5
3521.0,20.534434564649377,20.840594300748997,5.13777181686899,21.0,0,0.15940569925100334,20.809792941435155,20.5,21.5
3522.0,20.53135523209982,20.837514432661703,5.136030581330497,21.0,0,0.16248556733829744,20.80671575178876,20.5,21.5
3523.0,20.528276167169665,20.83443483234342,5.134289242198799,21.0,0,0.16556516765658102,20.803638829160583,20.5,21.5
3524.0,20.52519736978467,20.831355499719344,5.1325478008,21.0,0,0.16864450028065647,20.80056217347859,20.5,21.5
3525.0,20.522118839870874,20.828276434714944,5.130806258460286,21.0,0,0.17172356528505617,20.797485784670947,20.5,21.5
3526.0,20.51904057735459,20.82519763725599,5.129064616505916,21.0,0,0.1748023627440105,20.794409662666446,20.5,21.5
3527.0,20.515962582162423,20.822119107268513,5.127322876263226,21.0,0,0.177880892731487,20.791333807393748,20.5,21.5
3528.0,20.512884854221245,20.81904084467883,5.125581039058627,21.0,0,0.1809591553211689,20.788258218782012,20.5,21.5
3529.0,20.50980739345821,20.815962849413538,5.123839106218604,21.0,0,0.18403715058646242,20.785182896760602,20.5,21.5
3530.0,20.506730199800764,20.812885121399518,5.122097079069714,21.0,0,0.18711487860048237,20.782107841259318,20.5,21.5
3531.0,20.503653273176617,20.809807660563923,5.120354958938587,21.0,0,0.19019233943607716,20.779033052207975,20.5,21.5
3532.0,20.50057661351377,20.80673046683419,5.118612747151924,21.0,0,0.19326953316581097,20.77595852953685,20.5,21.5
3533.0,20.497500220740495,20.803653540138043,5.116870445036493,21.0,0,0.19634645986195665,20.772884273176587,20.5,21.5
3534.0,20.494424094785355,20.800576880403472,5.115128053919134,21.0,0,0.1994231195965277,20.769810283057762,20.5,21.5
3535.0,20.49134823557718,20.797500487558757,5.113385575126755,21.0,0,0.20249951244124276,20.766736559111607,20.5,21.5
3536.0,20.48827264304509,20.79442436153245,5.111643009986328,21.0,0,0.20557563846755045,20.763663101269373,20.5,21.5
3537.0,20.485197317118477,20.791348502253392,5.109900359824891,21.0,0,0.20865149774660807,20.760589909462816,20.5,21.5
3538.0,20.482122257727017,20.788272909650697,5.108157625969551,21.0,0,0.21172709034930293,20.75751698362375,20.5,21.5
3539.0,20.479047464800665,20.785197583653762,5.1064148097474735,21.0,0,0.2148024163462381,20.75444432368441,20.5,21.5
3540.0,20.475972938269653,20.782122524192253,5.1046719124858875,21.0,0,0.21787747580774663,20.751371929577168,20.5,21.5
3541.0,20.472898678064496,20.779047731196137,5.102928935512089,21.0,0,0.2209522688038632,20.74829980123497,20.5,21.5
3542.0,20.469824684115984,20.775973204595637,5.101185880153427,21.0,0,0.2240267954043631,20.745227938590638,20.5,21.5
3543.0,20.46675095635519,20.772898944321277,5.099442747737316,21.0,0,0.22710105567872318,20.742156341577676,20.5,21.5
3544.0,20.46367749471347,20.769824950303835,5.097699539591227,21.0,0,0.23017504969616454,20.739085010129422,20.5,21.5
3545.0,20.460604299122444,20.766751222474397,5.095956257042689,21.0,0,0.2332487775256027,20.736013944180016,20.5,21.5
3546.0,20.45753136951403,20.763677760764303,5.094212901419285,21.0,0,0.2363222392356974,20.732943143663356,20.5,21.5
3547.0,20.45445870582041,20.76060456510519,5.092469474048659,21.0,0,0.23939543489480997,20.729872608514064,20.5,21.5
3548.0,20.451386307974058,20.75753163542896,5.090725976258508,21.0,0,0.24246836457103882,20.726802338666673,20.5,21.5
3549.0,20.448314175907715,20.75445897166781,5.0889824093765785,21.0,0,0.24554102833219105,20.723732334056287,20.5,21.5
3550.0,20.44524230955441,20.751386573754203,5.087238774730672,21.0,0,0.24861342624579663,20.720662594618148,20.5,21.5
3551.0,20.442170708847446,20.748314441620884,5.085495073648644,21.0,0,0.25168555837911555,20.717593120287695,20.5,21.5
3552.0,20.439099373720406,20.745242575200884,5.0837513074583995,21.0,0,0.25475742479911645,20.714523911000875,20.5,21.5
3553.0,20.436028304107154,20.742170974427502,5.08200747748789,21.0,0,0.257829025572498,20.711454966693687,20.5,21.5
3554.0,20.43295749994183,20.739099639234325,5.08026358506512,21.0,0,0.2609003607656746,20.70838628730256,20.5,21.5
3555.0,20.429886961158854,20.736028569555213,5.078519631518138,21.0,0,0.2639714304447871,20.705317872764088,20.5,21.5
3556.0,20.426816687692927,20.73295776532431,5.07677561817504,21.0,0,0.26704223467568866,20.702249723015296,20.5,21.5
3557.0,20.423746679479024,20.729887226476034,5.075031546363969,21.0,0,0.2701127735239659,20.69918183799326,20.5,21.5
3558.0,20.420676936452402,20.726816952945086,5.073287417413113,21.0,0,0.27318304705491414,20.696114217635603,20.5,21.5
3559.0,20.417607458548595,20.723746944666438,5.071543232650699,21.0,0,0.27625305533356226,20.693046861879957,20.5,21.5
3560.0,20.414538245703415,20.720677201575352,5.069798993405002,21.0,0,0.2793227984246478,20.689979770664497,20.5,21.5
3561.0,20.411469297852957,20.717607723607358,5.0680547010043355,21.0,0,0.28239227639264186,20.686912943927418,20.5,21.5
3562.0,20.408400614933587,20.714538510698272,5.066310356777053,21.0,0,0.28546148930172777,20.683846381607413,20.5,21.5
3563.0,20.405332196881957,20.71146956278418,5.064565962051549,21.0,0,0.28853043721581884,20.68078008364327,20.5,21.5
3564.0,20.40226404363499,20.708400879801463,5.062821518156256,21.0,0,0.29159912019853707,20.67771404997428,20.5,21.5
3565.0,20.399196155129893,20.70533246168676,5.061077026419646,21.0,0,0.29466753831324155,20.674648280539714,20.5,21.5
3566.0,20.39612853130415,20.702264308377,5.059332488170222,21.0,0,0.29773569162300006,20.671582775279415,20.5,21.5
3567.0,20.393061172095525,20.699196419809386,5.057587904736527,21.0,0,0.30080358019061393,20.668517534133247,20.5,21.5
3568.0,20.389994077442054,20.696128795921403,5.0558432774471385,21.0,0,0.3038712040785967,20.665452557041576,20.5,21.5
3569.0,20.386927247282056,20.693061436650815,5.054098607630663,21.0,0,0.3069385633491848,20.662387843944934,20.5,21.5
3570.0,20.383860681554125,20.689994341935662,5.052353896615746,21.0,0,0.31000565806433755,20.659323394784135,20.5,21.5
3571.0,20.380794380197138,20.68692751171426,5.05060914573106,21.0,0,0.31307248828574075,20.656259209500227,20.5,21.5
3572.0,20.377728343150245,20.683860945925204,5.048864356305307,21.0,0,0.3161390540747959,20.653195288034652,20.5,21.5
3573.0,20.374662570352875,20.68079464450737,5.047119529667221,21.0,0,0.31920535549263107,20.650131630329017,20.5,21.5
3574.0,20.371597061744737,20.677728607399906,5.045374667145563,21.0,0,0.3222713926000935,20.647068236325282,20.5,21.5
3575.0,20.36853181726582,20.674662834542243,5.043629770069122,21.0,0,0.32533716545775704,20.644005105965608,20.5,21.5
3576.0,20.365466836856378,20.671597325874092,5.041884839766714,21.0,0,0.3284026741259076,20.640942239192587,20.5,21.5
3577.0,20.36240212045696,20.668532081335435,5.040139877567179,21.0,0,0.3314679186645648,20.637879635948863,20.5,21.5
3578.0,20.359337668008383,20.665467100866536,5.03839488479938,21.0,0,0.33453289913346396,20.634817296177545,20.5,21.5
3579.0,20.35627347945174,20.662402384407937,5.036649862792205,21.0,0,0.33759761559206325,20.631755219821944,20.5,21.5
3580.0,20.35320955472841,20.659337931900456,5.034904812874567,21.0,0,0.3406620680995438,20.62869340682565,20.5,21.5
3581.0,20.350145893780038,20.656273743285187,5.033159736375395,21.0,0,0.34372625671481316,20.625631857132493,20.5,21.5
3582.0,20.347082496548555,20.653209818503505,5.031414634623642,21.0,0,0.34679018149649465,20.62257057068669,20.5,21.5
3583.0,20.34401936297617,20.650146157497062,5.029669508948277,21.0,0,0.34985384250293805,20.619509547432628,20.5,21.5
3584.0,20.340956493005365,20.647082760207788,5.02792436067829,21.0,0,0.35291723979221246,20.616448787315043,20.5,21.5
3585.0,20.3378938865789,20.644019626577883,5.026179191142689,21.0,0,0.35598037342211697,20.613388290278838,20.5,21.5
3586.0,20.33483154363981,20.640956756549837,5.024434001670494,21.0,0,0.3590432434501629,20.610328056269378,20.5,21.5
3587.0,20.33176946413142,20.63789415006641,5.022688793590746,21.0,0,0.36210584993359163,20.60726808523212,20.5,21.5
3588.0,20.328707647997312,20.63483180707064,5.020943568232492,21.0,0,0.3651681929293602,20.604208377112954,20.5,21.5
3589.0,20.32564609518136,20.63176972750584,5.0191983269248,21.0,0,0.3682302724941593,20.60114893185785,20.5,21.5
3590.0,20.322584805627706,20.628707911315605,5.017453070996748,21.0,0,0.37129208868439534,20.598089749413244,20.5,21.5
3591.0,20.31952377928078,20.6256463584438,5.015707801777423,21.0,0,0.3743536415562012,20.59503082972574,20.5,21.5
3592.0,20.31646301608528,20.62258506883457,5.013962520595922,21.0,0,0.3774149311654291,20.59197217274229,20.5,21.5
3593.0,20.31340251598618,20.619524042432342,5.012217228781357,21.0,0,0.38047595756765773,20.588913778410056,20.5,21.5
3594.0,20.31034227892874,20.61646327918182,5.01047192766284,21.0,0,0.38353672081818146,20.58585564667658,20.5,21.5
3595.0,20.307282304858486,20.61340277902797,5.008726618569494,21.0,0,0.3865972209720283,20.582797777489503,20.5,21.5
3596.0,20.304222593721228,20.61034254191606,5.0069813028304475,21.0,0,0.3896574580839385,20.57974017079696,20.5,21.5
3597.0,20.30116314546305,20.607282567791618,5.0052359817748355,21.0,0,0.3927174322083822,20.57668282654718,20.5,21.5
3598.0,20.298103960030314,20.604222856600444,5.003490656731797,21.0,0,0.39577714339955605,20.573625744688705,20.5,21.5
3599.0,20.295045037369654,20.601163408288627,5.00174532903047,21.0,0,0.39883659171137253,20.570568925170463,20.5,21.5
