t,T_true,T_meas,T_out,setpoint,heater,error,T_pred,lower,upper
0.0,18.0,18.226442669706422,5.0,21.0,1,2.7735573302935776,18.226442669706422,20.5,21.5
1.0,18.0174,18.291318776766474,5.00174532903047,21.0,1,2.7086812232335262,18.940079847366988,20.5,21.5
2.0,18.034796869065804,18.3442850602834,5.003490656731796,21.0,1,2.6557149397165993,18.87394789545267,20.5,21.5
3.0,18.052190607823338,18.3733590581889,5.005235981774836,21.0,1,2.6266409418111003,18.66409903724389,20.5,21.5
4.0,18.06958121689813,18.35970792528439,5.0069813028304475,21.0,1,2.6402920747156102,18.22319659623929,20.5,21.5
5.0,18.086968696915317,18.33077591446541,5.008726618569493,21.0,1,2.669224085534591,18.041455806275604,20.5,21.5
6.0,18.104353048499647,18.31356396039307,5.010471927662839,21.0,1,2.6864360396069316,18.14144441966966,20.5,21.5
7.0,18.12173427227548,18.313320134338838,5.012217228781357,21.0,1,2.686679865661162,18.310881873796532,20.5,21.5
8.0,18.13911236886678,18.282627621179444,5.013962520595923,21.0,1,2.7173723788205564,17.9757024895855,20.5,21.5
9.0,18.156487338897126,18.326415175287956,5.015707801777423,21.0,1,2.6735848247120444,18.764290716373075,20.5,21.5
10.0,18.173859182989702,18.437947346425936,5.017453070996748,21.0,1,2.5620526535740638,19.553269057805743,20.5,21.5
11.0,18.191227901767302,18.527238175817036,5.0191983269248,21.0,1,2.472761824182964,19.420146469728035,20.5,21.5
12.0,18.208593495852334,18.533318059853674,5.020943568232491,21.0,1,2.4666819401463265,18.594116900220047,20.5,21.5
13.0,18.22595596586681,18.62004678068423,5.022688793590745,21.0,1,2.3799532193157695,19.4873339889898,20.5,21.5
14.0,18.243315312432355,18.624106182842084,5.024434001670494,21.0,1,2.375893817157916,18.66470020442062,20.5,21.5
15.0,18.260671536170204,18.55914250799622,5.026179191142689,21.0,1,2.4408574920037793,17.909505759537588,20.5,21.5
16.0,18.278024637701197,18.44454782798499,5.02792436067829,21.0,1,2.555452172015009,17.298601027872692,20.5,21.5
17.0,18.29537461764579,18.47431837085528,5.029669508948277,21.0,1,2.525681629144721,18.772023799558163,20.5,21.5
18.0,18.312721476624052,18.51917669758832,5.0314146346236415,21.0,1,2.480823302411679,18.96775996491874,20.5,21.5
19.0,18.33006521525565,18.524661248595883,5.033159736375395,21.0,1,2.4753387514041165,18.579506758671506,20.5,21.5
20.0,18.347405834159876,18.540753383336646,5.034904812874567,21.0,1,2.4592466166633535,18.701674730744276,20.5,21.5
21.0,18.36474333395562,18.638719865061763,5.036649862792205,21.0,1,2.3612801349382373,19.618384682312925,20.5,21.5
22.0,18.382077715261385,18.623922877780608,5.038394884799379,21.0,1,2.3760771222193924,18.475953004969057,20.5,21.5
23.0,18.39940897869529,18.54176527203031,5.040139877567178,21.0,1,2.458234727969689,17.720189214527345,20.5,21.5
24.0,18.416737124875066,18.662356908890718,5.0418848397667135,21.0,1,2.337643091109282,19.86827327749479,20.5,21.5
25.0,18.434062154418044,18.73145649534542,5.043629770069122,21.0,1,2.2685435046545805,19.422452359892432,20.5,21.5
26.0,18.451384067941174,18.756174540045297,5.045374667145563,21.0,1,2.243825459954703,19.003354987044073,20.5,21.5
27.0,18.468702866061015,18.77979945989491,5.047119529667221,21.0,1,2.2202005401050897,19.016048658391043,20.5,21.5
28.0,18.486018549393737,18.791663610655817,5.048864356305306,21.0,1,2.2083363893441827,18.910305118264887,20.5,21.5
29.0,18.50333111855512,18.726038284823613,5.050609145731059,21.0,1,2.2739617151763873,18.069785026501567,20.5,21.5
30.0,18.520640574160556,18.720326293405332,5.052353896615746,21.0,1,2.279673706594668,18.663206379222526,20.5,21.5
31.0,18.537946916825046,18.72384866509961,5.054098607630664,21.0,1,2.2761513349003906,18.759072382042383,20.5,21.5
32.0,18.555250147163207,18.702969845686646,5.055843277447138,21.0,1,2.2970301543133544,18.494181651557007,20.5,21.5
33.0,18.572550265789264,18.7723226045509,5.057587904736527,21.0,1,2.227677395449099,19.465850193193454,20.5,21.5
34.0,18.589847273317055,18.792860432640516,5.059332488170221,21.0,1,2.2071395673594836,18.998238713536672,20.5,21.5
35.0,18.607141170360027,18.823418420185927,5.061077026419645,21.0,1,2.176581579814073,19.128998295640034,20.5,21.5
36.0,18.62443195753124,18.891493321179055,5.062821518156257,21.0,1,2.1085066788209446,19.57224233111034,20.5,21.5
37.0,18.641719635443366,19.034394386754048,5.064565962051549,21.0,1,1.9656056132459518,20.463405042503975,20.5,21.5
38.0,18.659004204708687,19.01413523539029,5.066310356777053,21.0,1,1.9858647646097083,18.811543721752727,20.5,21.5
39.0,18.6762856659391,18.99608980756168,5.068054701004335,21.0,1,2.003910192438319,18.815635529275575,20.5,21.5
40.0,18.693564019746113,18.99247099907609,5.069798993405002,21.0,1,2.0075290009239097,18.956282914220182,20.5,21.5
41.0,18.710839266740845,19.004164830055863,5.071543232650699,21.0,1,1.9958351699441366,19.121103139853595,20.5,21.5
42.0,18.728111407534026,18.944226772580866,5.073287417413113,21.0,1,2.0557732274191345,18.344846197830886,20.5,21.5
43.0,18.745380442736003,18.9701571155667,5.075031546363969,21.0,1,2.0298428844333003,19.22946054542504,20.5,21.5
44.0,18.76264637295673,18.99996062207008,5.07677561817504,21.0,1,2.0000393779299195,19.29799568710389,20.5,21.5
45.0,18.779909198805775,19.043344815116235,5.078519631518137,21.0,1,1.9566551848837648,19.477186745577782,20.5,21.5
46.0,18.797168920892318,19.034115318418515,5.080263585065119,21.0,1,1.9658846815814854,18.941820351441308,20.5,21.5
47.0,18.81442553982515,19.054487877515527,5.08200747748789,21.0,1,1.9455121224844731,19.25821346848565,20.5,21.5
48.0,18.831679056212685,19.03418862438757,5.0837513074583995,21.0,1,1.9658113756124287,18.831196093108016,20.5,21.5
49.0,18.848929470662934,19.015412567693176,5.085495073648644,21.0,1,1.9845874323068244,18.827652000749218,20.5,21.5
50.0,18.86617678378353,19.069932694737222,5.087238774730672,21.0,1,1.930067305262778,19.615133965177687,20.5,21.5
51.0,18.88342099618172,19.147472121238422,5.088982409376578,21.0,1,1.8525278787615775,19.922866386250426,20.5,21.5
52.0,18.90066210846436,19.115334651464707,5.090725976258508,21.0,1,1.884665348535293,18.79395995372755,20.5,21.5
53.0,18.917900121237917,19.195873508955657,5.09246947404866,21.0,1,1.804126491044343,20.001262083865157,20.5,21.5
54.0,18.93513503510848,19.350682992866663,5.094212901419286,21.0,1,1.6493170071333374,20.89877783197672,20.5,21.5
55.0,18.95236685068174,19.403159292210297,5.095956257042688,21.0,1,1.5968407077897027,19.927922285646645,20.5,21.5
56.0,18.969595568563015,19.286638286819667,5.097699539591226,21.0,1,1.7133617131803334,18.12142823291336,20.5,21.5
57.0,18.986821189357222,19.25006576032126,5.099442747737315,21.0,1,1.7499342396787405,18.884340495337188,20.5,21.5
58.0,19.0040437136689,19.297497828641163,5.101185880153427,21.0,1,1.7025021713588373,19.771818511840195,20.5,21.5
59.0,19.021263142102196,19.198635088526565,5.102928935512088,21.0,1,1.801364911473435,18.21000768738059,20.5,21.5
60.0,19.03847947526088,19.178099095941093,5.1046719124858875,21.0,1,1.8219009040589071,18.97273917008637,20.5,21.5
61.0,19.055692713748325,19.2525174250953,5.106414809747473,21.0,1,1.7474825749047014,19.996700716637356,20.5,21.5
62.0,19.072902858167524,19.38903553372684,5.10815762596955,21.0,1,1.6109644662731597,20.754216620042257,20.5,21.5
63.0,19.090109909121082,19.374224742276123,5.109900359824891,21.0,1,1.6257752577238769,19.22611682776895,20.5,21.5
64.0,19.10731386721122,19.427087741756537,5.111643009986327,21.0,1,1.5729122582434627,19.95571773656068,20.5,21.5
65.0,19.124514733039778,19.400593816317688,5.113385575126755,21.0,1,1.5994061836823121,19.135654561929194,20.5,21.5
66.0,19.141712507208194,19.48457549379166,5.115128053919134,21.0,1,1.5154245062083405,20.324392268531376,20.5,21.5
67.0,19.158907190317535,19.56040959185419,5.116870445036493,21.0,1,1.4395904081458113,20.31875057247948,20.5,21.5
68.0,19.176098782968477,19.63038448743037,5.118612747151923,21.0,1,1.3696155125696308,20.330133443192175,20.5,21.5
69.0,19.193287285761315,19.666738985446063,5.120354958938587,21.0,1,1.333261014553937,20.030283965603,20.5,21.5
70.0,19.210472699295952,19.736018841711026,5.122097079069714,21.0,1,1.2639811582889742,20.428817404360654,20.5,21.5
71.0,19.227655024171906,19.682004959919464,5.123839106218604,21.0,1,1.317995040080536,19.141866142003845,20.5,21.5
72.0,19.244834260988316,19.635783557915786,5.125581039058627,21.0,1,1.3642164420842136,19.17356953787901,20.5,21.5
73.0,19.26201041034393,19.604037745887595,5.127322876263226,21.0,1,1.3959622541124048,19.286579625605683,20.5,21.5
74.0,19.279183472837115,19.598532120256074,5.129064616505916,21.0,1,1.401467879743926,19.543475863940863,20.5,21.5
75.0,19.296353449065847,19.592240409314314,5.130806258460286,21.0,1,1.4077595906856857,19.529323299896717,20.5,21.5
76.0,19.313520339627726,19.62807922142265,5.1325478008,21.0,1,1.3719207785773513,19.986467342505993,20.5,21.5
77.0,19.33068414511996,19.598608516634645,5.134289242198798,21.0,1,1.4013914833653551,19.303901468754606,20.5,21.5
78.0,19.347844866139376,19.56521627209768,5.1360305813304965,21.0,1,1.434783727902321,19.23129382672802,20.5,21.5
79.0,19.365002503282415,19.572151807839585,5.137771816868989,21.0,1,1.4278481921604147,19.64150716525865,20.5,21.5
80.0,19.382157057145132,19.5913469237489,5.13951294748825,21.0,1,1.408653076251099,19.78329808284206,20.5,21.5
81.0,19.3993085283232,19.527243659728818,5.141253971862334,21.0,1,1.4727563402711823,18.886211019527984,20.5,21.5
82.0,19.416456917411907,19.554628556516,5.142994888665372,21.0,1,1.4453714434839995,19.82847752438783,20.5,21.5
83.0,19.433602225006158,19.64556308749862,5.1447356965715825,21.0,1,1.3544369125013809,20.554908397324805,20.5,21.5
84.0,19.450744451700473,19.675092690052644,5.146476394255263,21.0,1,1.3249073099473563,19.97038871559289,20.5,21.5
85.0,19.467883598088985,19.61425519074759,5.1482169803907984,21.0,1,1.3857448092524116,19.005880197697035,20.5,21.5
86.0,19.485019664765446,19.733630155355918,5.149957453652656,21.0,1,1.2663698446440819,20.927379801439216,20.5,21.5
87.0,19.502152652323222,19.79799038281083,5.151697812715388,21.0,1,1.2020096171891694,20.441592657359955,20.5,21.5
88.0,19.5192825613553,19.815493673628104,5.153438056253638,21.0,1,1.1845063263718956,19.990526581800843,20.5,21.5
89.0,19.53640939245428,19.802422127310372,5.155178182942132,21.0,1,1.197577872689628,19.671706664133048,20.5,21.5
90.0,19.55353314621238,19.87148515309382,5.15691819145569,21.0,1,1.1285148469061816,20.562115410928282,20.5,21.5
91.0,19.57065382322143,19.843969385032487,5.158658080469219,21.0,1,1.1560306149675128,19.568811704419176,20.5,21.5
92.0,19.58777142407288,19.853421212036082,5.160397848657718,21.0,1,1.146578787963918,19.94793948207203,20.5,21.5
93.0,19.604885949357797,19.76150643845147,5.162137494696277,21.0,1,1.2384935615485304,18.842358702605345,20.5,21.5
94.0,19.621997399666864,19.843199590417836,5.163877017260082,21.0,1,1.1568004095821642,20.660131110081497,20.5,21.5
95.0,19.639105775590384,19.854849063885432,5.165616415024409,21.0,1,1.1451509361145682,19.971343798561392,20.5,21.5
96.0,19.65621107771827,19.91136419506707,5.167355686664631,21.0,1,1.088635804932931,20.47651550688344,20.5,21.5
97.0,19.67331330664006,19.953922941225947,5.169094830856218,21.0,1,1.0460770587740527,20.37951040281473,20.5,21.5
98.0,19.690412462944906,20.04503247272183,5.170833846274735,21.0,1,0.9549675272781712,20.956127787680643,20.5,21.5
99.0,19.707508547221572,20.012595810932787,5.172572731595847,21.0,1,0.9874041890672132,19.688229193042368,20.5,21.5
100.0,19.724601560058446,20.061314422313266,5.174311485495316,21.0,1,0.9386855776867336,20.548500536118063,20.5,21.5
101.0,19.741691502043533,20.021186324883352,5.176050106649007,21.0,1,0.9788136751166476,19.61990535058421,20.5,21.5
102.0,19.758778373764454,19.987816124425027,5.177788593732883,21.0,1,1.0121838755749728,19.654114119841775,20.5,21.5
103.0,19.77586217580845,20.0661842366203,5.179526945423011,21.0,1,0.9338157633797017,20.84986535857301,20.5,21.5
104.0,19.79294290876237,20.121876148589536,5.181265160395561,21.0,1,0.8781238514104643,20.67879526828191,20.5,21.5
105.0,19.810020573212697,20.02694680633915,5.183003237326805,21.0,1,0.9730531936608493,19.0776533838353,20.5,21.5
106.0,19.82709516974552,20.18666807316182,5.184741174893123,21.0,0,0.8133319268381811,21.7838807413885,20.5,21.5
107.0,19.82416669894655,20.22559257829649,5.186478971771001,21.0,0,0.7744074217035113,20.614837629643187,20.5,21.5
108.0,19.821239161401113,20.19754590156375,5.188216626637028,21.0,1,0.8024540984362503,19.91707913423636,20.5,21.5
109.0,19.83831255689416,20.15941682140957,5.189954138167908,21.0,1,0.8405831785904283,19.77812601986779,20.5,21.5
110.0,19.855382885210414,20.207079670100292,5.191691505040448,21.0,1,0.7929203298997081,20.683708157007494,20.5,21.5
111.0,19.87245014693438,20.165430348491917,5.193428725931568,21.0,1,0.8345696515080832,19.748937132408166,20.5,21.5
112.0,19.88951434265018,20.197776523699762,5.195165799518299,21.0,1,0.802223476300238,20.521238275778213,20.5,21.5
113.0,19.906575472941554,20.234509856573254,5.196902724477783,21.0,1,0.7654901434267458,20.601843185308176,20.5,21.5
114.0,19.92363353839186,20.279516848695096,5.198639499487278,21.0,1,0.7204831513049044,20.72958676991351,20.5,21.5
115.0,19.94068853958408,20.34726662389495,5.200376123224153,21.0,1,0.6527333761050507,21.024764375893486,20.5,21.5
116.0,19.95774047710081,20.31116819391388,5.202112594365893,21.0,1,0.6888318060861209,19.950183894103176,20.5,21.5
117.0,19.97478935152426,20.209534440349323,5.2038489115901,21.0,1,0.7904655596506771,19.19319690470376,20.5,21.5
118.0,19.991835163436274,20.23110483083591,5.205585073574493,21.0,1,0.7688951691640895,20.446808735701786,20.5,21.5
119.0,20.008877913418303,20.240814469621263,5.207321078996911,21.0,1,0.7591855303787369,20.33791085747479,20.5,21.5
120.0,20.02591760205142,20.267900472230156,5.209056926535307,21.0,1,0.7320995277698437,20.53876049831909,20.5,21.5
121.0,20.042954229916315,20.297335460510226,5.21079261486776,21.0,1,0.7026645394897741,20.59168534331092,20.5,21.5
122.0,20.059987797593305,20.37172219292578,5.212528142672467,21.0,1,0.6282778070742197,21.115589517081325,20.5,21.5
123.0,20.07701830566232,20.306633339730848,5.214263508627747,21.0,1,0.6933666602691524,19.65574480778152,20.5,21.5
124.0,20.094045754702915,20.312578536897153,5.215998711412046,21.0,1,0.6874214631028472,20.372030508560204,20.5,21.5
125.0,20.111070145294256,20.384829928892355,5.217733749703929,21.0,1,0.6151700711076451,21.107343848844376,20.5,21.5
126.0,20.12809147801514,20.361075233294812,5.219468622182091,21.0,1,0.6389247667051876,20.123528277319387,20.5,21.5
127.0,20.145109753443972,20.44659525265414,5.221203327525349,21.0,1,0.5534047473458585,21.301795446247432,20.5,21.5
128.0,20.16212497215879,20.499032862330203,5.222937864412651,21.0,1,0.5009671376697966,21.023408959090823,20.5,21.5
129.0,20.17913713473724,20.585424898040138,5.224672231523071,21.0,1,0.414575101959862,21.449345255139484,20.5,21.5
130.0,20.196146241756598,20.509986834248604,5.226406427535814,21.0,1,0.490013165751396,19.755606196333265,20.5,21.5
131.0,20.213152293793755,20.568960139022888,5.228140451130212,21.0,1,0.431039860977112,21.158693186765728,20.5,21.5
132.0,20.230155291425223,20.63462472669823,5.229874300985733,21.0,1,0.365375273301769,21.29127060345166,20.5,21.5
133.0,20.247155235227137,20.635458038019618,5.231607975781974,21.0,1,0.36454196198038247,20.643791151233483,20.5,21.5
134.0,20.264152125775247,20.55923685021551,5.233341474198666,21.0,1,0.44076314978449105,19.797024972174423,20.5,21.5
135.0,20.28114596364493,20.62901216720838,5.2350747949156755,21.0,1,0.37098783279162006,21.32676533713709,20.5,21.5
136.0,20.298136749411185,20.670195756369434,5.236807936613002,21.0,1,0.3298042436305657,21.082031647979978,20.5,21.5
137.0,20.315124483648624,20.607398820826614,5.2385408979707835,21.0,1,0.3926011791733863,19.979429465398407,20.5,21.5
138.0,20.332109166931488,20.630489474688957,5.240273677669294,21.0,1,0.36951052531104267,20.861396013312394,20.5,21.5
139.0,20.349090799833636,20.66087604258889,5.242006274388947,21.0,1,0.3391239574111111,20.964741721588204,20.5,21.5
140.0,20.366069382928547,20.659572491354286,5.243738686810295,21.0,1,0.340427508645714,20.646536979008257,20.5,21.5
141.0,20.383044916789324,20.582438319460152,5.24547091361403,21.0,1,0.41756168053984766,19.811096600518816,20.5,21.5
142.0,20.400017401988688,20.579550224691182,5.247202953480985,21.0,1,0.42044977530881766,20.550669277001482,20.5,21.5
143.0,20.416986839098985,20.596987552750456,5.248934805092138,21.0,1,0.40301244724954444,20.771360833343188,20.5,21.5
144.0,20.433953228692186,20.56178718860545,5.2506664671286085,21.0,1,0.4382128113945498,20.209783547155396,20.5,21.5
145.0,20.450916571339874,20.53362225880977,5.25239793827166,21.0,1,0.4663777411902288,20.25197296085298,20.5,21.5
146.0,20.46787686761326,20.5697658949384,5.254129217202701,21.0,1,0.43023410506160076,20.93120225622468,20.5,21.5
147.0,20.484834118083178,20.618956015125747,5.255860302603288,21.0,1,0.3810439848742533,21.11085721699922,20.5,21.5
148.0,20.50178832332008,20.608673515550873,5.257591193155125,21.0,1,0.3913264844491273,20.505848519802132,20.5,21.5
149.0,20.51873948389405,20.71383487688403,5.259321887540064,21.0,0,0.2861651231159712,21.76544849021559,20.5,21.5
150.0,20.51568760037478,20.792036938343593,5.261052384440103,21.0,0,0.20796306165640743,21.57405755293923,20.5,21.5
151.0,20.512636673331592,20.78569784295714,5.262782682537396,21.0,0,0.2143021570428587,20.72230688909263,20.5,21.5
152.0,20.509586702533433,20.776476091139987,5.264512780514245,21.0,0,0.22352390886001317,20.684258572968442,20.5,21.5
153.0,20.506537687749027,20.810261252321077,5.266242677053104,21.0,0,0.1897387476789234,21.148112864131974,20.5,21.5
154.0,20.503489628746888,20.735448914223234,5.267972370836584,21.0,1,0.2645510857767661,19.987325533244807,20.5,21.5
155.0,20.520442525295305,20.72220012864607,5.269701860547446,21.0,1,0.27779987135393114,20.58971227287442,20.5,21.5
156.0,20.537392377162355,20.783338540775713,5.271431144868608,21.0,1,0.21666145922428726,21.39472266207215,20.5,21.5
157.0,20.554339184915897,20.859895724318896,5.273160222483147,21.0,0,0.14010427568110373,21.62546755975073,20.5,21.5
158.0,20.55128294912341,20.89058513297727,5.274889092074293,21.0,0,0.1094148670227284,21.197479219561025,20.5,21.5
159.0,20.548227670352002,20.956710887476195,5.276617752325438,21.0,0,0.04328911252380507,21.617968432465428,20.5,21.5
160.0,20.545173348368397,20.91888231484875,5.278346201920131,21.0,0,0.08111768515124851,20.540596588574317,20.5,21.5
161.0,20.54211998293911,20.843664455072428,5.280074439542083,21.0,1,0.15633554492757185,20.091485857309195,20.5,21.5
162.0,20.55906757383043,20.774872146198806,5.281802463875166,21.0,1,0.22512785380119382,20.086949057462586,20.5,21.5
163.0,20.57601212080844,20.687623845224902,5.283530273603413,21.0,1,0.31237615477509806,19.81514083548586,20.5,21.5
164.0,20.592953624438998,20.73539351959489,5.2852578674110235,21.0,1,0.26460648040511003,21.21309026329477,20.5,21.5
165.0,20.60989208528759,20.79849276587901,5.286985243982358,21.0,1,0.2015072341209887,21.429485228720225,20.5,21.5
166.0,20.62682750391933,20.89355453571661,5.288712402001947,21.0,0,0.10644546428338941,21.844172234092603,20.5,21.5
167.0,20.623759880898945,20.89329609124048,5.290439340154481,21.0,0,0.10670390875952052,20.89071164647917,20.5,21.5
168.0,20.620693216790794,20.953067783882183,5.292166057124823,21.0,0,0.04693221611781695,21.55078471029922,20.5,21.5
169.0,20.61762751135886,20.8895577790152,5.293892551598003,21.0,1,0.11044222098480105,20.254457730345358,20.5,21.5
170.0,20.63456276436691,20.927817521139353,5.295618822259221,21.0,1,0.07218247886064688,21.310414942380895,20.5,21.5
171.0,20.651494975578487,21.001968967849145,5.297344867793846,21.0,0,-0.001968967849144576,21.74348343494706,20.5,21.5
172.0,20.64842414555693,21.10049091761125,5.299070686887419,21.0,0,-0.10049091761124984,22.085710415232302,20.5,21.5
173.0,20.645354274865195,21.166504233445938,5.300796278225654,21.0,0,-0.1665042334459379,21.82663739179282,20.5,21.5
174.0,20.642285363265866,21.1892692621312,5.302521640494438,21.0,0,-0.18926926213120154,21.416919548983838,20.5,21.5
175.0,20.63921741052131,21.110881847988765,5.304246772379833,21.0,1,-0.11088184798876455,20.327007706564395,20.5,21.5
176.0,20.656150416393682,21.047940030482103,5.305971672568076,21.0,1,-0.04794003048210271,20.418521855415484,20.5,21.5
177.0,20.67308038064492,21.02643200259531,5.30769633974558,21.0,1,-0.026432002595310422,20.811351723727388,20.5,21.5
178.0,20.69000730383674,21.00345274342193,5.309420772598936,21.0,1,-0.003452743421931359,20.77366015168814,20.5,21.5
179.0,20.706931186530493,20.99986699349246,5.311144969814913,21.0,1,0.00013300650753933496,20.964009494197754,20.5,21.5
180.0,20.72385202928715,20.993533373626587,5.3128689300804615,21.0,1,0.00646662637341322,20.930197174967848,20.5,21.5
181.0,20.74076983266731,21.00441478393119,5.314592652082709,21.0,1,-0.0044147839311889925,21.11322888697721,20.5,21.5
182.0,20.757684597231194,20.989602224656903,5.316316134508967,21.0,1,0.010397775343097493,20.841476631914038,20.5,21.5
183.0,20.77459632353865,21.063669387434807,5.318039376046729,21.0,0,-0.06366938743480688,21.80434101521385,20.5,21.5
184.0,20.771505012149152,21.143056054507234,5.31976237538367,21.0,0,-0.1430560545072339,21.936922725231504,20.5,21.5
185.0,20.768414663621797,21.169754785724983,5.321485131207652,21.0,0,-0.16975478572498304,21.436742097902474,20.5,21.5
186.0,20.765325277715316,21.03647852444882,5.3232076422067225,21.0,1,-0.03647852444882105,19.7037159116872,20.5,21.5
187.0,20.782236854188216,21.015683848564684,5.324929907069113,21.0,1,-0.01568384856468441,20.807737089723318,20.5,21.5
188.0,20.799145392798792,20.881051087078177,5.326651924483245,21.0,1,0.11894891292182308,19.534723472213102,20.5,21.5
189.0,20.81605089410513,20.834015814142294,5.328373693137726,21.0,1,0.16598418585770602,20.363663084783465,20.5,21.5
190.0,20.832953358664934,20.82325776280046,5.330095211721355,21.0,1,0.17674223719954085,20.71567724938211,20.5,21.5
191.0,20.849852787035545,21.011450027698228,5.3318164789231215,21.0,0,-0.011450027698227672,22.893372676675913,20.5,21.5
192.0,20.846749179773923,20.96952689477063,5.333537493432204,21.0,0,0.03047310522936897,20.550295565494665,20.5,21.5
193.0,20.843646537436655,21.067601058460202,5.335258253937977,21.0,0,-0.06760105846020181,22.04834269535591,20.5,21.5
194.0,20.840544859779953,21.023977060859465,5.336978759130005,21.0,0,-0.023977060859465382,20.5877370848521,20.5,21.5
195.0,20.83744414655982,21.026172178120227,5.338699007698049,21.0,0,-0.026172178120226874,21.048123350727842,20.5,21.5
196.0,20.83434439753205,21.087527223376632,5.340418998332065,21.0,0,-0.08752722337663243,21.701077675940688,20.5,21.5
197.0,20.83124561245221,21.153255146505188,5.342138729722205,21.0,0,-0.15325514650518812,21.810534377790745,20.5,21.5
198.0,20.828147791075665,21.16396238920947,5.343858200558819,21.0,0,-0.1639623892094697,21.271034816252286,20.5,21.5
199.0,20.825050933157563,21.28074958654349,5.3455774095324555,21.0,0,-0.28074958654348947,22.448621559883687,20.5,21.5
200.0,20.82195503845284,21.35627379567323,5.347296355333861,21.0,0,-0.3562737956732285,22.11151588697062,20.5,21.5
201.0,20.818860106716215,21.27818693946764,5.349015036653984,21.0,1,-0.2781869394676413,20.49731837741177,20.5,21.5
202.0,20.8357661377022,21.237717145805924,5.350733452183974,21.0,1,-0.23771714580592374,20.83301920918875,20.5,21.5
203.0,20.852669131165097,21.196212118040485,5.352451600615184,21.0,1,-0.196212118040485,20.781161840386098,20.5,21.5
204.0,20.869569087658988,21.153638084541143,5.354169480639166,21.0,1,-0.15363808454114292,20.727897749547722,20.5,21.5
205.0,20.886466007737585,21.09308486955279,5.355887090947683,21.0,1,-0.09308486955278994,20.48755271966926,20.5,21.5
206.0,20.903359891954228,21.073282148032924,5.3576044302326995,21.0,1,-0.07328214803292354,20.87525493283426,20.5,21.5
207.0,20.920250740861885,21.104373793085934,5.359321497186385,21.0,1,-0.10437379308593364,21.415290243616035,20.5,21.5
208.0,20.93713855501315,21.15686286172662,5.36103829050112,21.0,0,-0.15686286172661923,21.681753548133475,20.5,21.5
209.0,20.934023334960248,21.161829863259534,5.362754808869491,21.0,0,-0.16182986325953408,21.211499878588683,20.5,21.5
210.0,20.93090908125503,21.261091966008703,5.364471050984295,21.0,0,-0.26109196600870277,22.25371299350039,20.5,21.5
211.0,20.927795793648976,21.226321697058456,5.3661870155385385,21.0,0,-0.22632169705845584,20.878619007555987,20.5,21.5
212.0,20.924683471893353,21.22161244757401,5.36790270122544,21.0,0,-0.22161244757401022,21.174519952729554,20.5,21.5
213.0,20.92157211573922,21.17865261765559,5.3696181067384305,21.0,0,-0.17865261765559026,20.74905431847139,20.5,21.5
214.0,20.91846172493742,21.205459872966898,5.371333230771154,21.0,0,-0.20545987296689816,21.473532426079977,20.5,21.5
215.0,20.915352299238585,21.18555193103098,5.373048072017469,21.0,0,-0.18555193103097878,20.986472511671785,20.5,21.5
216.0,20.91224383839314,21.20328913787767,5.37476262917145,21.0,0,-0.20328913787766822,21.380661206344563,20.5,21.5
217.0,20.909136342151296,21.215856091292665,5.3764769009273845,21.0,0,-0.2158560912926646,21.341525625442628,20.5,21.5
218.0,20.90602981026305,21.219457054897024,5.378190885979783,21.0,0,-0.21945705489702405,21.25546669094062,20.5,21.5
219.0,20.902924242478193,21.153193619768082,5.379904583023369,21.0,1,-0.1531936197680821,20.490559268478663,20.5,21.5
220.0,20.9198196385463,21.095466555464863,5.38161799075309,21.0,1,-0.09546655546486349,20.518195912432677,20.5,21.5
221.0,20.936711998216744,21.115383703718102,5.383331107864109,21.0,1,-0.11538370371810203,21.314555186250487,20.5,21.5
222.0,20.953601322038672,21.134002124218146,5.385043933051815,21.0,1,-0.13400212421814572,21.320186329218583,20.5,21.5
223.0,20.970487610560873,21.095039888059766,5.386756465011816,21.0,1,-0.09503988805976604,20.70541752647597,20.5,21.5
224.0,20.987370864331762,21.145325367546015,5.388468702439944,21.0,0,-0.14532536754601466,21.6481801624085,20.5,21.5
225.0,20.984251083899384,21.21110452387666,5.390180644032257,21.0,0,-0.21110452387666,21.868896087183114,20.5,21.5
226.0,20.98113226981141,21.27377731853435,5.391892288485035,21.0,0,-0.27377731853434994,21.90050526511125,20.5,21.5
227.0,20.978014421815146,21.212926096711477,5.393603634494789,21.0,0,-0.21292609671147744,20.604413878482752,20.5,21.5
228.0,20.974897539657682,21.26570164725627,5.395314680758252,21.0,0,-0.26570164725627166,21.793457152704214,20.5,21.5
229.0,20.971781623085903,21.271711803299013,5.39702542597239,21.0,0,-0.2717118032990129,21.331813363726425,20.5,21.5
230.0,20.96866667184648,21.24995767364643,5.398735868834394,21.0,0,-0.2499576736464313,21.032416377120615,20.5,21.5
231.0,20.96555268568588,21.290032865742184,5.40044600804169,21.0,0,-0.2900328657421838,21.69078478669971,20.5,21.5
232.0,20.96243966435035,21.280936759353843,5.402155842291929,21.0,0,-0.28093675935384255,21.18997569547043,20.5,21.5
233.0,20.959327607585937,21.298643284035656,5.403865370283001,21.0,0,-0.29864328403565565,21.475708530853787,20.5,21.5
234.0,20.956216515138475,21.255776829077217,5.405574590713025,21.0,0,-0.25577682907721666,20.827112279492827,20.5,21.5
235.0,20.95310638675359,21.293955695730162,5.407283502280355,21.0,0,-0.2939556957301619,21.675744362259614,20.5,21.5
236.0,20.949997222176695,21.188782154385432,5.40899210368358,21.0,1,-0.18878215438543222,20.137046740938136,20.5,21.5
237.0,20.966889021152998,21.173797747604368,5.410700393621528,21.0,1,-0.17379774760436817,21.023953679793728,20.5,21.5
238.0,20.98377778342749,21.146766380691044,5.412408370793259,21.0,1,-0.14676638069104442,20.876452711557807,20.5,21.5
239.0,21.000663509544964,21.199881124959607,5.414116033898076,21.0,0,-0.19988112495960664,21.73102856764523,20.5,21.5
240.0,20.997546200049836,21.169862647747745,5.415823381635518,21.0,0,-0.1698626477477454,20.869677875629133,20.5,21.5
241.0,20.994429855486153,21.176049848481803,5.417530412705367,21.0,0,-0.17604984848180294,21.23792185582238,20.5,21.5
242.0,20.991314475597598,21.258965006842374,5.419237125807643,21.0,0,-0.25896500684237367,22.08811659044808,20.5,21.5
243.0,20.98820006012764,21.238581942981,5.420943519642611,21.0,0,-0.23858194298099988,21.034751304367262,20.5,21.5
244.0,20.985086608819543,21.180066166778726,5.422649592910777,21.0,0,-0.180066166778726,20.594908404755987,20.5,21.5
245.0,20.98197412141636,21.232994554839202,5.424355344312892,21.0,0,-0.23299455483920184,21.76227843544396,20.5,21.5
246.0,20.97886259766094,21.21280487556391,5.4260607725499534,21.0,0,-0.21280487556391137,21.010908082811007,20.5,21.5
247.0,20.975752037295916,21.164305332033273,5.4277658763232015,21.0,0,-0.16430533203327258,20.679309896726885,20.5,21.5
248.0,20.972642440063723,21.18536206795779,5.429470654334127,21.0,0,-0.1853620679577901,21.395929427202965,20.5,21.5
249.0,20.969533805706575,21.20510950794813,5.431175105284466,21.0,0,-0.20510950794813,21.40258390785153,20.5,21.5
250.0,20.96642613396649,21.104678680587483,5.432879227876206,21.0,1,-0.10467868058748309,20.100370406981014,20.5,21.5
251.0,20.98331942458527,21.10561051546731,5.434583020811583,21.0,1,-0.10561051546730837,21.11492886426556,20.5,21.5
252.0,21.000209677304518,21.17176931911283,5.4362864827930855,21.0,0,-0.17176931911282978,21.833357355568044,20.5,21.5
253.0,20.997096892665617,21.23482836488768,5.4379896125234515,21.0,0,-0.23482836488767944,21.865418822636176,20.5,21.5
254.0,20.99398507120959,21.296745329156657,5.439692408705675,21.0,0,-0.2967453291566571,21.915914971846433,20.5,21.5
255.0,20.990874212677088,21.365298645455262,5.441394870043002,21.0,0,-0.3652986454552618,22.05083180844131,20.5,21.5
256.0,20.987764316808562,21.4343784107764,5.4430969952389345,21.0,0,-0.43437841077640016,22.125176063987784,20.5,21.5
257.0,20.984655383344247,21.32808635730085,5.44479878299723,21.0,1,-0.328086357300851,20.26516582254536,20.5,21.5
258.0,21.001547412024177,21.292625768144546,5.4465002320219025,21.0,1,-0.2926257681445463,20.9380198765815,20.5,21.5
259.0,21.018436402588176,21.278493508891785,5.448201341017225,21.0,1,-0.2784935088917848,21.13717091636417,20.5,21.5
260.0,21.03532235557586,21.219420183827847,5.44990210868773,21.0,1,-0.21942018382784667,20.628686933188465,20.5,21.5
261.0,21.052205271526482,21.235297443561613,5.451602533738208,21.0,1,-0.2352974435616133,21.39407004089928,20.5,21.5
262.0,21.069085150978925,21.3274622022294,5.45330261487371,21.0,0,-0.32746220222939826,22.249109788907248,20.5,21.5
263.0,21.065961994471703,21.314748147193104,5.455002350799552,21.0,0,-0.31474814719310373,21.18760759683016,20.5,21.5
264.0,21.062839802542968,21.351310689893754,5.456701740221312,21.0,0,-0.35131068989375436,21.71693611690026,20.5,21.5
265.0,21.059718574930503,21.34024702244528,5.458400781844828,21.0,0,-0.34024702244527916,21.229610347960527,20.5,21.5
266.0,21.056598311371886,21.279652002139205,5.460099474376209,21.0,0,-0.2796520021392048,20.67370179907846,20.5,21.5
267.0,21.053479011604487,21.301677596557134,5.461797816521825,21.0,0,-0.3016775965571341,21.521933540736427,20.5,21.5
268.0,21.05036067536547,21.25822818436535,5.463495806988314,21.0,0,-0.25822818436535044,20.823734062447514,20.5,21.5
269.0,21.047243302391795,21.199996538439407,5.465193444482585,21.0,0,-0.19999653843940735,20.617680079179976,20.5,21.5
270.0,21.044126892420213,21.238241786136133,5.466890727711811,21.0,0,-0.23824178613613256,21.620694263103385,20.5,21.5
271.0,21.04101144518727,21.28568564076077,5.468587655383438,21.0,0,-0.2856856407607715,21.76012418700716,20.5,21.5
272.0,21.037896960429308,21.321183184710232,5.47028422620518,21.0,0,-0.32118318471023244,21.67615862420484,20.5,21.5
273.0,21.034783437882464,21.387092858234773,5.471980438885026,21.0,0,-0.387092858234773,22.04618959348018,20.5,21.5
274.0,21.031670877282664,21.381625632886898,5.473676292131238,21.0,0,-0.3816256328868981,21.32695337940815,20.5,21.5
275.0,21.028559278365634,21.46983312747604,5.475371784652346,21.0,0,-0.4698331274760399,22.351908073367458,20.5,21.5
276.0,21.02544864086689,21.390959769781666,5.477066915157161,21.0,0,-0.39095976978166647,20.602226192837932,20.5,21.5
277.0,21.022338964521747,21.29918522669012,5.478761682354769,21.0,1,-0.2991852266901205,20.38143979577466,20.5,21.5
278.0,21.039230249065312,21.309010310767427,5.480456084954527,21.0,1,-0.3090103107674267,21.40726115154049,20.5,21.5
279.0,21.05611849423249,21.340201673404657,5.482150121666077,21.0,0,-0.3402016734046569,21.65211529977696,20.5,21.5
280.0,21.053003700557976,21.257861651812007,5.483843791199336,21.0,1,-0.25786165181200715,20.43446143588551,20.5,21.5
281.0,21.069889868576105,21.28166335073278,5.485537092264499,21.0,0,-0.2816633507327815,21.519680339940525,20.5,21.5
282.0,21.06677299802084,21.37613929465484,5.487230023572045,21.0,0,-0.3761392946548412,22.32089873387544,20.5,21.5
283.0,21.063657089425952,21.407354898205917,5.488922583832733,21.0,0,-0.4073548982059165,21.71951093371667,20.5,21.5
284.0,21.060542142524834,21.429260003291184,5.490614771757605,21.0,0,-0.4292600032911835,21.648311054143853,20.5,21.5
285.0,21.05742815705068,21.469418541859998,5.492306586057986,21.0,0,-0.4694185418599979,21.87100392754814,20.5,21.5
286.0,21.05431513273648,21.514661180957347,5.493998025445486,21.0,0,-0.5146611809573471,21.96708757193084,20.5,21.5
287.0,21.051203069315022,21.441701009233743,5.495689088632,21.0,0,-0.4417010092337428,20.7120992919977,20.5,21.5
288.0,21.048091966518886,21.36528067344539,5.497379774329709,21.0,0,-0.3652806734453904,20.601077315561866,20.5,21.5
289.0,21.04498182408045,21.330982758919593,5.499070081251085,21.0,0,-0.3309827589195926,20.988003613661615,20.5,21.5
290.0,21.04187264173188,21.233449981555474,5.500760008108883,21.0,1,-0.23344998155547358,20.258122207914283,20.5,21.5
291.0,21.058764419205158,21.287053180101157,5.502449553616151,21.0,0,-0.2870531801011573,21.823085165557995,20.5,21.5
292.0,21.05565315623204,21.29326115306975,5.504138716486227,21.0,0,-0.29326115306975,21.355340882755677,20.5,21.5
293.0,21.05254285334409,21.37040322024354,5.50582749543274,21.0,0,-0.37040322024353856,22.141823891981424,20.5,21.5
294.0,21.049433510272507,21.374537306968566,5.507515889169611,21.0,0,-0.37453730696856624,21.415878174218843,20.5,21.5
295.0,21.046325126748286,21.483912658392317,5.509203896411055,21.0,0,-0.4839126583923168,22.577666172629822,20.5,21.5
296.0,21.04321770250222,21.308717952405313,5.510891515871581,21.0,1,-0.3087179524053134,19.55677089253528,20.5,21.5
297.0,21.06011123726489,21.373838598976942,5.512578746265993,21.0,0,-0.37383859897694194,22.025045064693227,20.5,21.5
298.0,21.057001730766693,21.315202134703732,5.514265586309392,21.0,0,-0.31520213470373193,20.728837491971632,20.5,21.5
299.0,21.053893183537802,21.244992412495773,5.515952034717176,21.0,0,-0.24499241249577253,20.54289519041618,20.5,21.5
300.0,21.05078559530804,21.206359670575193,5.5176380902050415,21.0,0,-0.20635967057519267,20.820032251369394,20.5,21.5
301.0,21.04767896580702,21.301943988810116,5.519323751488983,21.0,0,-0.3019439888101161,22.25778717115935,20.5,21.5
302.0,21.044573294764156,21.288511742011842,5.521009017285297,21.0,0,-0.28851174201184193,21.1541892740291,20.5,21.5
303.0,21.04146858190866,21.37629207626996,5.522693886310579,21.0,0,-0.37629207626995864,22.254095418851126,20.5,21.5
304.0,21.03836482696954,21.41738499295306,5.524378357281729,21.0,0,-0.4173849929530604,21.828314159784078,20.5,21.5
305.0,21.035262029675604,21.39948076888562,5.5260624289159495,21.0,0,-0.39948076888562056,21.220438528211222,20.5,21.5
306.0,21.03216018975545,21.375444883374065,5.527746099930746,21.0,0,-0.37544488337406534,21.135086028258513,20.5,21.5
307.0,21.029059306937487,21.331258344011495,5.529429369043929,21.0,0,-0.3312583440114949,20.88939295038579,20.5,21.5
308.0,21.02595938094991,21.269193440293684,5.531112234973618,21.0,0,-0.26919344029368375,20.648544403115572,20.5,21.5
309.0,21.022860411520714,21.38127213688273,5.532794696438235,21.0,0,-0.3812721368827283,22.502059102773174,20.5,21.5
310.0,21.019762398377697,21.458417877678613,5.534476752156514,21.0,0,-0.4584178776786132,22.229875285637462,20.5,21.5
311.0,21.01666534124845,21.52898751849814,5.536158400847495,21.0,0,-0.5289875184981412,22.23468392669342,20.5,21.5
312.0,21.01356923986037,21.52913394853644,5.537839641230532,21.0,0,-0.5291339485364404,21.530598248919432,20.5,21.5
313.0,21.010474093940644,21.486085927139587,5.539520472025284,21.0,0,-0.4860859271395874,21.055605713171058,20.5,21.5
314.0,21.00737990321626,21.425314311504287,5.5412008919517275,21.0,0,-0.42531431150428745,20.817598155151288,20.5,21.5
315.0,21.004286667414007,21.309257524702247,5.542880899730148,21.0,1,-0.30925752470224666,20.14868965668184,20.5,21.5
316.0,21.021194386260472,21.296952929735813,5.544560494081149,21.0,1,-0.2969529297358129,21.173906980071475,20.5,21.5
317.0,21.038099059482036,21.290849118884683,5.546239673725643,21.0,1,-0.2908491188846831,21.229811010373385,20.5,21.5
318.0,21.055000687604885,21.30833130477796,5.547918437384865,21.0,1,-0.30833130477795834,21.48315316371071,20.5,21.5
319.0,21.07189927115484,21.31391950042148,5.549596783780361,21.0,1,-0.31391950042148054,21.369801456856703,20.5,21.5
320.0,21.088794810657365,21.422782809143705,5.551274711633998,21.0,0,-0.4227828091437047,22.511415896365946,20.5,21.5
321.0,21.08568730663756,21.40863073620192,5.5529522196679615,21.0,0,-0.40863073620192125,21.267110006784087,20.5,21.5
322.0,21.082580759620164,21.464108830205856,5.554629306604756,21.0,0,-0.4641088302058556,22.0188897702452,20.5,21.5
323.0,21.079475169329562,21.453673610428858,5.556305971167205,21.0,0,-0.4536736104288579,21.34932141265888,20.5,21.5
324.0,21.07637053548993,21.449074455262974,5.557982212078459,21.0,0,-0.4490744552629735,21.40308290360413,20.5,21.5
325.0,21.073266857825246,21.40626059181424,5.5596580280619845,21.0,0,-0.4062605918142417,20.978121957326923,20.5,21.5
326.0,21.070164136059294,21.33370414157645,5.561333417841576,21.0,0,-0.333704141576451,20.608139639198544,20.5,21.5
327.0,21.06706236991565,21.28800697531431,5.563008380141351,21.0,0,-0.2880069753143104,20.831035312692904,20.5,21.5
328.0,21.063961559117697,21.315147033500097,5.564682913685753,21.0,0,-0.31514703350009654,21.586547615357958,20.5,21.5
329.0,21.06086170338861,21.31323465947835,5.566357017199552,21.0,0,-0.3132346594783506,21.29411091926089,20.5,21.5
330.0,21.05776280245137,21.358087969336154,5.568030689407845,21.0,0,-0.35808796933615383,21.806621067914186,20.5,21.5
331.0,21.05466485602876,21.408519847907797,5.569703929036058,21.0,0,-0.4085198479077974,21.912838633624233,20.5,21.5
332.0,21.051567863843363,21.39629272007892,5.571376734809947,21.0,0,-0.3962927200789217,21.274021441790165,20.5,21.5
333.0,21.048471825617558,21.31788696593902,5.573049105455596,21.0,0,-0.3178869659390209,20.533829424540013,20.5,21.5
334.0,21.045376741073525,21.215793567963196,5.5747210396994245,21.0,1,-0.21579356796319615,20.19485958820495,20.5,21.5
335.0,21.062282609933252,21.081743296554947,5.5763925362681785,21.0,1,-0.08174329655494716,19.741240582472457,20.5,21.5
336.0,21.079185431918518,21.028705470308672,5.578063593888944,21.0,1,-0.02870547030867243,20.498327207845925,20.5,21.5
337.0,21.09608520755091,21.031713035030574,5.579734211289135,21.0,1,-0.03171303503057388,21.06178868224959,20.5,21.5
338.0,21.11298193735166,21.135294303777517,5.581404387196505,21.0,0,-0.13529430377751694,22.171106991246948,20.5,21.5
339.0,21.109875621841628,21.21459014702119,5.583074120339143,21.0,0,-0.21459014702119106,22.007548579457932,20.5,21.5
340.0,21.106770261541328,21.27649619379053,5.5847434094454735,21.0,0,-0.27649619379052837,21.8955566614839,20.5,21.5
341.0,21.10366585617091,21.32653635124262,5.58641225324426,21.0,0,-0.3265363512426198,21.826937925763534,20.5,21.5
342.0,21.100562405450326,21.477307128926014,5.588080650464608,21.0,0,-0.47730712892601446,22.98501490575996,20.5,21.5
343.0,21.097459909099328,21.495668569416253,5.589748599835957,21.0,0,-0.49566856941625304,21.67928297431864,20.5,21.5
344.0,21.094358366837476,21.469763958765213,5.591416100088093,21.0,0,-0.4697639587652134,21.210717852254817,20.5,21.5
345.0,21.091257778384126,21.548869627806436,5.593083149951142,21.0,0,-0.548869627806436,22.339926318218662,20.5,21.5
346.0,21.08815814345844,21.57189936317048,5.5947497481555715,21.0,0,-0.5718993631704805,21.802196716810926,20.5,21.5
347.0,21.08505946177938,21.46454679607601,5.596415893432196,21.0,1,-0.4645467960760108,20.391021125131314,20.5,21.5
348.0,21.10196173306571,21.428251274258628,5.598081584512173,21.0,1,-0.42825127425862775,21.065296056084797,20.5,21.5
349.0,21.118860957036,21.481496016497,5.599746820127006,21.0,0,-0.481496016497001,22.013943438880734,20.5,21.5
350.0,21.115757134208618,21.401929916863352,5.6014115990085465,21.0,0,-0.40192991686335233,20.606268920526865,20.5,21.5
351.0,21.11265426510158,21.508325852296576,5.603075919888991,21.0,0,-0.5083258522965757,22.57228520662881,20.5,21.5
352.0,21.109552349432537,21.544485096373457,5.604739781500889,21.0,0,-0.5444850963734567,21.906077537142266,20.5,21.5
353.0,21.106451386918952,21.57520156910606,5.606403182577136,21.0,0,-0.5752015691060599,21.882366296432092,20.5,21.5
354.0,21.103351377278084,21.56810382977472,5.608066121850981,21.0,0,-0.5681038297747207,21.49712643646133,20.5,21.5
355.0,21.100252320227,21.65140894074296,5.609728598056021,21.0,0,-0.6514089407429609,22.484460050425362,20.5,21.5
356.0,21.097154215482565,21.543715666094702,5.611390609926211,21.0,1,-0.5437156660947018,20.46678291961211,20.5,21.5
357.0,21.114057062761454,21.46702682064725,5.613052156195855,21.0,1,-0.46702682064724854,20.700138366172716,20.5,21.5
358.0,21.13095686178014,21.382779778789896,5.6147132355996145,21.0,1,-0.3827797787898959,20.54030936021637,20.5,21.5
359.0,21.147853613054906,21.44404562583599,5.616373846872503,21.0,0,-0.44404562583599017,22.056704096296933,20.5,21.5
360.0,21.144747317101668,21.347258856737035,5.618033988749895,21.0,1,-0.34725885673703516,20.379391165747485,20.5,21.5
361.0,21.161641974435998,21.339644218170687,5.619693659967519,21.0,1,-0.3396442181706867,21.263497832507202,20.5,21.5
362.0,21.178533584773103,21.35030581739802,5.621352859261464,21.0,1,-0.35030581739802,21.456921809671353,20.5,21.5
363.0,21.195422148628,21.437703235727966,5.623011585368176,21.0,0,-0.437703235727966,22.311677419027426,20.5,21.5
364.0,21.19230766651535,21.33015968898925,5.624669837024465,21.0,1,-0.3301596889892515,20.254724221602107,20.5,21.5
365.0,21.209194138949453,21.316208108156804,5.626327612967499,21.0,1,-0.316208108156804,21.17669229983233,20.5,21.5
366.0,21.226077565644257,21.32198591734575,5.62798491193481,21.0,1,-0.32198591734574933,21.379764009235203,20.5,21.5
367.0,21.242957947113513,21.398983626049336,5.629641732664292,21.0,0,-0.39898362604933624,22.168960713085205,20.5,21.5
368.0,21.239835283870622,21.37731589799836,5.631298073894205,21.0,0,-0.3773158979983613,21.160638617488612,20.5,21.5
369.0,21.236713576428627,21.487006710280436,5.632953934363172,21.0,0,-0.4870067102804363,22.583914833101186,20.5,21.5
370.0,21.233592824500214,21.57557342672617,5.634609312810184,21.0,0,-0.5755734267261694,22.4612405911835,20.5,21.5
371.0,21.230473027797874,21.61770691574057,5.636264207974598,21.0,0,-0.6177069157405697,22.039041805884573,20.5,21.5
372.0,21.22735418603391,21.62514259261983,5.63791861859614,21.0,0,-0.6251425926198309,21.699499361412443,20.5,21.5
373.0,21.224236298920424,21.602771104216114,5.6395725434149035,21.0,0,-0.6027711042161137,21.379056220178942,20.5,21.5
374.0,21.221119366169322,21.547952466131598,5.6412259811713525,21.0,0,-0.5479524661315978,20.99976608528644,20.5,21.5
375.0,21.218003387492324,21.51254756149577,5.642878930606323,21.0,0,-0.5125475614957686,21.158498515137477,20.5,21.5
376.0,21.214888362600945,21.540470729067625,5.644531390461022,21.0,0,-0.5404707290676249,21.819702404786188,20.5,21.5
377.0,21.211774291206517,21.471745740964746,5.646183359477029,21.0,0,-0.47174574096474586,20.784495859935955,20.5,21.5
378.0,21.20866117302017,21.56190623170921,5.6478348363962985,21.0,0,-0.5619062317092087,22.463511139153837,20.5,21.5
379.0,21.205549007752847,21.55024452851036,5.649485819961159,21.0,0,-0.5502445285103583,21.433627496521854,20.5,21.5
380.0,21.202437795115287,21.60931699334889,5.651136308914314,21.0,0,-0.6093169933488909,22.200041641734217,20.5,21.5
381.0,21.199327534818046,21.57924721767889,5.652786301998844,21.0,0,-0.5792472176788905,21.278549460978887,20.5,21.5
382.0,21.19621822657148,21.542683661985784,5.654435797958207,21.0,0,-0.5426836619857838,21.177048105054716,20.5,21.5
383.0,21.19310987008576,21.436803230022747,5.656084795536243,21.0,1,-0.4368032300227469,20.377998910392378,20.5,21.5
384.0,21.21000246507085,21.380104741183036,5.6577332934771665,21.0,1,-0.38010474118303605,20.813119852785928,20.5,21.5
385.0,21.226892011236533,21.354160705566386,5.659381290525575,21.0,1,-0.354160705566386,21.094720349399886,20.5,21.5
386.0,21.24377850909239,21.354213207962395,5.661028785426446,21.0,1,-0.3542132079623954,21.35473823192249,20.5,21.5
387.0,21.260661959147658,21.48178248832841,5.662675776925142,21.0,0,-0.48178248832840964,22.757475291988552,20.5,21.5
388.0,21.257542361911213,21.540458918531804,5.664322263767406,21.0,0,-0.5404589185318045,22.127223220565753,20.5,21.5
389.0,21.254423717891584,21.617315973072053,5.665968244699369,21.0,0,-0.6173159730720528,22.385886518474535,20.5,21.5
390.0,21.251306026796946,21.62162959272817,5.667613718467542,21.0,0,-0.6216295927281692,21.664765789289333,20.5,21.5
391.0,21.24818928833528,21.62595299197326,5.669258683818827,21.0,0,-0.6259529919732607,21.669186984424176,20.5,21.5
392.0,21.245073502214375,21.559112212173044,5.67090313950051,21.0,0,-0.5591122121730443,20.89070441417088,20.5,21.5
393.0,21.24195866814183,21.573245817732737,5.672547084260268,21.0,0,-0.5732458177327366,21.71458187332966,20.5,21.5
394.0,21.238844785825055,21.55502971180304,5.674190516846164,21.0,0,-0.5550297118030407,21.37286865250608,20.5,21.5
395.0,21.23573185497126,21.526382092108218,5.675833436006654,21.0,0,-0.5263820921082178,21.23990589515999,20.5,21.5
396.0,21.232619875287465,21.481795704174335,5.677475840490583,21.0,0,-0.4817957041743348,21.035931824835505,20.5,21.5
397.0,21.229508846480506,21.44742564627146,5.679117729047188,21.0,0,-0.44742564627145853,21.103725067242696,20.5,21.5
398.0,21.22639876825702,21.456764709572695,5.6807591004261,21.0,0,-0.45676470957269544,21.550155342585064,20.5,21.5
399.0,21.223289640323454,21.456814102661504,5.6823999533773435,21.0,0,-0.4568141026615038,21.457308033549587,20.5,21.5
400.0,21.220181462386066,21.406757497177562,5.684040286651338,21.0,0,-0.40675749717756204,20.906191442338145,20.5,21.5
401.0,21.217074234150918,21.434182515469985,5.685680098998897,21.0,0,-0.43418251546998476,21.708432698394212,20.5,21.5
402.0,21.213967955323888,21.503269046731564,5.687319389171233,21.0,0,-0.5032690467315639,22.194134359347355,20.5,21.5
403.0,21.21086262561066,21.460840840275004,5.688958155919954,21.0,0,-0.4608408402750044,21.03655877570941,20.5,21.5
404.0,21.20775824471672,21.46095020872508,5.690596397997069,21.0,0,-0.4609502087250803,21.46204389322584,20.5,21.5
405.0,21.20465481234738,21.45889990238112,5.692234114154986,21.0,0,-0.4588999023811198,21.438396838941514,20.5,21.5
406.0,21.20155232820774,21.511385355807185,5.693871303146512,21.0,0,-0.5113853558071852,22.03623989006784,20.5,21.5
407.0,21.198450792002728,21.533173214390484,5.695507963724856,21.0,0,-0.5331732143904837,21.75105180022347,20.5,21.5
408.0,21.195350203437073,21.54481074640479,5.6971440946436305,21.0,0,-0.5448107464047887,21.661186066547838,20.5,21.5
409.0,21.192250562215314,21.49115400813967,5.69877969465685,21.0,0,-0.49115400813967014,20.954586625488485,20.5,21.5
410.0,21.1891518680418,21.533209191701808,5.7004147625189345,21.0,0,-0.5332091917018076,21.953761027323182,20.5,21.5
411.0,21.186054120620696,21.468052946004683,5.702049296984709,21.0,0,-0.4680529460046827,20.816490489033434,20.5,21.5
412.0,21.18295731965597,21.36958786492969,5.703683296809404,21.0,1,-0.36958786492969153,20.38493705417978,20.5,21.5
413.0,21.1998614648514,21.408522457992483,5.705316760748657,21.0,0,-0.40852245799248266,21.797868388620394,20.5,21.5
414.0,21.196762555910578,21.46617471773492,5.706949687558514,21.0,0,-0.46617471773491914,22.042697315159284,20.5,21.5
415.0,21.19366459333691,21.528181348334783,5.708582075995432,21.0,0,-0.5281813483347833,22.148247654333424,20.5,21.5
416.0,21.19056757683344,21.528064522505932,5.710213924816274,21.0,0,-0.5280645225059324,21.526896264217424,20.5,21.5
417.0,21.187471506103037,21.56476488868413,5.711845232778318,21.0,0,-0.564764888684131,21.931768550466117,20.5,21.5
418.0,21.184376380848374,21.464744074097517,5.71347599863925,21.0,1,-0.46474407409751706,20.464535928231378,20.5,21.5
419.0,21.20128220077193,21.481545137337886,5.715106221157173,21.0,0,-0.4815451373378856,21.64955576974157,20.5,21.5
420.0,21.198184965576008,21.45147903924983,5.716735899090601,21.0,0,-0.45147903924982913,21.150818058369264,20.5,21.5
421.0,21.19508867576271,21.472903072849313,5.718365031198462,21.0,0,-0.4729030728493129,21.68714340884415,20.5,21.5
422.0,21.1919933310338,21.431263782136362,5.719993616240102,21.0,0,-0.4312637821363623,21.014870875006856,20.5,21.5
423.0,21.18889893109084,21.445353354230242,5.7216216529752835,21.0,0,-0.44535335423024236,21.586249075169043,20.5,21.5
424.0,21.185805475635217,21.44211351545024,5.723249140164184,21.0,0,-0.4421135154502416,21.409715127650234,20.5,21.5
425.0,21.182712964368122,21.450733978767445,5.724876076567403,21.0,0,-0.45073397876744536,21.536938611939483,20.5,21.5
426.0,21.179621396990562,21.464748003369778,5.726502460945957,21.0,0,-0.4647480033697775,21.6048882493931,20.5,21.5
427.0,21.176530773203353,21.55457196869694,5.728128292061283,21.0,0,-0.5545719686969406,22.45281162196857,20.5,21.5
428.0,21.173441092707126,21.605391726862198,5.729753568675239,21.0,0,-0.605391726862198,22.113589308514772,20.5,21.5
429.0,21.17035235520232,21.595407815850187,5.731378289550109,21.0,0,-0.5954078158501872,21.49556870573008,20.5,21.5
430.0,21.16726456038919,21.60154268592412,5.733002453448594,21.0,0,-0.6015426859241195,21.662891386663443,20.5,21.5
431.0,21.164177707967802,21.619319369132107,5.734626059133825,21.0,0,-0.6193193691321071,21.797086201211982,20.5,21.5
432.0,21.161091797638036,21.533526333318214,5.736249105369356,21.0,0,-0.5335263333182141,20.675595975179284,20.5,21.5
433.0,21.158006829099584,21.558521056027054,5.737871590919164,21.0,0,-0.5585210560270539,21.808468283115452,20.5,21.5
434.0,21.15492280205195,21.52445420757137,5.739493514547658,21.0,0,-0.5244542075713703,21.183785723014534,20.5,21.5
435.0,21.15183971619445,21.59747860514122,5.741114875019672,21.0,0,-0.5974786051412195,22.327722580839712,20.5,21.5
436.0,21.148757571226213,21.523985662208126,5.742735671100469,21.0,0,-0.5239856622081263,20.789056232877194,20.5,21.5
437.0,21.14567636684619,21.59819755721391,5.7443559015557435,21.0,0,-0.5981975572139113,22.340316507271762,20.5,21.5
438.0,21.14259610275313,21.51011748769455,5.745975565151618,21.0,0,-0.5101174876945507,20.629316792500944,20.5,21.5
439.0,21.13951677864561,21.59406642066719,5.747594660654649,21.0,0,-0.5940664206671897,22.43355575039358,20.5,21.5
440.0,21.13643839422201,21.54178142091005,5.749213186831824,21.0,0,-0.5417814209100484,21.018931423338636,20.5,21.5
441.0,21.133360949180535,21.50599250751068,5.750831142450566,21.0,0,-0.5059925075106797,21.148103373516992,20.5,21.5
442.0,21.13028444321919,21.43925842085743,5.752448526278731,21.0,0,-0.4392584208574313,20.771917554324947,20.5,21.5
443.0,21.1272088760358,21.515763673529353,5.7540653370846115,21.0,0,-0.5157636735293529,22.28081620024857,20.5,21.5
444.0,21.124134247328012,21.416261447210132,5.7556815736369344,21.0,1,-0.4162614472101325,20.421239184017928,20.5,21.5
445.0,21.141060556793274,21.39319953119899,5.757297234704866,21.0,1,-0.39319953119899154,21.162580371087582,20.5,21.5
446.0,21.157983804128857,21.491442266955456,5.75891231905801,21.0,0,-0.4914422669554561,22.473869624520102,20.5,21.5
447.0,21.154903989831844,21.493653267254338,5.7605268254664095,21.0,0,-0.4936532672543379,21.515763270243156,20.5,21.5
448.0,21.15182511439897,21.477817479624683,5.762140752700548,21.0,0,-0.477817479624683,21.319459603328134,20.5,21.5
449.0,21.14874717752663,21.552045357585477,5.763754099531349,21.0,0,-0.5520453575854773,22.29432413719342,20.5,21.5
450.0,21.145670178911033,21.499176461155997,5.765366864730179,21.0,0,-0.49917646115599723,20.970487496861196,20.5,21.5
451.0,21.142594118248198,21.47282641465484,5.766979047068848,21.0,0,-0.47282641465483977,21.209325949643265,20.5,21.5
452.0,21.139518995233963,21.518496896987678,5.768590645319607,21.0,0,-0.5184968969876778,21.975201720316058,20.5,21.5
453.0,21.13644480956398,21.506639117747447,5.770201658255156,21.0,0,-0.5066391177474472,21.38806132534514,20.5,21.5
454.0,21.133371560933718,21.45725515416439,5.771812084648637,21.0,0,-0.45725515416438967,20.963415518333814,20.5,21.5
455.0,21.130299249038462,21.522706777015934,5.7734219232736415,21.0,0,-0.5227067770159337,22.177223005531374,20.5,21.5
456.0,21.127227873573307,21.568048871839352,5.775031172904206,21.0,0,-0.5680488718393519,22.021469820073534,20.5,21.5
457.0,21.124157434233172,21.510738787580568,5.776639832314817,21.0,0,-0.5107387875805678,20.937637944992726,20.5,21.5
458.0,21.12108793071279,21.54023222295219,5.778247900280412,21.0,0,-0.5402322229521914,21.835166576668428,20.5,21.5
459.0,21.118019362706704,21.60489776339105,5.779855375576377,21.0,0,-0.6048977633910511,22.251553167779647,20.5,21.5
460.0,21.11495172990928,21.55914047729684,5.781462256978547,21.0,0,-0.5591404772968396,21.101567616354725,20.5,21.5
461.0,21.111885032014694,21.528637557409958,5.783068543263215,21.0,0,-0.528637557409958,21.223608358541142,20.5,21.5
462.0,21.108819268716942,21.480945042030463,5.784674233207123,21.0,0,-0.48094504203046284,21.00401988823551,20.5,21.5
463.0,21.10575443970984,21.420476896899693,5.786279325587468,21.0,0,-0.42047689689969303,20.815795445591995,20.5,21.5
464.0,21.102690544687018,21.4054838175789,5.787883819181902,21.0,0,-0.40548381757890084,21.25555302437098,20.5,21.5
465.0,21.099627583341917,21.422459436412176,5.789487712768534,21.0,0,-0.42245943641217565,21.592215624744924,20.5,21.5
466.0,21.096565555367803,21.366238542272914,5.79109100512593,21.0,0,-0.36623854227291375,20.804029600880295,20.5,21.5
467.0,21.093504460457755,21.442616672318223,5.792693695033112,21.0,0,-0.44261667231822344,22.20639797277132,20.5,21.5
468.0,21.09044429830467,21.41473295715632,5.794295781269561,21.0,0,-0.4147329571563212,21.1358958055373,20.5,21.5
469.0,21.087385068601264,21.320842094760394,5.79589726261522,21.0,1,-0.32084209476039405,20.381933470801123,20.5,21.5
470.0,21.104326771040068,21.350146774065227,5.797498137850493,21.0,0,-0.35014677406522665,21.643193567113553,20.5,21.5
471.0,21.10126540531343,21.39165342577048,5.79909840575624,21.0,0,-0.39165342577047824,21.806719942822994,20.5,21.5
472.0,21.098204971913518,21.359424495225753,5.80069806511379,21.0,0,-0.3594244952257526,21.037135189778496,20.5,21.5
473.0,21.095145470532156,21.375313512031944,5.802297114704932,21.0,0,-0.3753135120319442,21.53420368009386,20.5,21.5
474.0,21.09208690086099,21.44568628005384,5.8038955533119205,21.0,0,-0.4456862800538417,22.149413960272817,20.5,21.5
475.0,21.08902926259148,21.442249063487385,5.805493379717475,21.0,0,-0.4422490634873846,21.407876897822813,20.5,21.5
476.0,21.085972555414905,21.39339775462185,5.80709059270478,21.0,0,-0.39339775462185145,20.90488466596652,20.5,21.5
477.0,21.082916779022362,21.43380250911362,5.80868719105749,21.0,0,-0.43380250911361884,21.837850054031293,20.5,21.5
478.0,21.07986193310477,21.448783003117953,5.810283173559725,21.0,0,-0.4487830031179527,21.59858794316129,20.5,21.5
479.0,21.07680801735286,21.497709749223702,5.811878538996075,21.0,0,-0.49770974922370215,21.986977210281196,20.5,21.5
480.0,21.07375503145719,21.446950272478915,5.8134732861516,21.0,0,-0.44695027247891517,20.939355505031045,20.5,21.5
481.0,21.070702975108127,21.471560196407175,5.815067413811831,21.0,0,-0.47156019640717517,21.717659435689775,20.5,21.5
482.0,21.06765184799587,21.52958089162497,5.81666092076277,21.0,0,-0.5295808916249705,22.109787843802923,20.5,21.5
483.0,21.064601649810424,21.49331277394907,5.818253805790892,21.0,0,-0.49331277394907147,21.13063159719008,20.5,21.5
484.0,21.06155238024162,21.349914866520443,5.819846067683145,21.0,1,-0.349914866520443,19.91593579223416,20.5,21.5
485.0,21.07850403897911,21.421897189342992,5.821437705226955,21.0,0,-0.42189718934299236,22.141720417568486,20.5,21.5
486.0,21.07545262571236,21.44911851014575,5.823028717210217,21.0,0,-0.44911851014575177,21.721331718173346,20.5,21.5
487.0,21.07240214093066,21.363961898028528,5.82461910242131,21.0,0,-0.36396189802852774,20.512395776856287,20.5,21.5
488.0,21.069352584322957,21.34840703861524,5.826208859649084,21.0,0,-0.3484070386152389,21.19285844448235,20.5,21.5
489.0,21.06630395557802,21.384629019166056,5.827797987682869,21.0,0,-0.38462901916605574,21.746848824674224,20.5,21.5
490.0,21.06325625438444,21.297288456411337,5.829386485312478,21.0,1,-0.29728845641133717,20.42388282886415,20.5,21.5
491.0,21.08020948043063,21.261764743854112,5.830974351328199,21.0,1,-0.26176474385411197,20.90652761828186,20.5,21.5
492.0,21.097159633404807,21.293771240152733,5.8325615845208025,21.0,0,-0.2937712401527328,21.61383620313894,20.5,21.5
493.0,21.094106713795032,21.31720664958725,5.834148183681542,21.0,0,-0.31720664958724853,21.551560743932406,20.5,21.5
494.0,21.09105472208901,21.34248046179382,5.835734147602153,21.0,0,-0.3424804617938193,21.595218583859527,20.5,21.5
495.0,21.088003657974113,21.368122141993698,5.837319475074856,21.0,0,-0.3681221419936982,21.624538943992487,20.5,21.5
496.0,21.084953521137532,21.388354458367864,5.838904164892354,21.0,0,-0.3883544583678642,21.590677622109524,20.5,21.5
497.0,21.081904311266282,21.352626960444727,5.840488215847837,21.0,0,-0.3526269604447272,20.995351981213357,20.5,21.5
498.0,21.0788560280472,21.344860898098,5.842071626734982,21.0,0,-0.34486089809799836,21.26720027463071,20.5,21.5
499.0,21.075808671166936,21.395638764487625,5.843654396347952,21.0,0,-0.39563876448762514,21.903417428383893,20.5,21.5
500.0,21.07276224031197,21.364196010857846,5.8452365234813985,21.0,0,-0.3641960108578459,21.049768474560054,20.5,21.5
501.0,21.069716735168605,21.3451220957805,5.846818006930464,21.0,0,-0.3451220957804999,21.15438294500704,20.5,21.5
502.0,21.066672155422957,21.355793636572184,5.84839884549078,21.0,0,-0.35579363657218366,21.46250904448902,20.5,21.5
503.0,21.06362850076097,21.355389735971052,5.8499790379584695,21.0,0,-0.35538973597105183,21.351350729959734,20.5,21.5
504.0,21.06058577086841,21.349879177003924,5.851558583130146,21.0,0,-0.349879177003924,21.294773587332646,20.5,21.5
505.0,21.057543965430863,21.37380440863469,5.853137479802917,21.0,0,-0.37380440863469033,21.613056724942354,20.5,21.5
506.0,21.05450308413374,21.41600587133768,5.854715726774385,21.0,0,-0.4160058713376813,21.83802049836759,20.5,21.5
507.0,21.051463126662266,21.39389118622927,5.856293322842646,21.0,0,-0.39389118622926844,21.17274433514514,20.5,21.5
508.0,21.048424092701502,21.47583177115194,5.857870266806292,21.0,0,-0.47583177115194175,22.295237620378675,20.5,21.5
509.0,21.045385981936324,21.43665731337832,5.859446557464411,21.0,0,-0.43665731337831915,21.044912735642093,20.5,21.5
510.0,21.042348794051428,21.418957055262638,5.8610221936165905,21.0,0,-0.4189570552626378,21.241954474105825,20.5,21.5
511.0,21.03931252873134,21.418108196686365,5.8625971740629135,21.0,0,-0.4181081966863651,21.409619610923638,20.5,21.5
512.0,21.036277185660406,21.505947452444676,5.864171497603965,21.0,0,-0.5059474524446763,22.38434001002779,20.5,21.5
513.0,21.033242764522797,21.42041686977083,5.8657451630408275,21.0,0,-0.42041686977082904,20.565111043032356,20.5,21.5
514.0,21.0302092650025,21.323336184733712,5.867318169175088,21.0,1,-0.3233361847337122,20.352529334362544,20.5,21.5
515.0,21.047176686783335,21.30650029241574,5.868890514808834,21.0,1,-0.30650029241574117,21.13814136923603,20.5,21.5
516.0,21.06414102954894,21.273611842218955,5.870462198744655,21.0,1,-0.27361184221895485,20.94472734025109,20.5,21.5
517.0,21.081102293782777,21.214421752754895,5.872033219785646,21.0,1,-0.2144217527548946,20.622520858114292,20.5,21.5
518.0,21.098060479967977,21.29091332323575,5.8736035767354045,21.0,0,-0.29091332323574903,22.055829028044293,20.5,21.5
519.0,21.09501558858733,21.347085942915072,5.875173268398037,21.0,0,-0.3470859429150721,21.908812139708303,20.5,21.5
520.0,21.091971620123292,21.37301626196038,5.876742293578155,21.0,0,-0.3730162619603803,21.632319452413462,20.5,21.5
521.0,21.088928574257984,21.376830919087276,5.878310651080877,21.0,0,-0.3768309190872756,21.41497749035623,20.5,21.5
522.0,21.08588645067335,21.35972501282086,5.87987833971183,21.0,0,-0.35972501282086,21.188665950156704,20.5,21.5
523.0,21.082845249051157,21.32111378405253,5.881445358277152,21.0,0,-0.32111378405253177,20.93500149636925,20.5,21.5
524.0,21.079804969073002,21.31371164731916,5.88301170558349,21.0,0,-0.3137116473191597,21.23969027998544,20.5,21.5
525.0,21.076765610420306,21.332649622943784,5.884577380438002,21.0,0,-0.33264962294378364,21.522029379190023,20.5,21.5
526.0,21.07372717277431,21.274605462584915,5.88614238164836,21.0,0,-0.27460546258491547,20.694163858996234,20.5,21.5
527.0,21.070689655816082,21.336937620807287,5.887706708022744,21.0,0,-0.3369376208072872,21.960259203031004,20.5,21.5
528.0,21.067653059226522,21.329684444952083,5.889270358369855,21.0,0,-0.3296844449520826,21.257152686400037,20.5,21.5
529.0,21.06461738268635,21.451331732387768,5.890833331498904,21.0,0,-0.4513317323877679,22.66780460674462,20.5,21.5
530.0,21.061582625876113,21.48893524320004,5.892395626219617,21.0,0,-0.48893524320003934,21.864970351322754,20.5,21.5
531.0,21.05854878847618,21.544083033467867,5.8939572413422425,21.0,0,-0.5440830334678672,22.095560936146146,20.5,21.5
532.0,21.055515870166754,21.474099580986376,5.895518175677539,21.0,0,-0.47409958098637617,20.774265056171465,20.5,21.5
533.0,21.052483870627857,21.514896913077127,5.89707842803679,21.0,0,-0.514896913077127,21.922870233984636,20.5,21.5
534.0,21.049452789539338,21.40278665637536,5.898637997231793,21.0,1,-0.4027866563753584,20.28168408935767,20.5,21.5
535.0,21.066422626580877,21.350554065519113,5.90019688207487,21.0,1,-0.3505540655191126,20.828228156956655,20.5,21.5
536.0,21.083389381431974,21.31244286099684,5.9017550813788615,21.0,1,-0.31244286099683904,20.931330815774103,20.5,21.5
537.0,21.100353054571965,21.35973583873206,5.903312593957131,21.0,0,-0.3597358387320604,21.832665616084274,20.5,21.5
538.0,21.097313646479844,21.292570858296063,5.904869418623566,21.0,0,-0.2925708582960631,20.62092105393609,20.5,21.5
539.0,21.09427515763427,21.325072699668446,5.906425554192575,21.0,0,-0.3250726996684463,21.65009111339228,20.5,21.5
540.0,21.091237587713582,21.32854159985903,5.9079809994790935,21.0,0,-0.32854159985902953,21.36323060176486,20.5,21.5
541.0,21.088200936395936,21.362313389352835,5.9095357532985835,21.0,0,-0.36231338935283475,21.700031284290887,20.5,21.5
542.0,21.085165203359317,21.364910670230127,5.911089814467031,21.0,0,-0.36491067023012747,21.390883479003055,20.5,21.5
543.0,21.082130388281538,21.398248659659718,5.912643181800951,21.0,0,-0.3982486596597177,21.73162855395562,20.5,21.5
544.0,21.079096490840243,21.41282371572771,5.914195854117389,21.0,0,-0.41282371572771126,21.558574276407647,20.5,21.5
545.0,21.0760635107129,21.412967916900374,5.915747830233913,21.0,0,-0.4129679169003744,21.414409928627006,20.5,21.5
546.0,21.073031447576803,21.42743925107238,5.9172991089686295,21.0,0,-0.42743925107237857,21.57215259279242,20.5,21.5
547.0,21.07000030110908,21.325011151249022,5.918849689140171,21.0,1,-0.32501115124902213,20.300730153015458,20.5,21.5
548.0,21.086970070986684,21.3010066898254,5.920399569567703,21.0,1,-0.3010066898253996,21.060962075589174,20.5,21.5
549.0,21.1039367568864,21.233151589953973,5.921948749070925,21.0,1,-0.23315158995397312,20.55460059123971,20.5,21.5
550.0,21.12090035928484,21.204005152580372,5.923497226470068,21.0,1,-0.20400515258037188,20.91254077884436,20.5,21.5
551.0,21.137860878658277,21.17885173989406,5.9250450005859,21.0,1,-0.17885173989406056,20.927317613030947,20.5,21.5
552.0,21.15481831548266,21.33327060322589,5.926592070239724,21.0,0,-0.3332706032258912,22.877459236544198,20.5,21.5
553.0,21.151772670233612,21.347810415780646,5.928138434253378,21.0,0,-0.3478104157806463,21.493208541328197,20.5,21.5
554.0,21.148727943386415,21.37851274495698,5.929684091449239,21.0,0,-0.3785127449569785,21.6855360367203,20.5,21.5
555.0,21.14568413461603,21.44609236063014,5.931229040650223,21.0,0,-0.44609236063013924,22.121888517361747,20.5,21.5
556.0,21.142641243597236,21.427849858597945,5.932773280679783,21.0,0,-0.4278498585979449,21.245424838276,20.5,21.5
557.0,21.139599270004652,21.34086187973343,5.934316810361912,21.0,1,-0.3408618797334313,20.470982091088295,20.5,21.5
558.0,21.156558213512724,21.338253879992713,5.935859628521147,21.0,1,-0.3382538799927133,21.312173882585533,20.5,21.5
559.0,21.173514073795726,21.368371543627138,5.937401733982563,21.0,0,-0.36837154362713775,21.669548179971382,20.5,21.5
560.0,21.170466851327763,21.261786308896905,5.9389431255717815,21.0,1,-0.26178630889690524,20.19593396159458,20.5,21.5
561.0,21.18742054658261,21.34909449094159,5.940483802114964,21.0,0,-0.34909449094158873,22.222176311388424,20.5,21.5
562.0,21.184371159233716,21.365890770655565,5.94202376243882,21.0,0,-0.3658907706555645,21.533853567795322,20.5,21.5
563.0,21.181322689754357,21.404179058381043,5.943563005370601,21.0,0,-0.4041790583810432,21.78706193563583,20.5,21.5
564.0,21.17827513781748,21.492985472510828,5.945101529738108,21.0,0,-0.4929854725108278,22.381049613808674,20.5,21.5
565.0,21.175228503095862,21.550011286308028,5.946639334369687,21.0,0,-0.5500112863080275,22.120269424280025,20.5,21.5
566.0,21.172182785262116,21.512643819312203,5.948176418094232,21.0,0,-0.5126438193122027,21.138969149353954,20.5,21.5
567.0,21.169137983988684,21.4542493410367,5.949712779741189,21.0,0,-0.4542493410367001,20.870304558281674,20.5,21.5
568.0,21.166094098947834,21.44560552559791,5.95124841814055,21.0,0,-0.4456055255979088,21.359167371209995,20.5,21.5
569.0,21.163051129811674,21.344312157626867,5.952783332122861,21.0,1,-0.3443121576268666,20.331378477916445,20.5,21.5
570.0,21.180009076252137,21.31762858011363,5.954317520519217,21.0,1,-0.31762858011363093,21.050792804981274,20.5,21.5
571.0,21.19696393794099,21.335703699652065,5.955850982161267,21.0,0,-0.3357036996520648,21.516454895036404,20.5,21.5
572.0,21.19391571534983,21.42125980383968,5.957383715881214,21.0,0,-0.4212598038396784,22.276820845715815,20.5,21.5
573.0,21.19086840894994,21.44596685119749,5.958915720511813,21.0,0,-0.4459668511974897,21.693037324775602,20.5,21.5
574.0,21.187822018412252,21.49542556795472,5.960446994886378,21.0,0,-0.4954255679547188,21.99001273552701,20.5,21.5
575.0,21.184776543407548,21.655003575600404,5.961977537838775,21.0,0,-0.6550035756004036,23.25078365205725,20.5,21.5
576.0,21.181731983606433,21.68663174303463,5.96350734820343,21.0,0,-0.6866317430346314,22.00291341737691,20.5,21.5
577.0,21.17868833867935,21.618244009066434,5.9650364248153265,21.0,0,-0.6182440090664336,20.934366669384456,20.5,21.5
578.0,21.175645608296577,21.661413495364748,5.966564766510005,21.0,0,-0.6614134953647479,22.09310835834789,20.5,21.5
579.0,21.17260379212822,21.65709088846781,5.968092372123566,21.0,0,-0.6570908884678097,21.613864819498428,20.5,21.5
580.0,21.16956288984422,21.564807236935593,5.969619240492674,21.0,0,-0.564807236935593,20.641970721613426,20.5,21.5
581.0,21.166522901114348,21.516044667914638,5.9711453704545505,21.0,0,-0.5160446679146382,21.02841897770509,20.5,21.5
582.0,21.163483825608218,21.537976500473633,5.972670760846981,21.0,0,-0.5379765004736328,21.75729482606358,20.5,21.5
583.0,21.160445662995265,21.47782570882335,5.974195410508315,21.0,0,-0.4778257088233495,20.876317792320517,20.5,21.5
584.0,21.15740841294477,21.45858417672454,5.9757193182774655,21.0,0,-0.4585841767245391,21.266168855736435,20.5,21.5
585.0,21.154372075125835,21.477274222550697,5.97724248299391,21.0,0,-0.4772742225506974,21.66417468081228,20.5,21.5
586.0,21.15133664920741,21.41418718506406,5.978764903497693,21.0,0,-0.4141871850640584,20.783316810197668,20.5,21.5
587.0,21.148302134858266,21.399434394993346,5.980286578629424,21.0,0,-0.3994343949933459,21.25190649428622,20.5,21.5
588.0,21.14526853174702,21.44501862270729,5.981807507230282,21.0,0,-0.4450186227072912,21.900860899846744,20.5,21.5
589.0,21.142235839542117,21.522990838078584,5.983327688142013,21.0,0,-0.5229908380785844,22.302712991791516,20.5,21.5
590.0,21.139204057911837,21.368554434701846,5.984847120206934,21.0,1,-0.3685544347018457,19.82419040093446,20.5,21.5
591.0,21.156173186524295,21.368475373897866,5.986365802267931,21.0,1,-0.36847537389786567,21.367684765858066,20.5,21.5
592.0,21.173139225047443,21.37302734690156,5.987883733168462,21.0,1,-0.3730273469015586,21.418547076938488,20.5,21.5
593.0,21.190102173949068,21.34753384574443,5.989400911752556,21.0,1,-0.34753384574442947,21.09259883417314,20.5,21.5
594.0,21.20706203369663,21.267889140337196,5.990917336864815,21.0,1,-0.26788914033719635,20.471442086264865,20.5,21.5
595.0,21.224018804757264,21.391880921450188,5.992433007350416,21.0,0,-0.3918809214501877,22.6317987325801,20.5,21.5
596.0,21.220972487597784,21.509440176372173,5.993947922055111,21.0,0,-0.5094401763721734,22.68503272559203,20.5,21.5
597.0,21.217927082684675,21.563103622221366,5.9954620798252245,21.0,0,-0.5631036222213659,22.09973808071329,20.5,21.5
598.0,21.214882589684102,21.485422349438384,5.99697547950766,21.0,0,-0.4854223494383838,20.708609621608563,20.5,21.5
599.0,21.211839008262068,21.54188197408514,5.9984881199499,21.0,0,-0.5418819740851397,22.1064782205527,20.5,21.5
600.0,21.208796338084404,21.574333108303758,6.0,21.0,0,-0.5743331083037582,21.898844450489943,20.5,21.5
601.0,21.205754578816787,21.530564209193603,6.001511118506599,21.0,0,-0.5305642091936029,21.09287521809205,20.5,21.5
602.0,21.202713730124724,21.509857122941895,6.003021474318914,21.0,0,-0.5098571229418951,21.302786260424817,20.5,21.5
603.0,21.199673791673565,21.515800973608197,6.004531066286745,21.0,0,-0.5158009736081972,21.575239480271218,20.5,21.5
604.0,21.196634763128486,21.4059262758636,6.0060398932604695,21.0,1,-0.40592627586359953,20.307179298417623,20.5,21.5
605.0,21.213596644154514,21.36327394715809,6.007547954091052,21.0,1,-0.36327394715808836,20.936750660102977,20.5,21.5
606.0,21.2305554344165,21.37834707216077,6.009055247630038,21.0,0,-0.37834707216077135,21.5290783221876,20.5,21.5
607.0,21.227511134379146,21.46435208400114,6.010561772729559,21.0,0,-0.46435208400113837,22.32440220240481,20.5,21.5
608.0,21.224467744506814,21.488967263698395,6.012067528242327,21.0,0,-0.48896726369839527,21.735119060670964,20.5,21.5
609.0,21.221425264463562,21.554388620709524,6.013572513021648,21.0,0,-0.5543886207095241,22.208602190820812,20.5,21.5
610.0,21.218383693913275,21.602770301743067,6.015076725921408,21.0,0,-0.6027703017430674,22.0865871120785,20.5,21.5
611.0,21.215343032519677,21.613934919672147,6.016580165796085,21.0,0,-0.6139349196721469,21.72558109896294,20.5,21.5
612.0,21.212303279946333,21.48678486645527,6.018082831500743,21.0,1,-0.4867848664552703,20.215284334286505,20.5,21.5
613.0,21.229264435856646,21.493775057751574,6.019584721891037,21.0,0,-0.4937750577515736,21.563676970714607,20.5,21.5
614.0,21.226222499913852,21.483746769030432,6.021085835823211,21.0,0,-0.48374676903043223,21.38346388181902,20.5,21.5
615.0,21.223181472581036,21.432868710655633,6.022586172154104,21.0,0,-0.43286871065563304,20.92408812690764,20.5,21.5
616.0,21.22014135352095,21.430458988163902,6.024085729741143,21.0,0,-0.4304589881639025,21.406361763246597,20.5,21.5
617.0,21.217102142396197,21.506677926830715,6.02558450744235,21.0,0,-0.5066779268307151,22.26886731349884,20.5,21.5
618.0,21.214063838869205,21.48051360727129,6.02708250411634,21.0,0,-0.4805136072712912,21.218870411677052,20.5,21.5
619.0,21.211026442602254,21.483982673931358,6.028579718622325,21.0,0,-0.48398267393135797,21.518673340532025,20.5,21.5
620.0,21.207989953257457,21.47899483897569,6.0300761498201085,21.0,0,-0.47899483897569084,21.42911648941902,20.5,21.5
621.0,21.20495437049677,21.456965109115096,6.031571796570095,21.0,0,-0.4569651091150959,21.236667810509147,20.5,21.5
622.0,21.20191969398198,21.408281629306334,6.033066657733284,21.0,0,-0.4082816293063338,20.921446831218713,20.5,21.5
623.0,21.198885923374732,21.44574959411997,6.034560732171273,21.0,0,-0.4457495941199703,21.820429242256335,20.5,21.5
624.0,21.195853058336493,21.413295480166916,6.036054018746261,21.0,0,-0.41329548016691575,21.08875434063637,20.5,21.5
625.0,21.192821098528576,21.49896058004204,6.037546516321043,21.0,0,-0.49896058004204136,22.355611578793297,20.5,21.5
626.0,21.189790043612135,21.502134184485417,6.039038223759019,21.0,0,-0.502134184485417,21.533870228919174,20.5,21.5
627.0,21.186759893248166,21.53595192124585,6.040529139924188,21.0,0,-0.5359519212458501,21.87412928885018,20.5,21.5
628.0,21.1837306470975,21.52002416810316,6.042019263681153,21.0,0,-0.5200241681031592,21.36074663667625,20.5,21.5
629.0,21.18070230482082,21.49235643521812,6.043508593895119,21.0,0,-0.4923564352181202,21.21567910636773,20.5,21.5
630.0,21.177674866078632,21.45235373470871,6.044997129431898,21.0,0,-0.45235373470870854,21.05232672961459,20.5,21.5
631.0,21.1746483305313,21.421647011904724,6.046484869157903,21.0,0,-0.4216470119047244,21.114579783864883,20.5,21.5
632.0,21.171622697839027,21.44004512343053,6.047971811940158,21.0,0,-0.4400451234305294,21.62402623868858,20.5,21.5
633.0,21.168597967661846,21.477250984720644,6.04945795664629,21.0,0,-0.4772509847206443,21.849309597621794,20.5,21.5
634.0,21.165574139659643,21.555252629044645,6.050943302144535,21.0,0,-0.5552526290446451,22.335269072284653,20.5,21.5
635.0,21.16255121349214,21.54421190620747,6.052427847303739,21.0,0,-0.5442119062074688,21.433804677835706,20.5,21.5
636.0,21.1595291888189,21.549044292844847,6.053911590993355,21.0,0,-0.5490442928448473,21.597368159218632,20.5,21.5
637.0,21.156508065299334,21.433341357573713,6.055394532083448,21.0,1,-0.4333413575737133,20.276312004862373,20.5,21.5
638.0,21.173487842592692,21.416727153462,6.056876669444694,21.0,1,-0.4167271534619985,21.25058511234485,20.5,21.5
639.0,21.190464520358063,21.40615649638847,6.058358001948381,21.0,1,-0.4061564963884692,21.300449925653176,20.5,21.5
640.0,21.207438099054382,21.36138932815732,6.059838528466409,21.0,1,-0.36138932815731906,20.913717645845818,20.5,21.5
641.0,21.224408579140263,21.40021071883509,6.061318247871295,21.0,0,-0.4002107188350905,21.788424625612805,20.5,21.5
642.0,21.22137596107401,21.45468950154234,6.062797159036165,21.0,0,-0.4546895015423402,21.999477328614837,20.5,21.5
643.0,21.218344245313602,21.45248980030545,6.064275260834767,21.0,0,-0.4524898003054503,21.43049278793655,20.5,21.5
644.0,21.215313431516705,21.472809078578223,6.0657525521414595,21.0,0,-0.47280907857822285,21.67600186130595,20.5,21.5
645.0,21.21228351934083,21.46437967622399,6.067229031831223,21.0,0,-0.46437967622399157,21.38008565268168,20.5,21.5
646.0,21.209254508443326,21.492092809833995,6.068704698779653,21.0,0,-0.49209280983399495,21.76922414593403,20.5,21.5
647.0,21.206226398481395,21.49351797290178,6.070179551862964,21.0,0,-0.4935179729017811,21.507769603579643,20.5,21.5
648.0,21.20319918911207,21.533975776280037,6.071653589957993,21.0,0,-0.5339757762800375,21.9385538100626,20.5,21.5
649.0,21.200172879992238,21.53331624506969,6.0731268119421955,21.0,0,-0.5333162450696918,21.526720932966235,20.5,21.5
650.0,21.197147470778628,21.526407013875108,6.074599216693647,21.0,0,-0.526407013875108,21.45731470192927,20.5,21.5
651.0,21.19412296112781,21.520105610480808,6.07607080309105,21.0,0,-0.5201056104808082,21.45709157653781,20.5,21.5
652.0,21.191099350696202,21.50477290749121,6.077541570013726,21.0,0,-0.5047729074912084,21.35144587759521,20.5,21.5
653.0,21.188076639140064,21.434710336933215,6.079011516341622,21.0,0,-0.4347103369332146,20.734084631353277,20.5,21.5
654.0,21.185054826115504,21.358096134787107,6.08048064095531,21.0,0,-0.35809613478710745,20.591954113326036,20.5,21.5
655.0,21.182033911278474,21.435213720404036,6.081948942735988,21.0,0,-0.43521372040403605,22.206389576573322,20.5,21.5
656.0,21.179013894284765,21.3078409910883,6.083416420565479,21.0,1,-0.30784099108830176,20.03411369793096,20.5,21.5
657.0,21.19599477479002,21.330581734842045,6.084883073326237,21.0,0,-0.33058173484204545,21.557989172379482,20.5,21.5
658.0,21.192972552449728,21.38047393727887,6.086348899901341,21.0,0,-0.3804739372788717,21.879395961647134,20.5,21.5
659.0,21.189951227719217,21.436917771303815,6.087813899174501,21.0,0,-0.4369177713038148,22.001356111553246,20.5,21.5
660.0,21.186930800253506,21.368788848593493,6.089278070030054,21.0,0,-0.3687888485934927,20.68749962149027,20.5,21.5
661.0,21.183911269707462,21.46240366192744,6.0907414113529725,21.0,0,-0.4624036619274392,22.398551795266904,20.5,21.5
662.0,21.18089263573579,21.43178042764894,6.092203922028858,21.0,0,-0.4317804276489383,21.12554808486393,20.5,21.5
663.0,21.17787489799305,21.512689356866552,6.093665600943945,21.0,0,-0.5126893568665523,22.32177864904269,20.5,21.5
664.0,21.17485805613364,21.408605742436357,6.0951264469851,21.0,1,-0.4086057424363574,20.36776959813441,20.5,21.5
665.0,21.191842109811812,21.43780704041442,6.096586459039828,21.0,0,-0.43780704041441965,21.729820020195042,20.5,21.5
666.0,21.18882305868166,21.418973850783953,6.098045635996264,21.0,0,-0.4189738507839529,21.230641954479285,20.5,21.5
667.0,21.185804903197123,21.457232532095393,6.099503976743181,21.0,0,-0.45723253209539294,21.839819345209794,20.5,21.5
668.0,21.18278764301183,21.303343179923864,6.100961480169991,21.0,1,-0.30334317992386417,19.764449658208576,20.5,21.5
669.0,21.199771277779263,21.402242989952803,6.102418145166741,21.0,0,-0.4022429899528035,22.391241090242197,20.5,21.5
670.0,21.19675180715274,21.50333959494372,6.103873970624116,21.0,0,-0.5033395949437214,22.5143056448529,20.5,21.5
671.0,21.193733231585433,21.545879337796645,6.105328955433444,21.0,0,-0.5458793377966451,21.971276766325882,20.5,21.5
672.0,21.190715550730204,21.540416772587868,6.106783098486688,21.0,0,-0.5404167725878679,21.485791120500096,20.5,21.5
673.0,21.187698764239755,21.600855403613522,6.108236398676457,21.0,0,-0.6008554036135223,22.205241713870066,20.5,21.5
674.0,21.184682871766643,21.5695347688293,6.109688854895999,21.0,0,-0.5695347688292998,21.256328420987074,20.5,21.5
675.0,21.18166787296327,21.429546697148577,6.111140466039204,21.0,1,-0.4295466971485773,20.029665980341353,20.5,21.5
676.0,21.198653767481886,21.399864310581354,6.11259123100061,21.0,1,-0.3998643105813535,21.103040444909116,20.5,21.5
677.0,21.21563655497459,21.360318622508267,6.114041148675393,21.0,1,-0.36031862250826663,20.964861741777398,20.5,21.5
678.0,21.23261623589333,21.367350573074905,6.11549021795938,21.0,1,-0.36735057307490493,21.437670078741288,20.5,21.5
679.0,21.249592810689744,21.402749311664316,6.116938437749042,21.0,0,-0.4027493116643157,21.756736697558424,20.5,21.5
680.0,21.246566279815156,21.422337147664983,6.118385806941494,21.0,0,-0.4223371476649831,21.618215507671657,20.5,21.5
681.0,21.243540643720582,21.466046281675208,6.119832324434503,21.0,0,-0.466046281675208,21.903137621777457,20.5,21.5
682.0,21.240515902056725,21.42684759664714,6.121277989126483,21.0,0,-0.4268475966471392,21.03486074636645,20.5,21.5
683.0,21.23749205447414,21.43734971670322,6.122722799916498,21.0,0,-0.43734971670322054,21.542370917264034,20.5,21.5
684.0,21.234469100623226,21.460698456567734,6.124166755704261,21.0,0,-0.46069845656773367,21.694185855212865,20.5,21.5
685.0,21.231447040154244,21.48638687661209,6.125609855390137,21.0,0,-0.4863868766120909,21.743271077055663,20.5,21.5
686.0,21.228425872717292,21.513244215621786,6.1270520978751435,21.0,0,-0.5132442156217856,21.781817605718732,20.5,21.5
687.0,21.22540559796232,21.63749209308402,6.128493482060948,21.0,0,-0.6374920930840204,22.87997086770637,20.5,21.5
688.0,21.222386215539142,21.66698376906083,6.129934006849876,21.0,0,-0.6669837690608311,21.961900528828938,20.5,21.5
689.0,21.219367725097406,21.596073391311727,6.131373671144904,21.0,0,-0.5960733913117267,20.886969613820682,20.5,21.5
690.0,21.216350126286617,21.707294780081284,6.132812473849666,21.0,0,-0.7072947800812841,22.81950866777686,20.5,21.5
691.0,21.21333341875613,21.631535292125882,6.1342504138684495,21.0,0,-0.6315352921258821,20.873940412571862,20.5,21.5
692.0,21.21031760215515,21.589240831952395,6.135687490106203,21.0,0,-0.5892408319523952,21.166296230217526,20.5,21.5
693.0,21.20730267613274,21.54120437453127,6.137123701468528,21.0,0,-0.5412043745312687,21.060839800320004,20.5,21.5
694.0,21.204288640337808,21.566637151031383,6.138559046861689,21.0,0,-0.566637151031383,21.820964916032526,20.5,21.5
695.0,21.20127549441911,21.414328747083204,6.139993525192606,21.0,1,-0.41432874708320355,19.89124470760141,20.5,21.5
696.0,21.218263238025266,21.383572466830564,6.141427135368863,21.0,1,-0.38357246683056445,21.076009664304173,20.5,21.5
697.0,21.235247870804734,21.473912333193994,6.1428598762987034,21.0,0,-0.4739123331939936,22.377310996828285,20.5,21.5
698.0,21.232229393205834,21.504094840947694,6.1442917468910325,21.0,0,-0.504094840947694,21.805919918484697,20.5,21.5
699.0,21.22921180567657,21.55746866143271,6.145722746055418,21.0,0,-0.5574686614327113,22.091206866282885,20.5,21.5
700.0,21.226195107864648,21.65871874167988,6.147152872702092,21.0,0,-0.6587187416798805,22.671219544151572,20.5,21.5
701.0,21.223179299417616,21.686279637501137,6.148582125741951,21.0,0,-0.6862796375011371,21.961888595713702,20.5,21.5
702.0,21.22016437998288,21.63080805659525,6.150010504086557,21.0,0,-0.6308080565952494,21.076092247536373,20.5,21.5
703.0,21.2171503492077,21.624968187802036,6.151438006648137,21.0,0,-0.6249681878020361,21.566569499869903,20.5,21.5
704.0,21.21413720673919,21.61914307070579,6.152864632339586,21.0,0,-0.619143070705789,21.560891899743318,20.5,21.5
705.0,21.21112495222431,21.555425010951264,6.1542903800744675,21.0,0,-0.5554250109512644,20.91824441340602,20.5,21.5
706.0,21.20811358530988,21.577436826166302,6.15571524876701,21.0,0,-0.5774368261663021,21.79755497831668,20.5,21.5
707.0,21.20510310564257,21.597824328776404,6.157139237332117,21.0,0,-0.5978243287764045,21.801699354877428,20.5,21.5
708.0,21.20209351286891,21.562715480959174,6.1585623446853575,21.0,0,-0.5627154809591737,21.211627002786866,20.5,21.5
709.0,21.199084806635273,21.53855773928003,6.159984569742974,21.0,0,-0.53855773928003,21.296980322488594,20.5,21.5
710.0,21.196076986587894,21.514960388820498,6.1614059114218795,21.0,0,-0.5149603888204979,21.278986884225176,20.5,21.5
711.0,21.19307005237286,21.504231045635677,6.162826368639661,21.0,0,-0.5042310456356773,21.396937613787472,20.5,21.5
712.0,21.190064003636113,21.41027717055069,6.164245940314579,21.0,1,-0.4102771705506889,20.470738419700805,20.5,21.5
713.0,21.20705884002345,21.42468075182127,6.165664625365567,21.0,0,-0.4246807518212705,21.568716564527087,20.5,21.5
714.0,21.20405056118052,21.4581516630799,6.167082422712235,21.0,0,-0.4581516630798994,21.79286077566619,20.5,21.5
715.0,21.201043167552825,21.458441339786184,6.168499331274869,21.0,0,-0.45844133978618373,21.461338106849027,20.5,21.5
716.0,21.19803665878557,21.423158064371925,6.169915349974431,21.0,0,-0.4231580643719255,21.070325310229343,20.5,21.5
717.0,21.195031034523804,21.441669323287122,6.171330477732561,21.0,0,-0.4416693232871225,21.626781912439093,20.5,21.5
718.0,21.192026294412447,21.44452467248501,6.1727447134715785,21.0,0,-0.4445246724850094,21.473078164463878,20.5,21.5
719.0,21.18902243809626,21.47567730386565,6.17415805611448,21.0,0,-0.4756773038656483,21.787203617672038,20.5,21.5
720.0,21.186019465219864,21.55524712582802,6.175570504584947,21.0,0,-0.5552471258280214,22.350945345451752,20.5,21.5
721.0,21.183017375427738,21.630835650151873,6.176982057807334,21.0,0,-0.630835650151873,22.38672089339039,20.5,21.5
722.0,21.180016168364215,21.75585929878722,6.178392714706684,21.0,0,-0.7558592987872217,23.006095785140708,20.5,21.5
723.0,21.177015843673484,21.735787712215377,6.179802474208721,21.0,0,-0.7357877122153766,21.535071846496926,20.5,21.5
724.0,21.17401640099959,21.713105331910356,6.181211335239851,21.0,0,-0.7131053319103557,21.486281528860147,20.5,21.5
725.0,21.17101783998644,21.677988535691313,6.1826192967271645,21.0,0,-0.6779885356913127,21.326820573500882,20.5,21.5
726.0,21.168020160277788,21.689620590633556,6.184026357598439,21.0,0,-0.689620590633556,21.80594114005599,20.5,21.5
727.0,21.165023361517253,21.601625106726765,6.185432516782136,21.0,0,-0.6016251067267646,20.72167026765885,20.5,21.5
728.0,21.162027443348308,21.63439361353183,6.186837773207403,21.0,0,-0.6343936135318309,21.962078681582494,20.5,21.5
729.0,21.15903240541428,21.655493496803434,6.188242125804077,21.0,0,-0.6554934968034338,21.866492329519463,20.5,21.5
730.0,21.156038247358357,21.624343909789197,6.189645573502682,21.0,0,-0.6243439097891965,21.312848039646823,20.5,21.5
731.0,21.153044968823586,21.546445471613673,6.191048115234433,21.0,0,-0.5464454716136729,20.767461089858436,20.5,21.5
732.0,21.150052569452868,21.523272687734426,6.192449749931232,21.0,0,-0.5232726877344263,21.29154484894196,20.5,21.5
733.0,21.147061048888965,21.56198048173506,6.1938504765256726,21.0,0,-0.5619804817350591,21.949058421741388,20.5,21.5
734.0,21.144070406774492,21.518477458492463,6.195250293951043,21.0,0,-0.5184774584924625,21.083447226066497,20.5,21.5
735.0,21.141080642751927,21.554489842038862,6.196649201141318,21.0,0,-0.554489842038862,21.914613677502857,20.5,21.5
736.0,21.138091756463606,21.53080450643011,6.198047197031172,21.0,0,-0.5308045064301083,21.293951150342572,20.5,21.5
737.0,21.13510374755172,21.560491314375835,6.199444280555968,21.0,0,-0.5604913143758345,21.857359393833097,20.5,21.5
738.0,21.132116615658322,21.40414844848207,6.200840450651768,21.0,1,-0.40414844848206855,19.84071978954441,20.5,21.5
739.0,21.14913036042532,21.293552862527356,6.202235706255326,21.0,1,-0.29355286252735624,20.187597002980233,20.5,21.5
740.0,21.166140981494486,21.20567847557995,6.203630046304096,21.0,1,-0.20567847557995123,20.3269346061059,20.5,21.5
741.0,21.183148479307448,21.27632517492573,6.2050234697362265,21.0,0,-0.2763251749257307,21.982792168383526,20.5,21.5
742.0,21.180152854305533,21.213158357123252,6.206415975490565,21.0,0,-0.21315835712325182,20.581490179098463,20.5,21.5
743.0,21.17715810692977,21.229684585012702,6.207807562506657,21.0,0,-0.22968458501270206,21.394946863907204,20.5,21.5
744.0,21.174164236820886,21.285787122029493,6.209198229724749,21.0,0,-0.2857871220294932,21.846812492197405,20.5,21.5
745.0,21.171171243619465,21.266959228066046,6.2105879760857885,21.0,0,-0.266959228066046,21.078680288431574,20.5,21.5
746.0,21.16817912696596,21.26921818812621,6.211976800531422,21.0,0,-0.2692181881262101,21.29180778872785,20.5,21.5
747.0,21.16518788650067,21.331779331883062,6.213364702003999,21.0,0,-0.3317793318830624,21.957390769451585,20.5,21.5
748.0,21.16219752186377,21.479914236576967,6.214751679446573,21.0,0,-0.47991423657696686,22.96126328351601,20.5,21.5
749.0,21.159208032695286,21.500185374391904,6.216137731802901,21.0,0,-0.5001853743919042,21.702896752541278,20.5,21.5
750.0,21.156219418635107,21.524299332942356,6.217522858017441,21.0,0,-0.5242993329423555,21.76543891844687,20.5,21.5
751.0,21.153231679322985,21.448154885681372,6.218907057035362,21.0,0,-0.4481548856813724,20.68671041307154,20.5,21.5
752.0,21.150244814398526,21.4756231792172,6.220290327802536,21.0,0,-0.47562317921720165,21.750306114575494,20.5,21.5
753.0,21.147258823501208,21.449749516343115,6.22167266926554,21.0,0,-0.44974951634311466,21.191012887602245,20.5,21.5
754.0,21.14427370627036,21.444697618380538,6.2230540803716625,21.0,0,-0.44469761838053756,21.394178638754767,20.5,21.5
755.0,21.14128946234518,21.44784273093719,6.224434560068898,21.0,0,-0.4478427309371895,21.47929385650371,20.5,21.5
756.0,21.138306091364726,21.534724977518604,6.225814107305953,21.0,0,-0.5347249775186036,22.403547443332744,20.5,21.5
757.0,21.135323592967914,21.51614451757846,6.227192721032241,21.0,0,-0.5161445175784607,21.33033991817703,20.5,21.5
758.0,21.132341966793526,21.459358536610342,6.228570400197887,21.0,0,-0.45935853661034187,20.891498726929154,20.5,21.5
759.0,21.129361212480205,21.470477006194095,6.229947143753728,21.0,0,-0.4704770061940948,21.581661702031624,20.5,21.5
760.0,21.12638132966646,21.51428825080463,6.231322950651316,21.0,0,-0.5142882508046291,21.952400696909972,20.5,21.5
761.0,21.12340231799066,21.4751284511141,6.2326978198429135,21.0,0,-0.47512845111409874,21.083530454208795,20.5,21.5
762.0,21.12042417709103,21.426473930494048,6.2340717502814975,21.0,0,-0.4264739304940477,20.939928724293537,20.5,21.5
763.0,21.117446906605668,21.40598613877365,6.23544474092076,21.0,0,-0.405986138773649,21.201108221569662,20.5,21.5
764.0,21.11447050617253,21.407087329738665,6.236816790715109,21.0,0,-0.40708732973866546,21.41809923938883,20.5,21.5
765.0,21.111494975429437,21.437852423119885,6.2381878986196675,21.0,0,-0.43785242311988526,21.745503356932083,20.5,21.5
766.0,21.108520314014076,21.428419301651214,6.23955806359028,21.0,0,-0.4284193016512141,21.334088086964503,20.5,21.5
767.0,21.10554652156399,21.38087088932874,6.240927284583504,21.0,0,-0.38087088932874025,20.905386766104,20.5,21.5
768.0,21.102573597716596,21.381361496343107,6.24229556055662,21.0,0,-0.3813614963431071,21.386267566486776,20.5,21.5
769.0,21.099601542109163,21.376666434955375,6.2436628904676255,21.0,0,-0.376666434955375,21.329715821078054,20.5,21.5
770.0,21.096630354378835,21.273215881208607,6.2450292732752395,21.0,1,-0.27321588120860696,20.238710343740927,20.5,21.5
771.0,21.113660034162613,21.264578993727376,6.246394707938901,21.0,1,-0.26457899372737614,21.178210118915068,20.5,21.5
772.0,21.13068658109737,21.324076410391243,6.247759193418772,21.0,0,-0.3240764103912426,21.919050577029907,20.5,21.5
773.0,21.12770999561983,21.37408504416381,6.249122728675739,21.0,0,-0.3740850441638095,21.87417138188948,20.5,21.5
774.0,21.124734278166443,21.33048239042369,6.25048531267141,21.0,0,-0.33048239042368976,20.894455853022492,20.5,21.5
775.0,21.121759428373345,21.41060752981933,6.251846944368118,21.0,0,-0.41060752981933035,22.211858923775736,20.5,21.5
776.0,21.118785445876544,21.36055367125567,6.253207622728921,21.0,0,-0.3605536712556692,20.860015085619057,20.5,21.5
777.0,21.115812330311915,21.317662484051077,6.254567346717603,21.0,0,-0.3176624840510769,20.888750612005154,20.5,21.5
778.0,21.112840081315195,21.333710790846844,6.255926115298676,21.0,0,-0.33371079084684396,21.494193858804515,20.5,21.5
779.0,21.109868698521993,21.411504626050974,6.257283927437378,21.0,0,-0.4115046260509736,22.18944297809227,20.5,21.5
780.0,21.106898181567775,21.393791466944702,6.258640782099675,21.0,0,-0.3937914669447018,21.216659875881984,20.5,21.5
781.0,21.10392853008788,21.431223949308183,6.259996678252264,21.0,0,-0.4312239493081833,21.805548772943,20.5,21.5
782.0,21.100959743717514,21.456204580274118,6.261351614862573,21.0,0,-0.45620458027411814,21.706010889933467,20.5,21.5
783.0,21.097991822091743,21.386889518708784,6.262705590898755,21.0,0,-0.3868895187087844,20.693738903055447,20.5,21.5
784.0,21.095024764845505,21.325788475609908,6.264058605329701,21.0,0,-0.3257884756099081,20.714778044621145,20.5,21.5
785.0,21.092058571613602,21.409475908732567,6.265410657125032,21.0,0,-0.409475908732567,22.246350239959156,20.5,21.5
786.0,21.089093242030703,21.49898807106586,6.2667617452551,21.0,0,-0.49898807106585963,22.394109694398786,20.5,21.5
787.0,21.086128775731346,21.45323430338776,6.268111868690994,21.0,0,-0.4532343033877595,20.995696626606758,20.5,21.5
788.0,21.08316517234994,21.42963845028639,6.269461026404535,21.0,0,-0.42963845028639014,21.193679919272697,20.5,21.5
789.0,21.08020243152075,21.47858247774159,6.2708092173682815,21.0,0,-0.4785824777415897,21.968022752293585,20.5,21.5
790.0,21.077240552877917,21.34273816543909,6.272156440555528,21.0,1,-0.34273816543909064,19.9842950424141,20.5,21.5
791.0,21.094279536055453,21.27579322614406,6.273502694940304,21.0,1,-0.2757932261440601,20.606343833193755,20.5,21.5
792.0,21.11131538068723,21.30487024531077,6.2748479794973795,21.0,0,-0.3048702453107701,21.59564043697787,20.5,21.5
793.0,21.10834808720699,21.366395861822546,6.276192293202261,21.0,0,-0.36639586182254646,21.98165202694031,20.5,21.5
794.0,21.10538165604819,21.337532804493645,6.277535635031195,21.0,0,-0.33753280449364453,21.048902231204625,20.5,21.5
795.0,21.102416086843988,21.359164419102193,6.27887800396117,21.0,0,-0.35916441910219277,21.575480565187675,20.5,21.5
796.0,21.09945137922741,21.330137388054293,6.280219398969911,21.0,0,-0.33013738805429327,21.0398670775753,20.5,21.5
797.0,21.096487532831357,21.308536486563163,6.2815598190358894,21.0,0,-0.30853648656316324,21.092527471651863,20.5,21.5
798.0,21.0935245472886,21.27005424668922,6.282899263138315,21.0,0,-0.2700542466892202,20.88523184794979,20.5,21.5
799.0,21.09056242223177,21.29175310207151,6.2842377302571455,21.0,0,-0.2917531020715103,21.50874165589441,20.5,21.5
800.0,21.087601157293374,21.346715420380384,6.2855752193730785,21.0,0,-0.3467154203803844,21.896338603469125,20.5,21.5
801.0,21.08464075210579,21.26897876473784,6.286911729467558,21.0,1,-0.26897876473784166,20.491612208312414,20.5,21.5
802.0,21.101681206301265,21.35284889598198,6.288247259522773,21.0,0,-0.35284889598198177,22.191550208423383,20.5,21.5
803.0,21.09871851951191,21.42048305709086,6.28958180852166,21.0,0,-0.4204830570908591,22.096824668179632,20.5,21.5
804.0,21.09575669216971,21.361160875164135,6.290915375447901,21.0,0,-0.36116087516413486,20.767939055896893,20.5,21.5
805.0,21.092795723906367,21.363656419032928,6.292247959285928,21.0,0,-0.3636564190329281,21.38861185772086,20.5,21.5
806.0,21.089835614353444,21.449088412845917,6.293579559020919,21.0,0,-0.44908841284591716,22.303408350975808,20.5,21.5
807.0,21.086876363142377,21.40671409774459,6.2949101736388045,21.0,0,-0.4067140977445902,20.98297094673132,20.5,21.5
808.0,21.083917969904476,21.39243226863102,6.296239802126262,21.0,0,-0.3924322686310191,21.249613977495308,20.5,21.5
809.0,21.08096043427092,21.48227126233306,6.297568443470722,21.0,0,-0.48227126233306095,22.38066119935348,20.5,21.5
810.0,21.07800375587276,21.525476513522513,6.298896096660367,21.0,0,-0.5254765135225128,21.95752902541703,20.5,21.5
811.0,21.07504793434092,21.501672987655688,6.3002227606841315,21.0,0,-0.501672987655688,21.26363772898744,20.5,21.5
812.0,21.072092969306187,21.50612917366134,6.301548434531702,21.0,0,-0.5061291736613391,21.55069103371785,20.5,21.5
813.0,21.06913886039923,21.473239492531103,6.302873117193521,21.0,0,-0.4732394925311034,21.144342681228746,20.5,21.5
814.0,21.066185607250592,21.40073637553867,6.304196807660785,21.0,0,-0.4007363755386706,20.675705205614342,20.5,21.5
815.0,21.063233209490672,21.358564442008795,6.305519504925445,21.0,0,-0.3585644420087952,20.93684510671004,20.5,21.5
816.0,21.06028166674976,21.41054774112896,6.306841207980211,21.0,0,-0.4105477411289584,21.93038073233059,20.5,21.5
817.0,21.057330978658005,21.497013075878293,6.308161915818548,21.0,0,-0.4970130758782929,22.361666423371638,20.5,21.5
818.0,21.054381144845436,21.503255786505505,6.309481627434679,21.0,0,-0.5032557865055054,21.56568289277763,20.5,21.5
819.0,21.051432164941954,21.535197955284172,6.310800341823588,21.0,0,-0.5351979552841719,21.854619643070837,20.5,21.5
820.0,21.048484038577328,21.47534823751709,6.3121180579810146,21.0,0,-0.475348237517089,20.87685105984626,20.5,21.5
821.0,21.045536765381208,21.436559043226985,6.313434774903461,21.0,0,-0.43655904322698547,21.04866710032595,20.5,21.5
822.0,21.04259034498311,21.43224057870689,6.314750491588192,21.0,0,-0.4322405787068888,21.389055933505922,20.5,21.5
823.0,21.03964477701243,21.360426368966223,6.316065207033229,21.0,0,-0.36042636896622327,20.642284271559568,20.5,21.5
824.0,21.036700061098436,21.258283926188746,6.317378920237361,21.0,1,-0.25828392618874574,20.23685949841397,20.5,21.5
825.0,21.053756196870264,21.27946652001375,6.318691630200138,21.0,1,-0.2794665200137487,21.49129245826378,20.5,21.5
826.0,21.07080918395693,21.34298584312067,6.320003335921873,21.0,0,-0.34298584312066893,21.97817907418987,20.5,21.5
827.0,21.06785902278732,21.279657937896626,6.321314036403647,21.0,0,-0.2796579378966264,20.6463788856562,20.5,21.5
828.0,21.064909713790044,21.39692131375606,6.322623730647304,21.0,0,-0.3969213137560601,22.569555072350397,20.5,21.5
829.0,21.061961256593417,21.445006250145294,6.323932417655453,21.0,0,-0.44500625014529405,21.925855614037634,20.5,21.5
830.0,21.05901365082563,21.475853788549816,6.325240096431475,21.0,0,-0.4758537885498164,21.78432917259504,20.5,21.5
831.0,21.05606689611475,21.487212087204615,6.326546765979513,21.0,0,-0.4872120872046146,21.600795073752597,20.5,21.5
832.0,21.053120992088722,21.519036502318706,6.327852425304483,21.0,0,-0.5190365023187056,21.837280653459615,20.5,21.5
833.0,21.050175938375364,21.40718421212964,6.329157073412068,21.0,1,-0.4071842121296392,20.288661310238975,20.5,21.5
834.0,21.067231734602373,21.426836430480655,6.3304607093087215,21.0,0,-0.42683643048065534,21.623358613990817,20.5,21.5
835.0,21.064284380397314,21.449517672158816,6.331763332001668,21.0,0,-0.4495176721588159,21.67633008894042,20.5,21.5
836.0,21.061337876187636,21.380001861897536,6.333064940498905,21.0,0,-0.3800018618975365,20.684843759284743,20.5,21.5
837.0,21.0583922216005,21.272071824752448,6.3343655338091995,21.0,1,-0.27207182475244807,20.192771453301564,20.5,21.5
838.0,21.07544741626294,21.366605026909816,6.335665110942093,21.0,0,-0.36660502690981644,22.3119370484835,20.5,21.5
839.0,21.072499459801875,21.277715252634234,6.3369636709079025,21.0,1,-0.27771525263423413,20.38881750987841,20.5,21.5
840.0,21.089552352644098,21.225830539935977,6.3382612127177165,21.0,1,-0.22583053993597701,20.706983412953406,20.5,21.5
841.0,21.106602094416115,21.23449080333295,6.339557735383401,21.0,1,-0.23449080333294958,21.321093437302675,20.5,21.5
842.0,21.123648685544307,21.284393456456492,6.340853237917598,21.0,0,-0.28439345645649183,21.783419987691914,20.5,21.5
843.0,21.12069212645478,21.27893077042399,6.342147719333726,21.0,0,-0.2789307704239903,21.224303910098975,20.5,21.5
844.0,21.117736417573358,21.4348460192894,6.34344117864598,21.0,0,-0.4348460192893988,22.993998507943484,20.5,21.5
845.0,21.11478155852557,21.43001750304836,6.344733614869336,21.0,0,-0.4300175030483615,21.38173234063799,20.5,21.5
846.0,21.11182754893684,21.444784601445793,6.346025027019547,21.0,0,-0.444784601445793,21.592455585420108,20.5,21.5
847.0,21.108874388432458,21.440573629722987,6.347315414113146,21.0,0,-0.4405736297229872,21.39846391249493,20.5,21.5
848.0,21.105922076637594,21.475511616464594,6.348604775167447,21.0,0,-0.47551161646459406,21.824891483880663,20.5,21.5
849.0,21.1029706131773,21.38927740197327,6.349893109200545,21.0,0,-0.38927740197327054,20.526935257060035,20.5,21.5
850.0,21.100019997676505,21.390193424832944,6.351180415231321,21.0,0,-0.39019342483294395,21.399353653429678,20.5,21.5
851.0,21.097070229760014,21.37593085068105,6.352466692279431,21.0,0,-0.37593085068105125,21.233305109162124,20.5,21.5
852.0,21.094121309052518,21.334677638672815,6.3537519393653215,21.0,0,-0.3346776386728152,20.922145518590455,20.5,21.5
853.0,21.09117323517858,21.27606758211087,6.35503615551022,21.0,0,-0.2760675821108691,20.68996701649141,20.5,21.5
854.0,21.088226007762646,21.31757256847238,6.3563193397361415,21.0,0,-0.3175725684723787,21.732622432087474,20.5,21.5
855.0,21.085279626429042,21.325948605764676,6.357601491065884,21.0,0,-0.3259486057646761,21.40970897868765,20.5,21.5
856.0,21.082334090801968,21.340853298301163,6.358882608523033,21.0,0,-0.3408532983011625,21.489900223666027,20.5,21.5
857.0,21.079389400505512,21.348182325996774,6.360162691131963,21.0,0,-0.348182325996774,21.42147260295289,20.5,21.5
858.0,21.076445555163637,21.399552896209066,6.361441737917835,21.0,0,-0.399552896209066,21.913258598331986,20.5,21.5
859.0,21.07350255440019,21.36437907049991,6.3627197479066,21.0,0,-0.36437907049991125,21.012640813408364,20.5,21.5
860.0,21.07056039783889,21.343735516545696,6.363996720124997,21.0,0,-0.3437355165456957,21.13729997700354,20.5,21.5
861.0,21.067619085103345,21.386657959575704,6.365272653600556,21.0,0,-0.3866579595757038,21.815882389875785,20.5,21.5
862.0,21.064678615817044,21.44763435300016,6.3665475473615984,21.0,0,-0.4476343530001614,22.057398287244737,20.5,21.5
863.0,21.061738989603352,21.368772461925374,6.367821400437236,21.0,0,-0.3687724619253743,20.580153551177503,20.5,21.5
864.0,21.058800206085518,21.37243739629612,6.3690942118573775,21.0,0,-0.37243739629612094,21.409086740003588,20.5,21.5
865.0,21.055862264886674,21.357673658772363,6.370365980652718,21.0,0,-0.357673658772363,21.210036283534784,20.5,21.5
866.0,21.052925165629826,21.231622865217084,6.371636705854753,21.0,1,-0.23162286521708353,19.97111492966429,20.5,21.5
867.0,21.069988907937873,21.234775194013217,6.372906386495767,21.0,1,-0.234775194013217,21.26629848197455,20.5,21.5
868.0,21.087049491433586,21.28795964644007,6.3741750216088455,21.0,0,-0.28795964644006844,21.819804170708583,20.5,21.5
869.0,21.08410691653962,21.3048894856354,6.375442610227868,21.0,0,-0.30488948563539964,21.47418787758871,20.5,21.5
870.0,21.08116518367836,21.343884590386008,6.376709151387508,21.0,0,-0.3438845903860077,21.73383563789209,20.5,21.5
871.0,21.0782242924719,21.361558455608215,6.377974644123241,21.0,0,-0.36155845560821476,21.538297107830285,20.5,21.5
872.0,21.07528424254223,21.3591801739348,6.37923908747134,21.0,0,-0.3591801739347993,21.335397357200645,20.5,21.5
873.0,21.07234503351122,21.282503970283702,6.380502480468874,21.0,0,-0.28250397028370244,20.515741933772734,20.5,21.5
874.0,21.06940666500061,21.301253710665286,6.381764822153716,21.0,0,-0.3012537106652857,21.48875111448112,20.5,21.5
875.0,21.06646913663204,21.247960985645697,6.383026111564538,21.0,0,-0.24796098564569746,20.715033735449815,20.5,21.5
876.0,21.063532448027026,21.28856595396669,6.384286347740813,21.0,0,-0.28856595396668894,21.694615637176604,20.5,21.5
877.0,21.060596598806967,21.268849834475123,6.385545529722816,21.0,0,-0.2688498344751231,21.071688639559465,20.5,21.5
878.0,21.05766158859315,21.248463338171177,6.386803656551626,21.0,0,-0.24846333817117738,21.04459837513172,20.5,21.5
879.0,21.05472741700674,21.211886068506793,6.3880607272691226,21.0,0,-0.21188606850679292,20.84611337186295,20.5,21.5
880.0,21.051794083668796,21.238380047354134,6.3893167409179945,21.0,0,-0.2383800473541342,21.503319835827547,20.5,21.5
881.0,21.048861588200246,21.21613857339478,6.3905716965417305,21.0,0,-0.2161385733947796,20.993723833801234,20.5,21.5
882.0,21.045929930221913,21.21634002196192,6.391825593184628,21.0,0,-0.21634002196191915,21.218354507633315,20.5,21.5
883.0,21.042999109354504,21.241573971613324,6.393078429891791,21.0,0,-0.24157397161332383,21.49391346812737,20.5,21.5
884.0,21.04006912521861,21.16631078920691,6.394330205709129,21.0,1,-0.16631078920691067,20.41367896514278,20.5,21.5
885.0,21.05713997743471,21.228734533469304,6.39558091968336,21.0,0,-0.2287345334693036,21.852971976093233,20.5,21.5
886.0,21.05420766562316,21.18499787635788,6.3968305708620115,21.0,0,-0.18499787635787968,20.74763130524364,20.5,21.5
887.0,21.05127619020421,21.181990707863072,6.39807915829342,21.0,0,-0.18199070786307203,21.151919022914996,20.5,21.5
888.0,21.048345550797826,21.236037706689025,6.39932668102673,21.0,0,-0.23603770668902513,21.776507694948556,20.5,21.5
889.0,21.04541574702387,21.37176487602078,6.400573138111902,21.0,0,-0.3717648760207801,22.72903656933833,20.5,21.5
890.0,21.042486778502088,21.30508863218147,6.401818528599701,21.0,0,-0.3050886321814694,20.638326193788362,20.5,21.5
891.0,21.039558644852107,21.440425054977727,6.403062851541711,21.0,0,-0.44042505497772666,22.7937892829403,20.5,21.5
892.0,21.036631345693444,21.455374466973915,6.404306105990325,21.0,0,-0.4553744669739146,21.604868586935794,20.5,21.5
893.0,21.0337048806455,21.45088390721224,6.40554829099875,21.0,0,-0.4508839072122406,21.4059783095955,20.5,21.5
894.0,21.030779249327573,21.363113270050007,6.406789405621008,21.0,1,-0.3631132700500075,20.485406898427676,20.5,21.5
895.0,21.04785445135883,21.34362983695607,6.408029448911937,21.0,1,-0.34362983695606886,21.148795506016683,20.5,21.5
896.0,21.064926486358342,21.302413913776512,6.409268419927189,21.0,1,-0.30241391377651183,20.89025468198094,20.5,21.5
897.0,21.081995354745057,21.32996149505616,6.410506317723235,21.0,0,-0.32996149505616046,21.605437307852647,20.5,21.5
898.0,21.079061056937654,21.402972977966364,6.411743141357362,21.0,0,-0.402972977966364,22.1330878070684,20.5,21.5
899.0,21.07612759335454,21.4596948817696,6.412978889887674,21.0,0,-0.45969488176960027,22.026913919801963,20.5,21.5
900.0,21.073194963613844,21.588659486524676,6.414213562373095,21.0,0,-0.5886594865246764,22.878305534075437,20.5,21.5
901.0,21.070263167333596,21.56993074387706,6.415447157873368,21.0,0,-0.5699307438770589,21.382643317400884,20.5,21.5
902.0,21.067332204131706,21.55419472471322,6.416679675449058,21.0,0,-0.55419472471322,21.39683453307483,20.5,21.5
903.0,21.06440207362597,21.47206359816235,6.417911114161547,21.0,0,-0.4720635981623502,20.650752332653653,20.5,21.5
904.0,21.061472775434076,21.50913219777738,6.419141473073042,21.0,0,-0.5091321977773795,21.879818193927672,20.5,21.5
905.0,21.058544309173605,21.526890092133904,6.420370751246571,21.0,0,-0.5268900921339039,21.704469035699148,20.5,21.5
906.0,21.05561667446202,21.510646180075547,6.421598947745985,21.0,0,-0.5106461800755469,21.348207059491976,20.5,21.5
907.0,21.052689870916677,21.436303086834364,6.422826061635959,21.0,0,-0.43630308683436425,20.69287215442254,20.5,21.5
908.0,21.049763898154822,21.419643144138796,6.424052091981993,21.0,0,-0.4196431441387958,21.25304371718311,20.5,21.5
909.0,21.046838755793587,21.386762357019773,6.425277037850411,21.0,0,-0.3867623570197729,21.057954485829544,20.5,21.5
910.0,21.04391444345,21.24676294202782,6.426500898308364,21.0,1,-0.24676294202782145,19.846768792108307,20.5,21.5
911.0,21.06099096074097,21.210876893154126,6.427723672423827,21.0,1,-0.2108768931541256,20.852016404417167,20.5,21.5
912.0,21.078064307283306,21.221308018890788,6.428945359265606,21.0,1,-0.2213080188907881,21.325619276257413,20.5,21.5
913.0,21.095134483493702,21.270619956353265,6.430165957903335,21.0,0,-0.27061995635326497,21.763739330978034,20.5,21.5
914.0,21.092201489788582,21.251913862733055,6.4313854674074715,21.0,0,-0.2519138627330548,21.064852926530953,20.5,21.5
915.0,21.089269326584105,21.32794974948603,6.432603886849308,21.0,0,-0.32794974948603084,22.08830861701579,20.5,21.5
916.0,21.08633799349616,21.32050258043967,6.4338212153009655,21.0,0,-0.32050258043966906,21.24603088997605,20.5,21.5
917.0,21.08340749014052,21.367426294606165,6.435037451835394,21.0,0,-0.36742629460616527,21.836663436271127,20.5,21.5
918.0,21.08047781613286,21.353273521741816,6.436252595526378,21.0,0,-0.3532735217418157,21.21174579309832,20.5,21.5
919.0,21.07754897108874,21.37884907986982,6.437466645448531,21.0,0,-0.37884907986981986,21.63460466114986,20.5,21.5
920.0,21.07462095462361,21.266237999293416,6.438679600677302,21.0,1,-0.2662379992934163,20.14012719352938,20.5,21.5
921.0,21.091693766352822,21.3326562084303,6.439891460288973,21.0,0,-0.33265620843030064,21.996838299799144,20.5,21.5
922.0,21.08876340589161,21.308599210090883,6.4411022233606605,21.0,0,-0.30859921009088254,21.0680292266967,20.5,21.5
923.0,21.0858338736551,21.30555732505728,6.442311888970315,21.0,0,-0.30555732505727917,21.275138474721246,20.5,21.5
924.0,21.082905169258165,21.34397327660063,6.443520456196724,21.0,0,-0.3439732766006287,21.728132792034124,20.5,21.5
925.0,21.079977292315554,21.379376435017257,6.444727924119511,21.0,0,-0.3793764350172566,21.733408019183535,20.5,21.5
926.0,21.077050242441913,21.400301759353972,6.445934291819136,21.0,0,-0.4003017593539724,21.60955500272113,20.5,21.5
927.0,21.07412401925179,21.4304357773663,6.4471395583768984,21.0,0,-0.43043577736629857,21.73177595748956,20.5,21.5
928.0,21.071198622359617,21.439373408583535,6.4483437228749345,21.0,0,-0.4393734085835348,21.528749720755897,20.5,21.5
929.0,21.06827405137972,21.338119402354145,6.4495467843962215,21.0,1,-0.3381194023541454,20.32557934006025,20.5,21.5
930.0,21.085350305926323,21.33997093049905,6.450748742024575,21.0,1,-0.3399709304990495,21.35848621194809,20.5,21.5
931.0,21.10242338561354,21.359311388329953,6.451949594844653,21.0,0,-0.359311388329953,21.55271596663899,20.5,21.5
932.0,21.09949329085539,21.405547476748705,6.453149341941952,21.0,0,-0.40554747674870484,21.867908360936223,20.5,21.5
933.0,21.096564022065607,21.43263325899303,6.454347982402814,21.0,0,-0.43263325899302885,21.70349108143627,20.5,21.5
934.0,21.093635578857675,21.478496390078742,6.455545515314421,21.0,0,-0.47849639007874245,21.93712770093588,20.5,21.5
935.0,21.090707960844966,21.47980664602657,6.4567419397648,21.0,0,-0.47980664602657086,21.492909205504855,20.5,21.5
936.0,21.08778116764075,21.493979644591686,6.4579372548428235,21.0,0,-0.4939796445916862,21.63570963024284,20.5,21.5
937.0,21.08485519885819,21.416073199930825,6.459131459638204,21.0,0,-0.4160731999308247,20.63700875332221,20.5,21.5
938.0,21.081930054110344,21.331288589643385,6.460324553241504,21.0,1,-0.3312885896433855,20.483442486768993,20.5,21.5
939.0,21.09900573301017,21.331313844509204,6.461516534744132,21.0,1,-0.33131384450920365,21.331566393167385,20.5,21.5
940.0,21.116078235170516,21.384828725275327,6.4627074032383405,21.0,0,-0.38482872527532663,21.919977532936556,20.5,21.5
941.0,21.11314756100413,21.262490591708257,6.463897157817232,21.0,1,-0.26249059170825717,20.039109256037563,20.5,21.5
942.0,21.130217710923493,21.232231901367165,6.4650857975747575,21.0,1,-0.23223190136716454,20.92964499795624,20.5,21.5
943.0,21.14728468454082,21.257467662910216,6.466273321605715,21.0,0,-0.2574676629102157,21.509825278340728,20.5,21.5
944.0,21.144348482268235,21.218156185487512,6.4674597290057525,21.0,0,-0.21815618548751203,20.825041411260475,20.5,21.5
945.0,21.141413104517582,21.214688661192522,6.468645018871371,21.0,0,-0.21468866119252183,21.18001341824262,20.5,21.5
946.0,21.13847855090045,21.262953158414103,6.46982919029992,21.0,0,-0.2629531584141027,21.74559813062991,20.5,21.5
947.0,21.135544821028333,21.344845737388248,6.471012242389601,21.0,0,-0.34484573738824764,22.163771527129697,20.5,21.5
948.0,21.132611914512605,21.364152963536988,6.472194174239469,21.0,0,-0.3641529635369878,21.55722522502439,20.5,21.5
949.0,21.12967983096455,21.40007400708352,6.47337498494943,21.0,0,-0.40007400708352137,21.759284442548857,20.5,21.5
950.0,21.12674856999535,21.397733914657863,6.474554673620248,21.0,0,-0.3977339146578629,21.374332990401278,20.5,21.5
951.0,21.123818131216076,21.43413750230418,6.475733239353537,21.0,0,-0.43413750230417847,21.798173378767334,20.5,21.5
952.0,21.120888514237702,21.424380892036194,6.476910681251767,21.0,0,-0.42438089203619356,21.326814789356344,20.5,21.5
953.0,21.117959718671106,21.463626772511397,6.478086998418267,21.0,0,-0.4636267725113967,21.85608557726343,20.5,21.5
954.0,21.115031744127055,21.456993976657326,6.479262189957219,21.0,0,-0.45699397665732633,21.390666018116622,20.5,21.5
955.0,21.112104590216223,21.505363904664605,6.4804362549736645,21.0,0,-0.5053639046646055,21.989063184737397,20.5,21.5
956.0,21.109178256549175,21.44827778174018,6.4816091925735,21.0,0,-0.44827778174018107,20.877416552495937,20.5,21.5
957.0,21.10625274273638,21.50892395890386,6.482781001863485,21.0,0,-0.5089239589038606,22.115385730540655,20.5,21.5
958.0,21.103328048388207,21.498153868101966,6.483951681951233,21.0,0,-0.4981538681019657,21.390452960083017,20.5,21.5
959.0,21.10040417311492,21.530896837576396,6.485121231945222,21.0,0,-0.530896837576396,21.8583265323207,20.5,21.5
960.0,21.097481116526687,21.460049675349815,6.486289650954788,21.0,0,-0.4600496753498149,20.751578053084003,20.5,21.5
961.0,21.094558878233574,21.432698416798964,6.487456938090131,21.0,0,-0.4326984167989636,21.15918583129045,20.5,21.5
962.0,21.091637457845547,21.352991562556195,6.4886230924623085,21.0,0,-0.3529915625561948,20.555923020128507,20.5,21.5
963.0,21.08871685497247,21.30994565191776,6.489788113183244,21.0,0,-0.30994565191776147,20.879486545533428,20.5,21.5
964.0,21.085797069224114,21.286625951504394,6.490951999365724,21.0,0,-0.2866259515043943,21.053428947370723,20.5,21.5
965.0,21.08287810021014,21.3424307519074,6.492114750123399,21.0,0,-0.3424307519074006,21.900478755937463,20.5,21.5
966.0,21.079959947540125,21.42983968649678,6.493276364570782,21.0,0,-0.4298396864967806,22.30392903239058,20.5,21.5
967.0,21.077042610823533,21.45890165508025,6.494436841823255,21.0,0,-0.4589016550802505,21.74952134091495,20.5,21.5
968.0,21.074126089669733,21.46351212877656,6.4955961809970635,21.0,0,-0.4635121287765607,21.509616865739662,20.5,21.5
969.0,21.071210383687998,21.376746082925088,6.49675438120932,21.0,0,-0.37674608292508793,20.50908562441036,20.5,21.5
970.0,21.0682954924875,21.29845048951588,6.497911441578005,21.0,0,-0.29845048951587927,20.515494555423793,20.5,21.5
971.0,21.06538141567732,21.34588444514279,6.499067361221965,21.0,0,-0.34588444514279004,21.820224001411898,20.5,21.5
972.0,21.062468152866426,21.309583490541723,6.500222139260919,21.0,0,-0.30958349054172274,20.94657394453105,20.5,21.5
973.0,21.059555703663705,21.373771360851457,6.501375774815453,21.0,0,-0.3737713608514568,22.015650063948797,20.5,21.5
974.0,21.056644067677937,21.505845230738135,6.502528267007023,21.0,0,-0.5058452307381351,22.82658392960492,20.5,21.5
975.0,21.0537332445178,21.56165106825509,6.503679614957955,21.0,0,-0.5616510682550917,22.119709443424657,20.5,21.5
976.0,21.05082323379189,21.469210712168127,6.504829817791449,21.0,0,-0.4692107121681275,20.544807151298485,20.5,21.5
977.0,21.04791403510869,21.463353123000847,6.505978874631575,21.0,0,-0.4633531230008465,21.404777231328037,20.5,21.5
978.0,21.045005648076593,21.42714960425637,6.507126784603276,21.0,0,-0.42714960425637116,21.065114416811618,20.5,21.5
979.0,21.042098072303897,21.34687963993501,6.508273546832369,21.0,0,-0.34687963993501114,20.54417999672141,20.5,21.5
980.0,21.039191307398802,21.310656409272475,6.509419160445544,21.0,0,-0.3106564092724753,20.948424102647117,20.5,21.5
981.0,21.03628535296941,21.36559342536948,6.510563624570367,21.0,0,-0.3655934253694788,21.914963586339514,20.5,21.5
982.0,21.033380208623733,21.430985255979316,6.511706938335279,21.0,0,-0.4309852559793157,22.084903562077685,20.5,21.5
983.0,21.030475873969674,21.282446235671152,6.512849100869596,21.0,1,-0.2824462356711521,19.797056032589516,20.5,21.5
984.0,21.047572348615056,21.31696253193453,6.513990111303513,21.0,0,-0.3169625319345286,21.662125494568294,20.5,21.5
985.0,21.044665632167593,21.292651960745424,6.515129968768099,21.0,0,-0.2926519607454239,21.049546248854377,20.5,21.5
986.0,21.041759725034915,21.202416017146184,6.516268672395304,21.0,1,-0.2024160171461844,20.30005658115379,20.5,21.5
987.0,21.058854626824388,21.190037105084695,6.517406221317956,21.0,1,-0.19003710508469496,21.0662479844698,20.5,21.5
988.0,21.075946337143286,21.283718596866404,6.518542614669761,21.0,0,-0.28371859686640377,22.220533514683492,20.5,21.5
989.0,21.07303485639879,21.342251160106045,6.519677851585308,21.0,0,-0.34225116010604495,21.927576792502457,20.5,21.5
990.0,21.07012418499783,21.363548978738912,6.520811931200062,21.0,0,-0.3635489787389119,21.57652716506758,20.5,21.5
991.0,21.06721432254707,21.41314528436435,6.521944852650374,21.0,0,-0.41314528436435083,21.90910834061874,20.5,21.5
992.0,21.06430526865309,21.385455517493,6.523076615073474,21.0,0,-0.3854555174929999,21.10855784877949,20.5,21.5
993.0,21.061397022922375,21.379227935862225,6.524207217607476,21.0,0,-0.37922793586222525,21.31695211955448,20.5,21.5
994.0,21.05848958496131,21.31410774004432,6.525336659391376,21.0,0,-0.31410774004432085,20.662905781865277,20.5,21.5
995.0,21.0555829543762,21.303159614376746,6.526464939565058,21.0,0,-0.3031596143767459,21.193678357700996,20.5,21.5
996.0,21.052677130773237,21.315179041475183,6.527592057269285,21.0,0,-0.31517904147518294,21.435373312459554,20.5,21.5
997.0,21.049772113758536,21.32162612970892,6.528718011645708,21.0,0,-0.3216261297089211,21.386097012046303,20.5,21.5
998.0,21.046867902938114,21.305213047725847,6.529842801836864,21.0,0,-0.30521304772584656,21.1410822278951,20.5,21.5
999.0,21.043964497917894,21.294967962110455,6.5309664269861765,21.0,0,-0.29496796211045506,21.19251710595654,20.5,21.5
1000.0,21.04106189830371,21.397854961372428,6.532088886237956,21.0,0,-0.3978549613724276,22.426724953992153,20.5,21.5
1001.0,21.038160103701298,21.39182728119291,6.533210178737401,21.0,0,-0.39182728119291,21.331550479397734,20.5,21.5
1002.0,21.035259113716304,21.40261296581003,6.534330303630599,21.0,0,-0.4026129658100288,21.510469811981217,20.5,21.5
1003.0,21.032358927954288,21.42528343989445,6.535449260064525,21.0,0,-0.42528343989445005,21.651988180738662,20.5,21.5
1004.0,21.02945954602071,21.50575379017992,6.536567047187047,21.0,0,-0.5057537901799201,22.31045729303462,20.5,21.5
1005.0,21.026560967520943,21.48534973362109,6.537683664146919,21.0,0,-0.4853497336210886,21.281309168032774,20.5,21.5
1006.0,21.02366319206027,21.42723102269728,6.53879911009379,21.0,0,-0.4272310226972813,20.84604391345921,20.5,21.5
1007.0,21.020766219243875,21.35778243323232,6.539913384178199,21.0,0,-0.3577824332323196,20.663296538582703,20.5,21.5
1008.0,21.017870048676862,21.37121192561202,6.541026485551578,21.0,0,-0.37121192561201966,21.50550684940902,20.5,21.5
1009.0,21.014974679964237,21.25822288816295,6.542138413366253,21.0,1,-0.25822288816295114,20.128332513672266,20.5,21.5
1010.0,21.03208011271092,21.222233464736803,6.54324916677544,21.0,1,-0.22223346473680294,20.86233923047532,20.5,21.5
1011.0,21.049182346521732,21.23307186391033,6.544358744933254,21.0,1,-0.23307186391032886,21.341455855645588,20.5,21.5
1012.0,21.066281381801414,21.222324663584413,6.545467146994702,21.0,1,-0.22232466358441272,21.11485266032525,20.5,21.5
1013.0,21.083377218954453,21.290178017406696,6.546574372115688,21.0,0,-0.2901780174066957,21.968711555629525,20.5,21.5
1014.0,21.080469858385086,21.40159215650972,6.5476804194530125,21.0,0,-0.4015921565097216,22.51573354753998,20.5,21.5
1015.0,21.0775633004973,21.36317622618002,6.548785288164371,21.0,0,-0.36317622618001977,20.979016922883,20.5,21.5
1016.0,21.074657544894833,21.40310986177596,6.54988897740836,21.0,0,-0.40310986177595964,21.80244621773536,20.5,21.5
1017.0,21.071752591181337,21.443262652167117,6.5509914863444685,21.0,0,-0.44326265216711747,21.844790556078696,20.5,21.5
1018.0,21.06884843896037,21.410832197044066,6.552092814133092,21.0,0,-0.4108321970440656,21.086527645813547,20.5,21.5
1019.0,21.065945087835402,21.320040496391876,6.553192959935519,21.0,1,-0.3200404963918757,20.412123489869977,20.5,21.5
1020.0,21.08304253740982,21.34823341926508,6.554291922913942,21.0,0,-0.3482334192650782,21.630162647997103,20.5,21.5
1021.0,21.08013678728692,21.3761202661766,6.555389702231452,21.0,0,-0.3761202661765992,21.65498873529181,20.5,21.5
1022.0,21.07723183786991,21.41107397976426,6.556486297052042,21.0,0,-0.41107397976426086,21.760611115640877,20.5,21.5
1023.0,21.074327688761745,21.421260108705077,6.557581706540608,21.0,0,-0.42126010870507713,21.52312139811324,20.5,21.5
1024.0,21.0714243395653,21.446801644621917,6.5586759298629485,21.0,0,-0.4468016446219174,21.70221700379032,20.5,21.5
1025.0,21.06852178988336,21.46805511883136,6.559768966185763,21.0,0,-0.46805511883135864,21.68058986092577,20.5,21.5
1026.0,21.06562003931862,21.392297845660956,6.560860814676659,21.0,0,-0.3922978456609556,20.634725113956925,20.5,21.5
1027.0,21.062719087473692,21.34786393423798,6.561951474504146,21.0,0,-0.34786393423798145,20.90352482000824,20.5,21.5
1028.0,21.0598189339511,21.30852824583441,6.5630409448376374,21.0,0,-0.30852824583440963,20.91517136179869,20.5,21.5
1029.0,21.056919578353277,21.329309699138815,6.564129224847456,21.0,0,-0.3293096991388147,21.537124232182865,20.5,21.5
1030.0,21.054021020282576,21.25139607755417,6.565216313704828,21.0,1,-0.25139607755416904,20.472259861707713,20.5,21.5
1031.0,21.07112325934126,21.308644365551913,6.566302210581888,21.0,0,-0.3086443655519133,21.881127245529356,20.5,21.5
1032.0,21.06822229513151,21.37471468444385,6.56738691465168,21.0,0,-0.37471468444384826,22.035417873363198,20.5,21.5
1033.0,21.065322128055413,21.36511587518727,6.568470425088152,21.0,0,-0.3651158751872714,21.269127782621503,20.5,21.5
1034.0,21.06242275771482,21.33739110573644,6.569552741066166,21.0,0,-0.33739110573644027,21.06014341122813,20.5,21.5
1035.0,21.059524183711492,21.482897981021825,6.57063386176149,21.0,0,-0.482897981021825,22.937966733875673,20.5,21.5
1036.0,21.0566264056471,21.413080236141205,6.571713786350804,21.0,0,-0.41308023614120515,20.714902787335006,20.5,21.5
1037.0,21.053729423123244,21.414504352411615,6.572792514011698,21.0,0,-0.41450435241161543,21.42874551511572,20.5,21.5
1038.0,21.050833235741422,21.411433208763604,6.573870043922675,21.0,0,-0.41143320876360434,21.380721772283493,20.5,21.5
1039.0,21.047937843103057,21.470959315711745,6.574946375263147,21.0,0,-0.4709593157117453,22.066220385193155,20.5,21.5
1040.0,21.045043244809488,21.339441345289984,6.576021507213444,21.0,1,-0.33944134528998404,20.02426164107237,20.5,21.5
1041.0,21.06214944046197,21.429996853850845,6.577095438954804,21.0,0,-0.4299968538508452,22.335551939459457,20.5,21.5
1042.0,21.05925242966167,21.344117120427534,6.5781681696693814,21.0,1,-0.3441171204275335,20.485319786194417,20.5,21.5
1043.0,21.07635621280967,21.344671796904066,6.5792396985402455,21.0,1,-0.34467179690406624,21.350218561669394,20.5,21.5
1044.0,21.093456789506817,21.347345666188538,6.58031002475138,21.0,1,-0.3473456661885379,21.374084359033255,20.5,21.5
1045.0,21.110554160153868,21.347678956536953,6.581379147487686,21.0,1,-0.3476789565369529,21.351011860021103,20.5,21.5
1046.0,21.127648325151334,21.34478026000208,6.58244706593498,21.0,1,-0.3447802600020786,21.315793294653336,20.5,21.5
1047.0,21.14473928489949,21.37539100153428,6.583513779279994,21.0,0,-0.37539100153427896,21.681498416856282,20.5,21.5
1048.0,21.141827039798365,21.346828325708497,6.584579286710381,21.0,0,-0.346828325708497,21.061201567450677,20.5,21.5
1049.0,21.13891559024775,21.311803873446827,6.58564358741471,21.0,0,-0.31180387344682714,20.96155935083013,20.5,21.5
1050.0,21.136004935847183,21.387837561498124,6.58670668058247,21.0,0,-0.38783756149812376,22.14817444201109,20.5,21.5
1051.0,21.13309507619613,21.398253272233102,6.587768565404069,21.0,0,-0.39825327223310225,21.502410379582887,20.5,21.5
1052.0,21.130186010893972,21.426509521344038,6.588829241070837,21.0,0,-0.4265095213440375,21.70907201245339,20.5,21.5
1053.0,21.12727773954001,21.470249357944443,6.58988870677502,21.0,0,-0.4702493579444429,21.907647723948497,20.5,21.5
1054.0,21.124370261733457,21.460745035542608,6.5909469617097916,21.0,0,-0.46074503554260815,21.36570181152426,20.5,21.5
1055.0,21.121463577073452,21.466746411027444,6.592004005069244,21.0,0,-0.46674641102744374,21.5267601658758,20.5,21.5
1056.0,21.11855768515905,21.50481413563906,6.5930598360483925,21.0,0,-0.5048141356390587,21.88549138175521,20.5,21.5
1057.0,21.115652585589228,21.466499461723476,6.594114453843176,21.0,0,-0.4664994617234761,21.08335272256765,20.5,21.5
1058.0,21.11274827796288,21.51369907939447,6.595167857650457,21.0,0,-0.5136990793944705,21.985695256104414,20.5,21.5
1059.0,21.109844761878815,21.494984706493142,6.596220046668023,21.0,0,-0.49498470649314186,21.307840977479856,20.5,21.5
1060.0,21.106942036935774,21.451787530470984,6.597271020094586,21.0,0,-0.45178753047098397,21.019815770249405,20.5,21.5
1061.0,21.104040102732405,21.36624109381364,6.598320777129784,21.0,0,-0.36624109381363823,20.51077672724018,20.5,21.5
1062.0,21.101138958867285,21.43393538713277,6.599369316974181,21.0,0,-0.43393538713277024,22.11087832032409,20.5,21.5
1063.0,21.098238604938906,21.389100266470898,6.6004166388292695,21.0,0,-0.3891002664708978,20.940749059852173,20.5,21.5
1064.0,21.095339040545685,21.418379989572333,6.601462741897467,21.0,0,-0.41837998957233324,21.711177220586688,20.5,21.5
1065.0,21.092440265285955,21.388915087531075,6.602507625382121,21.0,0,-0.38891508753107473,21.09426606711849,20.5,21.5
1066.0,21.089542278757975,21.379791876902356,6.603551288487508,21.0,0,-0.37979187690235605,21.28855977061517,20.5,21.5
1067.0,21.086645080559922,21.308136197905288,6.6045937304188325,21.0,0,-0.3081361979052879,20.591579407934606,20.5,21.5
1068.0,21.083748670289893,21.395627434827894,6.605634950382229,21.0,0,-0.39562743482789386,22.270539804053954,20.5,21.5
1069.0,21.08085304754591,21.31130173459499,6.606674947584764,21.0,1,-0.31130173459499133,20.468044732265966,20.5,21.5
1070.0,21.09795821192592,21.351286720737868,6.607713721234434,21.0,0,-0.3512867207378676,21.75113658216663,20.5,21.5
1071.0,21.09506016302778,21.4453376764861,6.608751270540169,21.0,0,-0.44533767648610123,22.385847233968438,20.5,21.5
1072.0,21.092162901249285,21.406077131878128,6.609787594711828,21.0,0,-0.4060771318781278,21.013471685798393,20.5,21.5
1073.0,21.089266426187976,21.400963365419216,6.610822692960206,21.0,0,-0.40096336541921573,21.349825700830095,20.5,21.5
1074.0,21.08637073744133,21.491512254477513,6.611856564497032,21.0,0,-0.491512254477513,22.397001145060486,20.5,21.5
1075.0,21.08347583460674,21.57085618528206,6.612889208534965,21.0,0,-0.5708561852820608,22.36429549332754,20.5,21.5
1076.0,21.080581717281525,21.45524781013101,6.613920624287604,21.0,1,-0.45524781013100935,20.299164058620494,20.5,21.5
1077.0,21.097688385062927,21.513631034942083,6.6149508109694795,21.0,0,-0.5136310349420832,22.09746328305282,20.5,21.5
1078.0,21.094791837548108,21.50506120443722,6.615979767796061,21.0,0,-0.5050612044372187,21.419362899388574,20.5,21.5
1079.0,21.09189607513416,21.461376775797614,6.617007493983752,21.0,0,-0.46137677579761416,21.02453248940157,20.5,21.5
1080.0,21.089001097417928,21.39962426605645,6.618033988749895,21.0,0,-0.3996242660564491,20.7820991686448,20.5,21.5
1081.0,21.086106903996193,21.458181572823833,6.619059251312769,21.0,0,-0.45818157282383254,22.043754640497667,20.5,21.5
1082.0,21.083213494465657,21.486649818616264,6.620083280891592,21.0,0,-0.48664981861626444,21.771332276540583,20.5,21.5
1083.0,21.08032086842294,21.43080141152053,6.621106076706521,21.0,0,-0.4308014115205303,20.87231734056319,20.5,21.5
1084.0,21.077429025464596,21.484081568075688,6.622127637978653,21.0,0,-0.4840815680756876,22.01688313362726,20.5,21.5
1085.0,21.074537965187098,21.483646811537287,6.623147963930025,21.0,0,-0.4836468115372874,21.479299246153285,20.5,21.5
1086.0,21.071647687186847,21.46590034500171,6.624167053783612,21.0,0,-0.4659003450017103,21.28843567964594,20.5,21.5
1087.0,21.068758191060166,21.317083605876363,6.6251849067633355,21.0,1,-0.31708360587636264,19.828916214622886,20.5,21.5
1088.0,21.085869476403307,21.188622970423836,6.626201522094055,21.0,1,-0.18862297042383602,19.90401661589857,20.5,21.5
1089.0,21.102977542812447,21.190046966432476,6.627216899001574,21.0,1,-0.19004696643247598,21.204286926518876,20.5,21.5
1090.0,21.120082390683685,21.16648165764494,6.628231036712639,21.0,1,-0.16648165764494038,20.930828569769584,20.5,21.5
1091.0,21.13718402041289,21.23504142266257,6.629243934454938,21.0,0,-0.23504142266256878,21.920639072838853,20.5,21.5
1092.0,21.134282432395697,21.36999478546798,6.630255591457108,21.0,0,-0.3699947854679806,22.7195284135221,20.5,21.5
1093.0,21.13138162702751,21.505648692264273,6.631266006948728,21.0,0,-0.5056486922642733,22.8621877602272,20.5,21.5
1094.0,21.12848160390349,21.472058613370656,6.63227518016032,21.0,0,-0.47205861337065613,21.136157824434484,20.5,21.5
1095.0,21.125582362618744,21.44604932077367,6.633283110323358,21.0,0,-0.4460493207736711,21.18595639480382,20.5,21.5
1096.0,21.122683902768284,21.369775525846443,6.634289796670257,21.0,0,-0.3697755258464426,20.607037576574157,20.5,21.5
1097.0,21.119786223947063,21.29442718520471,6.635295238434383,21.0,0,-0.2944271852047109,20.540943778787394,20.5,21.5
1098.0,21.11688932574996,21.25014957590746,6.636299434850047,21.0,0,-0.2501495759074608,20.80737348293496,20.5,21.5
1099.0,21.113993207771777,21.254173737675796,6.637302385152511,21.0,0,-0.25417373767579576,21.294415355359146,20.5,21.5
1100.0,21.111097869607253,21.353409092272837,6.638304088577984,21.0,0,-0.35340909227283746,22.345762638243254,20.5,21.5
1101.0,21.108203310851046,21.34570072014641,6.639304544363625,21.0,0,-0.34570072014641084,21.268616998882145,20.5,21.5
1102.0,21.10530953109775,21.452954544222823,6.640303751747544,21.0,0,-0.45295454422282333,22.525492784986948,20.5,21.5
1103.0,21.10241652994188,21.532510388911795,6.641301709968801,21.0,0,-0.5325103889117955,22.328068835801517,20.5,21.5
1104.0,21.099524306977887,21.513202266973206,6.6422984182674085,21.0,0,-0.5132022669732059,21.32012104758731,20.5,21.5
1105.0,21.096632861800146,21.46455174102154,6.643293875884327,21.0,0,-0.4645517410215412,20.978046481504894,20.5,21.5
1106.0,21.093742194002964,21.494928097526966,6.6442880820614745,21.0,0,-0.49492809752696587,21.798691662581213,20.5,21.5
1107.0,21.090852303180576,21.462031778371966,6.64528103604172,21.0,0,-0.46203177837196563,21.133068586821963,20.5,21.5
1108.0,21.087963188927148,21.404695998909226,6.646272737068884,21.0,0,-0.4046959989092258,20.831338204281828,20.5,21.5
1109.0,21.085074850836776,21.523369623545005,6.647263184387744,21.0,0,-0.5233696235450047,22.710105869902794,20.5,21.5
1110.0,21.082187288503487,21.422748843107694,6.648252377244031,21.0,1,-0.4227488431076942,20.41654103873459,20.5,21.5
1111.0,21.099300501521235,21.43289499807222,6.649240314884432,21.0,0,-0.4328949980722214,21.534356547717493,20.5,21.5
1112.0,21.096410489483908,21.38097086074722,6.65022699655659,21.0,0,-0.38097086074721886,20.861729487497193,20.5,21.5
1113.0,21.093521252785322,21.42232743285023,6.651212421509103,21.0,0,-0.42232743285023133,21.835893153880356,20.5,21.5
1114.0,21.09063279101907,21.395403319188244,6.6521965889915275,21.0,0,-0.3954033191882438,21.12616218256837,20.5,21.5
1115.0,21.087745103778662,21.504630732928163,6.653179498254377,21.0,0,-0.5046307329281632,22.596904870327357,20.5,21.5
1116.0,21.084858190657556,21.42581018027851,6.654161148549123,21.0,0,-0.4258101802785106,20.637604653781985,20.5,21.5
1117.0,21.081972051249135,21.49110861350985,6.655141539128198,21.0,0,-0.49110861350985147,22.14409294582326,20.5,21.5
1118.0,21.07908668514671,21.47251076621713,6.656120669244989,21.0,0,-0.4725107662171304,21.28653229328992,20.5,21.5
1119.0,21.07620209194353,21.440390605302298,6.657098538153847,21.0,0,-0.4403906053022979,21.119188996153973,20.5,21.5
1120.0,21.073318271232772,21.46713603381002,6.658075145110083,21.0,0,-0.46713603381002144,21.734590318887257,20.5,21.5
1121.0,21.070435222607546,21.498458118674254,6.659050489369968,21.0,0,-0.4984581186742538,21.811678967316578,20.5,21.5
1122.0,21.0675529456609,21.434523641058142,6.6600245701907355,21.0,0,-0.4345236410581421,20.795178864897025,20.5,21.5
1123.0,21.064671439985805,21.370589163442027,6.660997386830578,21.0,0,-0.37058916344202686,20.731244387280874,20.5,21.5
1124.0,21.061790705175174,21.352822874548966,6.6619689385486565,21.0,0,-0.3528228745489663,21.17515998561836,20.5,21.5
1125.0,21.058910740821847,21.281601246266735,6.662939224605091,21.0,0,-0.2816012462667352,20.569384963444424,20.5,21.5
1126.0,21.056031546518604,21.345405052441926,6.663908244260965,21.0,0,-0.3454050524419259,21.983443114193832,20.5,21.5
1127.0,21.053153121858152,21.40071756186095,6.6648759967783295,21.0,0,-0.40071756186095087,21.9538426560512,20.5,21.5
1128.0,21.050275466433135,21.462169782491422,6.665842481420199,21.0,0,-0.46216978249142215,22.076691988796135,20.5,21.5
1129.0,21.04739857983613,21.390960469124728,6.666807697450553,21.0,0,-0.39096046912472815,20.678867335457788,20.5,21.5
1130.0,21.044522461659653,21.452437682232276,6.667771644134336,21.0,0,-0.45243768223227576,22.067209813307752,20.5,21.5
1131.0,21.041647111496147,21.362466001057083,6.668734320737463,21.0,1,-0.3624660010570828,20.462749189305153,20.5,21.5
1132.0,21.058772528937997,21.297189751001635,6.669695726526813,21.0,1,-0.29718975100163547,20.644427250447162,20.5,21.5
1133.0,21.075894713577515,21.323662153763138,6.670655860770234,21.0,0,-0.3236621537631379,21.588386181378162,20.5,21.5
1134.0,21.073013665806954,21.398867747209387,6.671614722736541,21.0,0,-0.3988677472093869,22.150923681671877,20.5,21.5
1135.0,21.07013338601834,21.34328749636466,6.672572311695519,21.0,0,-0.3432874963646597,20.787484987917388,20.5,21.5
1136.0,21.067253873803477,21.392113399525737,6.673528626917923,21.0,0,-0.3921133995257371,21.88037243113651,20.5,21.5
1137.0,21.0643751287541,21.454923099287733,6.674483667675478,21.0,0,-0.45492309928773267,22.08302009690769,20.5,21.5
1138.0,21.061497150461886,21.382880052715112,6.6754374332408775,21.0,0,-0.3828800527151124,20.66244958698891,20.5,21.5
1139.0,21.05861993851844,21.307222895875082,6.676389922887788,21.0,0,-0.307222895875082,20.550651327474778,20.5,21.5
1140.0,21.055743492515315,21.32914587900264,6.677341135890848,21.0,0,-0.32914587900263825,21.5483757102782,20.5,21.5
1141.0,21.052867812043992,21.32097483681476,6.678291071525667,21.0,0,-0.32097483681475936,21.23926441493597,20.5,21.5
1142.0,21.049992896695887,21.313035785060315,6.679239729068827,21.0,0,-0.3130357850603147,21.23364526751587,20.5,21.5
1143.0,21.047118746062363,21.298592911900258,6.680187107797884,21.0,0,-0.2985929119002577,21.154164180299688,20.5,21.5
1144.0,21.04424535973471,21.332769320903857,6.681133206991369,21.0,0,-0.33276932090385714,21.67453341093985,20.5,21.5
1145.0,21.04137273730416,21.284576576183166,6.682078025928785,21.0,0,-0.28457657618316645,20.80264912897626,20.5,21.5
1146.0,21.038500878361887,21.29079109107705,6.6830215638906125,21.0,0,-0.29079109107705037,21.35293624001589,20.5,21.5
1147.0,21.035629782498994,21.328743417249765,6.683963820158306,21.0,0,-0.32874341724976475,21.70826667897691,20.5,21.5
1148.0,21.032759449306525,21.38040608835582,6.684904794014296,21.0,0,-0.38040608835581935,21.897032799416365,20.5,21.5
1149.0,21.029889878375467,21.313414780697105,6.685844484741989,21.0,0,-0.31341478069710504,20.643501704109962,20.5,21.5
1150.0,21.02702106929674,21.321801329082223,6.686782891625771,21.0,0,-0.3218013290822235,21.405666812933408,20.5,21.5
1151.0,21.024153021661206,21.303210067285885,6.687720013951005,21.0,0,-0.3032100672858853,21.117297449322503,20.5,21.5
1152.0,21.021285735059664,21.243581800980696,6.688655851004031,21.0,0,-0.24358180098069582,20.6472991379288,20.5,21.5
1153.0,21.018419209082854,21.26335640766098,6.689590402072167,21.0,0,-0.2633564076609787,21.461102474463807,20.5,21.5
1154.0,21.01555344332145,21.351956947992484,6.690523666443712,21.0,0,-0.351956947992484,22.237962351307537,20.5,21.5
1155.0,21.012688437366076,21.35704267635638,6.691455643407947,21.0,0,-0.35704267635637876,21.407899959995326,20.5,21.5
1156.0,21.009824190807286,21.360014539662604,6.692386332255128,21.0,0,-0.360014539662604,21.389733172724856,20.5,21.5
1157.0,21.006960703235578,21.393915241218576,6.693315732276497,21.0,0,-0.3939152412185756,21.73292225677829,20.5,21.5
1158.0,21.004097974241386,21.297261300450604,6.6942438427642745,21.0,1,-0.2972613004506037,20.330721892770885,20.5,21.5
1159.0,21.02123600341509,21.217731551861664,6.695170663011664,21.0,1,-0.21773155186166449,20.422434065972272,20.5,21.5
1160.0,21.03837079034701,21.25519131890986,6.696096192312852,21.0,0,-0.25519131890985847,21.6297889893918,20.5,21.5
1161.0,21.035502335427402,21.331487796997948,6.697020429963008,21.0,0,-0.3314877969979477,22.09445257787884,20.5,21.5
1162.0,21.03263463904631,21.33120069532265,6.697943375258283,21.0,0,-0.33120069532265006,21.328329678569673,20.5,21.5
1163.0,21.029767700793553,21.41286191644131,6.698865027495816,21.0,0,-0.41286191644131165,22.229474127627928,20.5,21.5
1164.0,21.026901520258892,21.49401902698316,6.699785385973728,21.0,0,-0.49401902698316036,22.305590132401647,20.5,21.5
1165.0,21.024036097032035,21.433168928616304,6.700704449991125,21.0,0,-0.43316892861630407,20.82466794494774,20.5,21.5
1166.0,21.021171430702626,21.265033892641828,6.701622218848103,21.0,1,-0.26503389264182786,19.583683532897066,20.5,21.5
1167.0,21.038307520860254,21.248880137398025,6.702538691845737,21.0,1,-0.24888013739802517,21.08734258496,20.5,21.5
1168.0,21.05544036709445,21.24154198645546,6.703453868286095,21.0,1,-0.24154198645545932,21.1681604770298,20.5,21.5
1169.0,21.07256996979469,21.283869070551493,6.704367747472231,21.0,0,-0.2838690705514928,21.707139911511828,20.5,21.5
1170.0,21.069696329350226,21.29053604793456,6.705280328708184,21.0,0,-0.2905360479345589,21.35720582176522,20.5,21.5
1171.0,21.066823446150096,21.41479471071405,6.706191611298986,21.0,0,-0.4147947107140517,22.65738133850898,20.5,21.5
1172.0,21.063951319783126,21.36674080175946,6.707101594550655,21.0,0,-0.3667408017594589,20.88620171221353,20.5,21.5
1173.0,21.061079949838078,21.31069393099669,6.708010277770198,21.0,0,-0.3106939309966883,20.750225223368982,20.5,21.5
1174.0,21.058209335903666,21.241872919327584,6.708917660265615,21.0,0,-0.2418729193275837,20.553662802636538,20.5,21.5
1175.0,21.055339477568538,21.295619904736007,6.709823741345893,21.0,0,-0.2956199047360073,21.833089758820243,20.5,21.5
1176.0,21.052470374421294,21.203099186288036,6.710728520321013,21.0,1,-0.20309918628803558,20.27789200180832,20.5,21.5
1177.0,21.06960202605047,21.25581373382032,6.711631996501946,21.0,0,-0.2558137338203217,21.782959209143183,20.5,21.5
1178.0,21.06673043204456,21.248018278905146,6.712534169200657,21.0,0,-0.24801827890514616,21.17006372975339,20.5,21.5
1179.0,21.063859592791992,21.33162205759072,6.713435037730099,21.0,0,-0.33162205759072094,22.16765984444647,20.5,21.5
1180.0,21.06098950788098,21.35661811442666,6.714334601404225,21.0,0,-0.35661811442665936,21.606578682786044,20.5,21.5
1181.0,21.058120176899685,21.38599652950493,6.715232859537975,21.0,0,-0.38599652950492924,21.679780680287628,20.5,21.5
1182.0,21.05525159943621,21.382994077753686,6.716129811447289,21.0,0,-0.3829940777536862,21.352969560241256,20.5,21.5
1183.0,21.052383775078614,21.43059983698914,6.717025456449098,21.0,0,-0.4305998369891384,21.90665742934366,20.5,21.5
1184.0,21.049516703414888,21.319755269882712,6.717919793861329,21.0,1,-0.3197552698827124,20.211309598818453,20.5,21.5
1185.0,21.06665038403298,21.253047959424272,6.718812823002906,21.0,1,-0.25304795942427205,20.58597485483987,20.5,21.5
1186.0,21.083780816520772,21.278099552901033,6.719704543193747,21.0,0,-0.2780995529010326,21.528615487668638,20.5,21.5
1187.0,21.080908001266106,21.315556234253023,6.72059495375477,21.0,0,-0.31555623425302315,21.69012304777293,20.5,21.5
1188.0,21.078035938656605,21.305042087447568,6.721484054007887,21.0,0,-0.30504208744756767,21.199900619393013,20.5,21.5
1189.0,21.075164628279676,21.29551170033198,6.722371843276012,21.0,0,-0.2955117003319785,21.200207829176087,20.5,21.5
1190.0,21.072294069722677,21.33616331956647,6.723258320883051,21.0,0,-0.33616331956647016,21.742679511911387,20.5,21.5
1191.0,21.06942426257291,21.377627011848023,6.724143486153917,21.0,0,-0.3776270118480234,21.792263934663556,20.5,21.5
1192.0,21.066555206417625,21.356824024142462,6.725027338414515,21.0,0,-0.35682402414246184,21.148794147086846,20.5,21.5
1193.0,21.063686900844026,21.36462083055725,6.7259098769917545,21.0,0,-0.36462083055725003,21.442588894705132,20.5,21.5
1194.0,21.060819345439256,21.428352625307944,6.726791101213543,21.0,0,-0.4283526253079444,22.065670572814888,20.5,21.5
1195.0,21.05795253979041,21.412434162900627,6.727671010408791,21.0,0,-0.4124341629006274,21.253249538827458,20.5,21.5
1196.0,21.055086483484533,21.373577151540154,6.7285496039074095,21.0,0,-0.3735771515401538,20.985007037935418,20.5,21.5
1197.0,21.052221176108617,21.32591577249263,6.72942688104031,21.0,0,-0.32591577249262826,20.849301982017373,20.5,21.5
1198.0,21.049356617249604,21.35101808510291,6.730302841139409,21.0,0,-0.3510180851029112,21.60204121120574,20.5,21.5
1199.0,21.04649280649438,21.344625185963988,6.731177483537624,21.0,0,-0.34462518596398795,21.280696194574755,20.5,21.5
1200.0,21.04362974342979,21.319988862949486,-3.2679491924311233,21.0,0,-0.3199888629494865,21.07362563280447,20.5,21.5
1201.0,21.038767427642618,21.42010429183813,-3.267077187431906,21.0,0,-0.42010429183812903,22.421258580724555,20.5,21.5
1202.0,21.033906258719604,21.395461243226965,-3.266206502128794,21.0,0,-0.39546124322696485,21.149030757115323,20.5,21.5
1203.0,21.029046236167435,21.384074925676767,-3.2653371371848543,21.0,0,-0.38407492567676726,21.27021175017479,20.5,21.5
1204.0,21.024187359492764,21.360433826800524,-3.264469093262143,21.0,0,-0.3604338268005236,21.124022838038087,20.5,21.5
1205.0,21.019329628202215,21.36463855709857,-3.2636023710217152,21.0,0,-0.3646385570985693,21.406685860079026,20.5,21.5
1206.0,21.01447304180237,21.294913372617547,-3.2627369711236174,21.0,0,-0.2949133726175468,20.597661527807322,20.5,21.5
1207.0,21.009617599799782,21.356188399627502,-3.2618728942268893,21.0,0,-0.35618839962750215,21.968938669727056,20.5,21.5
1208.0,21.004763301700976,21.367964085634043,-3.261010140989562,21.0,0,-0.3679640856340427,21.48572094569945,20.5,21.5
1209.0,20.99991014701244,21.369811998776665,-3.260148712068661,21.0,0,-0.36981199877666526,21.38829113020289,20.5,21.5
1210.0,20.995058135240622,21.393953842161135,-3.259288608120201,21.0,0,-0.39395384216113527,21.635372276005835,20.5,21.5
1211.0,20.99020726589195,21.416490546244674,-3.258429829799189,21.0,0,-0.41649054624467396,21.64185758708006,20.5,21.5
1212.0,20.98535753847281,21.409902013053095,-3.2575723777596215,21.0,0,-0.40990201305309526,21.344016681137308,20.5,21.5
1213.0,20.980508952489565,21.378670058349876,-3.2567162526544857,21.0,0,-0.37867005834987566,21.06635051131768,20.5,21.5
1214.0,20.975661507448535,21.333235421208077,-3.2558614551357588,21.0,0,-0.3332354212080766,20.878889049790086,20.5,21.5
1215.0,20.97081520285602,21.297971432805852,-3.255007985854406,21.0,0,-0.29797143280585203,20.945331548783606,20.5,21.5
1216.0,20.965970038218277,21.300993924457313,-3.2541558454603807,21.0,0,-0.30099392445731254,21.331218840971918,20.5,21.5
1217.0,20.96112601304154,21.27616755042045,-3.2533050346026258,21.0,0,-0.2761675504204497,21.02790381005182,20.5,21.5
1218.0,20.956283126832012,21.23351169715216,-3.252455553929069,21.0,0,-0.23351169715216002,20.806953164469263,20.5,21.5
1219.0,20.95144137909586,21.352874295911363,-3.25160740408663,21.0,0,-0.3528742959113629,22.54650028350339,20.5,21.5
1220.0,20.946600769339224,21.32187343787521,-3.250760585721208,21.0,0,-0.3218734378752117,21.0118648575137,20.5,21.5
1221.0,20.94176129706821,21.26092047437653,-3.249915099477695,21.0,0,-0.26092047437652965,20.65139083938971,20.5,21.5
1222.0,20.936922961788902,21.24192241450982,-3.2490709459999643,21.0,0,-0.2419224145098191,21.051941815842714,20.5,21.5
1223.0,20.932085763007343,21.274963080026,-3.2482281259308756,21.0,0,-0.27496308002600145,21.605369735187825,20.5,21.5
1224.0,20.927249700229556,21.23601369239451,-3.247386639912273,21.0,0,-0.2360136923945113,20.84651981607961,20.5,21.5
1225.0,20.922414772961528,21.275563434886774,-3.2465464885849844,21.0,0,-0.2755634348867737,21.671060859809398,20.5,21.5
1226.0,20.917580980709218,21.27454653017862,-3.2457076725888223,21.0,0,-0.2745465301786183,21.264377483097064,20.5,21.5
1227.0,20.91274832297856,21.248165172850932,-3.2448701925625816,21.0,0,-0.24816517285093198,20.98435159957407,20.5,21.5
1228.0,20.90791679927545,21.193535932424965,-3.244034049144039,21.0,0,-0.19353593242496459,20.64724352816529,20.5,21.5
1229.0,20.903086409105768,21.17683023605661,-3.243199242969954,21.0,0,-0.17683023605660964,21.00977327237306,20.5,21.5
1230.0,20.898257151975354,21.14976493241225,-3.2423657746760695,21.0,0,-0.14976493241224986,20.879111895968652,20.5,21.5
1231.0,20.893429027390024,21.14083602380445,-3.241533644897106,21.0,0,-0.14083602380445015,21.051546937726453,20.5,21.5
1232.0,20.888602034855566,21.138746610560982,-3.2407028542667673,21.0,0,-0.13874661056098248,21.117852478126306,20.5,21.5
1233.0,20.88377617387774,21.200664473514824,-3.239873403417736,21.0,0,-0.20066447351482353,21.819843103053234,20.5,21.5
1234.0,20.878951443962283,21.180978822333092,-3.239045292981676,21.0,0,-0.18097882233309193,20.984122310515776,20.5,21.5
1235.0,20.874127844614893,21.19807063955914,-3.2382185235892287,21.0,0,-0.19807063955914117,21.368988811819634,20.5,21.5
1236.0,20.869305375341252,21.165688180311896,-3.237393095870016,21.0,0,-0.16568818031189636,20.84186358783945,20.5,21.5
1237.0,20.86448403564701,21.17577606145598,-3.2365690104526355,21.0,0,-0.17577606145598068,21.276654872896824,20.5,21.5
1238.0,20.85966382503779,21.12762229701305,-3.2357462679646645,21.0,0,-0.12762229701305117,20.646084652583756,20.5,21.5
1239.0,20.85484474301919,21.01959201133854,-3.2349248690326577,21.0,1,-0.019592011338538384,19.93928915459341,20.5,21.5
1240.0,20.87002678909678,21.040482907253573,-3.234104814282146,21.0,1,-0.04048290725357262,21.249391866403915,20.5,21.5
1241.0,20.885205962776105,21.02776928780963,-3.233286104337637,21.0,1,-0.027769287809629617,20.9006330933702,20.5,21.5
1242.0,20.900382264362683,21.096221590580008,-3.232468739822613,21.0,0,-0.0962215905800079,21.78074461828379,20.5,21.5
1243.0,20.895555694161846,21.14755511810004,-3.2316527213595334,21.0,0,-0.14755511810004052,21.660890393300367,20.5,21.5
1244.0,20.890730252478743,21.175628540441007,-3.230838049569832,21.0,0,-0.17562854044100717,21.456362763850674,20.5,21.5
1245.0,20.885905938818333,21.08014823605788,-3.2300247250739167,21.0,1,-0.08014823605788024,20.12534519222661,20.5,21.5
1246.0,20.901082752685554,21.10504786998467,-3.229212748491168,21.0,1,-0.10504786998466997,21.354044209252567,20.5,21.5
1247.0,20.916256693585318,21.071322341638812,-3.2284021204399433,21.0,1,-0.07132234163881179,20.73406705818023,20.5,21.5
1248.0,20.931427761822512,21.071986734814068,-3.2275928415375708,21.0,1,-0.07198673481406814,21.07863066656663,20.5,21.5
1249.0,20.94659595770184,21.157621838350074,-3.2267849124003503,21.0,0,-0.15762183835007448,22.013972873710138,20.5,21.5
1250.0,20.94176128152782,21.30862704865323,-3.225978333643557,21.0,0,-0.30862704865322854,22.81867915168477,20.5,21.5
1251.0,20.936927733604787,21.301512049717694,-3.2251731058814332,21.0,0,-0.30151204971769374,21.230362060362346,20.5,21.5
1252.0,20.93209531343689,21.30606624563401,-3.2243692297271975,21.0,0,-0.3060662456340104,21.351608204797177,20.5,21.5
1253.0,20.927264020528256,21.278185090709307,-3.2235667057930346,21.0,0,-0.2781850907093073,20.999373541462276,20.5,21.5
1254.0,20.92243385438299,21.277673341434287,-3.2227655346901027,21.0,0,-0.2776733414342871,21.272555848684085,20.5,21.5
1255.0,20.917604814505175,21.211405201449512,-3.221965717028527,21.0,0,-0.21140520144951225,20.548723801601763,20.5,21.5
1256.0,20.912776900398867,21.238638939825186,-3.2211672534174047,21.0,0,-0.23863893982518647,21.51097632358193,20.5,21.5
1257.0,20.907950111568105,21.226704812084204,-3.2203701444648,21.0,0,-0.22670481208420412,21.10736353467438,20.5,21.5
1258.0,20.9031244475169,21.246259421739666,-3.2195743907777468,21.0,0,-0.24625942173966564,21.44180551829428,20.5,21.5
1259.0,20.89829990774924,21.176392027643963,-3.2187799929622454,21.0,1,-0.17639202764396344,20.47771808668694,20.5,21.5
1260.0,20.9134764917691,21.1662555207835,-3.2179869516232644,21.0,1,-0.16625552078350125,21.06489045217888,20.5,21.5
1261.0,20.928650199080423,21.10962127610106,-3.2171952673647395,21.0,1,-0.1096212761010591,20.543278829276638,20.5,21.5
1262.0,20.943821029987134,21.056334872159418,-3.2164049407895723,21.0,1,-0.056334872159418126,20.52347083274301,20.5,21.5
1263.0,20.958988984792978,21.03208381133326,-3.2156159724996307,21.0,1,-0.03208381133325844,20.78957320307166,20.5,21.5
1264.0,20.974154063801517,21.017928773785318,-3.214828363095749,21.0,1,-0.017928773785317986,20.876378398305913,20.5,21.5
1265.0,20.989316267316138,21.004360306913263,-3.214042113177726,21.0,1,-0.004360306913262946,20.868675638192713,20.5,21.5
1266.0,21.004475595640038,21.08459655772689,-3.213257223344325,21.0,0,-0.0845965577268899,21.88695906586316,20.5,21.5
1267.0,20.99963204907624,21.105871973600205,-3.2124736941932737,21.0,0,-0.1058719736002054,21.31862613233336,20.5,21.5
1268.0,20.994789627927585,21.118065214083163,-3.211691526321264,21.0,0,-0.11806521408316328,21.239997618912742,20.5,21.5
1269.0,20.989948331696734,21.158673806327126,-3.21091072032395,21.0,0,-0.15867380632712624,21.564759728766756,20.5,21.5
1270.0,20.98510815988633,21.190803867436056,-3.2101312767959502,21.0,0,-0.19080386743605615,21.512104478525355,20.5,21.5
1271.0,20.980269111998993,21.175036702693028,-3.209353196330844,21.0,0,-0.17503670269302773,21.017365055262744,20.5,21.5
1272.0,20.97543118753733,21.268586317339572,-3.2085764795211738,21.0,0,-0.2685863173395724,22.20408246380502,20.5,21.5
1273.0,20.970594386003917,21.24811192534572,-3.2078011269584445,21.0,0,-0.24811192534572157,21.043368005407213,20.5,21.5
1274.0,20.965758706901326,21.267378080707427,-3.2070271392331193,21.0,0,-0.2673780807074273,21.460039634324485,20.5,21.5
1275.0,20.9609241497321,21.253905580949283,-3.2062545169346235,21.0,0,-0.25390558094928295,21.11918058336784,20.5,21.5
1276.0,20.95609071399877,21.2994698667966,-3.2054832606513433,21.0,0,-0.29946986679659915,21.75511272526976,20.5,21.5
1277.0,20.95125839920384,21.25725727211093,-3.204713370970623,21.0,0,-0.2572572721109303,20.835131325254242,20.5,21.5
1278.0,20.946427204849805,21.300287942662017,-3.203944848478769,21.0,0,-0.30028794266201686,21.730594648172882,20.5,21.5
1279.0,20.94159713043914,21.24641167224943,-3.2031776937610426,21.0,0,-0.24641167224942961,20.707648968123557,20.5,21.5
1280.0,20.9367681754743,21.270364630287766,-3.2024119074016664,21.0,0,-0.2703646302877658,21.509894210671128,20.5,21.5
1281.0,20.931940339457725,21.271818285608212,-3.201647489983819,21.0,0,-0.2718182856082123,21.286354838812677,20.5,21.5
1282.0,20.927113621891838,21.25289083582292,-3.200884442089639,21.0,0,-0.25289083582292093,21.063616337970007,20.5,21.5
1283.0,20.92228802227904,21.213402309797267,-3.20012276430022,21.0,0,-0.21340230979726726,20.81851704954073,20.5,21.5
1284.0,20.917463540121727,21.28931953523508,-3.1993624571956127,21.0,0,-0.28931953523508014,22.04849178961321,20.5,21.5
1285.0,20.912640174922263,21.31498582952988,-3.1986035213548245,21.0,0,-0.3149858295298813,21.571648772477893,20.5,21.5
1286.0,20.907817926183007,21.215497377371847,-3.197845957355817,21.0,1,-0.2154973773718467,20.2206128557915,20.5,21.5
1287.0,20.9229967934063,21.222095262997694,-3.197089765775509,21.0,1,-0.22209526299769422,21.28807411925617,20.5,21.5
1288.0,20.93817277609446,21.27567506702371,-3.196334947189772,21.0,0,-0.2756750670237089,21.811473107283856,20.5,21.5
1289.0,20.933345874549804,21.296507649285946,-3.195581502173436,21.0,0,-0.296507649285946,21.504833471908317,20.5,21.5
1290.0,20.92852008907446,21.22899665229567,-3.1948294313002794,21.0,0,-0.22899665229567034,20.553886682392914,20.5,21.5
1291.0,20.923695419170386,21.166262272189698,-3.1940787351430373,21.0,0,-0.16626227218969802,20.538918471129975,20.5,21.5
1292.0,20.918871864339522,21.215762959412313,-3.193329414273398,21.0,0,-0.21576295941231294,21.710769831638462,20.5,21.5
1293.0,20.9140494240838,21.130305861701125,-3.192581469262003,21.0,1,-0.13030586170112457,20.27573488458924,20.5,21.5
1294.0,20.92922809790513,21.190160642249772,-3.191834900678444,21.0,0,-0.19016064224977214,21.788708447736248,20.5,21.5
1295.0,20.924403885305413,21.22018531655346,-3.1910897090912638,21.0,0,-0.22018531655346152,21.520432059590355,20.5,21.5
1296.0,20.919580786586533,21.296668857761965,-3.190345895067961,21.0,0,-0.29666885776196494,22.061504269847,20.5,21.5
1297.0,20.9147588012502,21.22732196393351,-3.1896034591749807,21.0,0,-0.2273219639335089,20.53385302564895,20.5,21.5
1298.0,20.909937928798115,21.265894184273556,-3.1888624019777208,21.0,0,-0.2658941842735558,21.651616387674025,20.5,21.5
1299.0,20.90511816873196,21.110890067292157,-3.1881227240405288,21.0,1,-0.11089006729215711,19.56084889747817,20.5,21.5
1300.0,20.920299520553407,21.08871027545602,-3.1873844259267,21.0,1,-0.08871027545601962,20.866912357094645,20.5,21.5
1301.0,20.93547798376411,21.16651208306066,-3.186647508198482,21.0,0,-0.16651208306065968,21.94453015910706,20.5,21.5
1302.0,20.930653558665718,21.1528143741369,-3.1859119714170703,21.0,0,-0.15281437413689858,21.015837284899288,20.5,21.5
1303.0,20.925830245559702,21.140376192042442,-3.1851778161426063,21.0,0,-0.14037619204244223,21.01599437109788,20.5,21.5
1304.0,20.92100804394736,21.17369428827836,-3.1844450429341826,21.0,0,-0.17369428827835875,21.506875250637524,20.5,21.5
1305.0,20.916186953329984,21.104327621503,-3.1837136523498373,21.0,1,-0.10432762150299979,20.41066095374941,20.5,21.5
1306.0,20.93136697320885,21.062107588068564,-3.1829836449465567,21.0,1,-0.06210758806856376,20.639907253724203,20.5,21.5
1307.0,20.94654410308522,21.11896365140056,-3.1822550212802723,21.0,0,-0.1189636514005592,21.687524284720514,20.5,21.5
1308.0,20.941718343260348,21.204456073178154,-3.1815277819058627,21.0,0,-0.20445607317815373,22.0593802909541,20.5,21.5
1309.0,20.936893694035316,21.234678337560222,-3.1808019273771535,21.0,0,-0.23467833756022216,21.536900981380906,20.5,21.5
1310.0,20.932070154911035,21.28469718434354,-3.180077458246913,21.0,0,-0.2846971843435391,21.78488565217671,20.5,21.5
1311.0,20.9272477253884,21.302507478167005,-3.1793543750668576,21.0,0,-0.30250747816700496,21.480610416401664,20.5,21.5
1312.0,20.92242640496831,21.278522257593032,-3.178632678387646,21.0,0,-0.27852225759303195,21.038670051853302,20.5,21.5
1313.0,20.917606193151638,21.212289846607725,-3.1779123687588804,21.0,0,-0.21228984660772454,20.54996573675465,20.5,21.5
1314.0,20.912787089439256,21.292805928700865,-3.1771934467291096,21.0,0,-0.2928059287008651,22.09796674963227,20.5,21.5
1315.0,20.90796909333202,21.287122150316815,-3.176475912845823,21.0,0,-0.2871221503168151,21.230284366476315,20.5,21.5
1316.0,20.903152204330784,21.270638483067433,-3.175759767655454,21.0,0,-0.2706384830674331,21.105801810573613,20.5,21.5
1317.0,20.898336421936385,21.21596683087969,-3.1750450117033786,21.0,0,-0.21596683087969026,20.669250309002262,20.5,21.5
1318.0,20.893521745649657,21.240311406638885,-3.174331645533915,21.0,0,-0.2403114066388845,21.483757164230827,20.5,21.5
1319.0,20.88870817497142,21.196820459743716,-3.1736196696903205,21.0,0,-0.19682045974371576,20.76191099079203,20.5,21.5
1320.0,20.883895709402488,21.19186141670331,-3.1729090847147985,21.0,0,-0.19186141670331125,21.142270986299266,20.5,21.5
1321.0,20.879084348443666,21.242398399211943,-3.1721998911484883,21.0,0,-0.24239839921194317,21.747768224298262,20.5,21.5
1322.0,20.874274091595748,21.334259054697206,-3.1714920895314727,21.0,0,-0.3342590546972062,22.252865609549836,20.5,21.5
1323.0,20.86946493835952,21.299214856675473,-3.1707856804027728,21.0,0,-0.2992148566754729,20.94877287645814,20.5,21.5
1324.0,20.864656888235768,21.241813956244876,-3.1700806643003503,21.0,0,-0.24181395624487578,20.667804951938905,20.5,21.5
1325.0,20.85984994072526,21.254276127553098,-3.1693770417611056,21.0,0,-0.2542761275530978,21.378897840635318,20.5,21.5
1326.0,20.855044095328765,21.186998720220288,-3.1686748133208784,21.0,0,-0.18699872022028785,20.51422464689219,20.5,21.5
1327.0,20.850239351547035,21.152556966232048,-3.1679739795144446,21.0,0,-0.15255696623204784,20.808139426349648,20.5,21.5
1328.0,20.845435708880824,21.094813800728815,-3.167274540875521,21.0,0,-0.09481380072881507,20.517382145696487,20.5,21.5
1329.0,20.840633166830873,21.041677499957267,-3.1665764979367594,21.0,0,-0.04167749995726666,20.510314492241783,20.5,21.5
1330.0,20.83583172489792,21.01189219005419,-3.165879851229752,21.0,0,-0.011892190054190621,20.71403909102343,20.5,21.5
1331.0,20.831031382582694,21.05608236440878,-3.1651846012850235,21.0,0,-0.05608236440878045,21.49798410795468,20.5,21.5
1332.0,20.82623213938592,21.01617255586143,-3.164490748632038,21.0,0,-0.016172555861430737,20.617074470387934,20.5,21.5
1333.0,20.821433994808316,21.007941454955915,-3.1637982937991938,21.0,0,-0.007941454955915361,20.92563044590076,20.5,21.5
1334.0,20.816636948350595,21.040235374113117,-3.1631072373138256,21.0,0,-0.04023537411311651,21.363174565685128,20.5,21.5
1335.0,20.811840999513464,21.095404320907374,-3.162417579702204,21.0,0,-0.09540432090737383,21.647093788849947,20.5,21.5
1336.0,20.80704614779762,21.08448204099108,-3.1617293214895312,21.0,0,-0.08448204099108025,20.975259241828144,20.5,21.5
1337.0,20.802252392703764,21.035515074838877,-3.161042463199948,21.0,0,-0.035515074838876615,20.54584541331684,20.5,21.5
1338.0,20.797459733732584,21.109533914571852,-3.1603570053565253,21.0,0,-0.10953391457185191,21.849722311901605,20.5,21.5
1339.0,20.792668170384765,21.039517791514932,-3.159672948481269,21.0,1,-0.039517791514931844,20.33935656094573,20.5,21.5
1340.0,20.80787770216099,21.066135500147034,-3.158990293095119,21.0,1,-0.06613550014703407,21.332312586468056,20.5,21.5
1341.0,20.82308432856194,21.01112208153043,-3.158309039717947,21.0,1,-0.011122081530430705,20.460987895364397,20.5,21.5
1342.0,20.838288049888284,21.048382880663503,-3.157629188868558,21.0,1,-0.04838288066350316,21.420990871994228,20.5,21.5
1343.0,20.853488866440532,21.067140104734204,-3.1569507410646853,21.0,1,-0.06714010473420373,21.25471234544121,20.5,21.5
1344.0,20.86868677851903,21.189600764481018,-3.156273696822999,21.0,0,-0.1896007644810176,22.414207361949156,20.5,21.5
1345.0,20.863881786423963,21.136013783735503,-3.1555980566590964,21.0,0,-0.13601378373550332,20.60014397628036,20.5,21.5
1346.0,20.859077890455346,21.13275733121238,-3.1549238210875075,21.0,0,-0.13275733121238176,21.100192805981166,20.5,21.5
1347.0,20.85427509011304,21.225253459493025,-3.1542509906216907,21.0,0,-0.22525345949302533,22.15021474229946,20.5,21.5
1348.0,20.849473384896893,21.219173383570663,-3.153579565774038,21.0,0,-0.21917338357066285,21.158372624347038,20.5,21.5
1349.0,20.84467277430676,21.179242012773233,-3.1529095470558666,21.0,0,-0.17924201277323348,20.77992830479894,20.5,21.5
1350.0,20.839873257842484,21.185910997569017,-3.152240934977426,21.0,0,-0.1859109975690174,21.252600845526857,20.5,21.5
1351.0,20.83507483500392,21.149620578768666,-3.151573730047893,21.0,0,-0.14962057876866552,20.786716390765147,20.5,21.5
1352.0,20.83027750529091,21.075167476469396,-3.1509079327753735,21.0,1,-0.07516747646939592,20.3306364534767,20.5,21.5
1353.0,20.845481268203294,21.099555587530773,-3.1502435436669014,21.0,1,-0.09955558753077298,21.343436698144544,20.5,21.5
1354.0,20.86068212324092,21.10533388205311,-3.1495805632284357,21.0,1,-0.10533388205310956,21.163116827276475,20.5,21.5
1355.0,20.875880070703627,21.148751317890515,-3.1489189919648677,21.0,0,-0.14875131789051466,21.582925676264566,20.5,21.5
1356.0,20.87107511089109,21.226003465915408,-3.1482588303800103,21.0,0,-0.226003465915408,21.99852494616434,20.5,21.5
1357.0,20.866271244102837,21.24266774642883,-3.147600078976607,21.0,0,-0.24266774642882893,21.40931055156304,20.5,21.5
1358.0,20.861468469838222,21.140896810363017,-3.1469427382563255,21.0,1,-0.14089681036301727,20.1231874497049,20.5,21.5
1359.0,20.8766667875966,21.164102024026313,-3.1462868087197586,21.0,1,-0.16410202402631313,21.396154160659272,20.5,21.5
1360.0,20.891862196877337,21.102419755296403,-3.145632290866425,21.0,1,-0.10241975529640257,20.485597067997297,20.5,21.5
1361.0,20.907054697979788,21.1296901858346,-3.14497918519477,21.0,1,-0.12969018583460112,21.402394491216587,20.5,21.5
1362.0,20.922244291203153,21.132467311280852,-3.1443274922021605,21.0,1,-0.13246731128085187,21.16023856574336,20.5,21.5
1363.0,20.93743097684647,21.276823646683034,-3.1436772123848886,21.0,0,-0.2768236466830345,22.72038700070486,20.5,21.5
1364.0,20.932614755208625,21.25087764712743,-3.1430283462381734,21.0,0,-0.25087764712743166,20.991417651571403,20.5,21.5
1365.0,20.927799626588335,21.321481776043225,-3.142380894256151,21.0,0,-0.3214817760432247,22.027523065201155,20.5,21.5
1366.0,20.922985590484167,21.39673308777578,-3.1417348569318877,21.0,0,-0.39673308777577887,22.14924620510132,20.5,21.5
1367.0,20.918172646394684,21.440638903531305,-3.1410902347573675,21.0,0,-0.44063890353130475,21.879697061086564,20.5,21.5
1368.0,20.913360793818452,21.418424182061877,-3.1404470282234973,21.0,0,-0.4184241820618766,21.196276967367595,20.5,21.5
1369.0,20.908550032254045,21.396295056731855,-3.1398052378201076,21.0,0,-0.39629505673185506,21.17500380343164,20.5,21.5
1370.0,20.90374036120003,21.363739563154923,-3.1391648640359513,21.0,0,-0.3637395631549225,21.038184627385597,20.5,21.5
1371.0,20.89893178015498,21.308322926731144,-3.138525907358698,21.0,0,-0.3083229267311438,20.754156562493357,20.5,21.5
1372.0,20.89412428861748,21.29355618795906,-3.137888368274943,21.0,0,-0.2935561879590587,21.145888800238207,20.5,21.5
1373.0,20.8893178860861,21.21974769707918,-3.1372522472702,21.0,1,-0.2197476970791783,20.481662788280374,20.5,21.5
1374.0,20.904512572059428,21.25046078522343,-3.136617544828902,21.0,0,-0.2504607852234315,21.557591666665964,20.5,21.5
1375.0,20.89970434603605,21.224661754687915,-3.1359842614344036,21.0,0,-0.22466175468791505,20.96667144933275,20.5,21.5
1376.0,20.894897208314557,21.28915101256809,-3.135352397568976,21.0,0,-0.28915101256809095,21.93404359136985,20.5,21.5
1377.0,20.890091158393382,21.240659864338134,-3.134721953713812,21.0,0,-0.24065986433813435,20.75574838203857,20.5,21.5
1378.0,20.88528619577096,21.282809784463797,-3.1340929303490217,21.0,0,-0.28280978446379734,21.704308985720427,20.5,21.5
1379.0,20.880482319945735,21.22866957414837,-3.133465327953635,21.0,0,-0.22866957414836975,20.687267470994094,20.5,21.5
1380.0,20.875679530416154,21.256337154563166,-3.1328391470055967,21.0,0,-0.2563371545631661,21.53301295871113,20.5,21.5
1381.0,20.87087782668067,21.167117230887577,-3.1322143879817714,21.0,1,-0.1671172308875768,20.274917994131684,20.5,21.5
1382.0,20.886077208237737,21.228875814136345,-3.1315910513579412,21.0,0,-0.2288758141363445,21.84646164662402,20.5,21.5
1383.0,20.881273674585817,21.224857767394397,-3.130969137608803,21.0,0,-0.224857767394397,21.184677299974922,20.5,21.5
1384.0,20.876471226023376,21.223067310407107,-3.1303486472079713,21.0,0,-0.2230673104071066,21.205162740534202,20.5,21.5
1385.0,20.87166986204873,21.173131130682265,-3.129729580627977,21.0,0,-0.1731311306822647,20.673769333433846,20.5,21.5
1386.0,20.866869582160195,21.130865037729663,-3.129111938340266,21.0,0,-0.13086503772966296,20.708204108203645,20.5,21.5
1387.0,20.862070385856097,21.140663176950124,-3.1284957208151987,21.0,0,-0.14066317695012387,21.238644569154733,20.5,21.5
1388.0,20.857272272634763,21.12424499036055,-3.1278809285220532,21.0,0,-0.12424499036054826,20.960063124464792,20.5,21.5
1389.0,20.852475241994533,21.16403844832361,-3.1272675619290204,21.0,0,-0.16403844832360903,21.561973027954217,20.5,21.5
1390.0,20.84767929343375,21.202615004604752,-3.126655621503205,21.0,0,-0.2026150046047519,21.58838056741618,20.5,21.5
1391.0,20.842884426450762,21.208627052625253,-3.1260451077106257,21.0,0,-0.20862705262525338,21.268747532830268,20.5,21.5
1392.0,20.838090640543932,21.16279214682395,-3.125436021016217,21.0,0,-0.16279214682394993,20.704443088810915,20.5,21.5
1393.0,20.83329793521162,21.114597786443348,-3.1248283618838233,21.0,0,-0.11459778644334762,20.632654182637324,20.5,21.5
1394.0,20.8285063099522,21.050007133353667,-3.1242221307762046,21.0,1,-0.05000713335366669,20.404100602456857,20.5,21.5
1395.0,20.843715764264054,20.965255119508594,-3.1236173281550315,21.0,1,0.034744880491405894,20.11773498105787,20.5,21.5
1396.0,20.85892229764557,20.94787665300039,-3.1230139544808884,21.0,1,0.052123346999611186,20.774091987918336,20.5,21.5
1397.0,20.874125910395144,20.919285341295076,-3.122412010213269,21.0,1,0.08071465870492389,20.63337222424195,20.5,21.5
1398.0,20.88932660281102,20.97478381318374,-3.121811495810582,21.0,0,0.025216186816258812,21.529768532070392,20.5,21.5
1399.0,20.884524375191297,21.00680696724616,-3.121212411730143,21.0,0,-0.006806967246159701,21.327038507870345,20.5,21.5
1400.0,20.879723227833914,21.054169312383493,-3.120614758428183,21.0,0,-0.05416931238349321,21.52779276375683,20.5,21.5
1401.0,20.874923160236662,21.114430762854973,-3.12001853635984,21.0,0,-0.11443076285497256,21.717045267569766,20.5,21.5
1402.0,20.87012417189734,21.109365195105823,-3.1194237459791623,21.0,0,-0.10936519510582343,21.058709517614332,20.5,21.5
1403.0,20.865326262313765,21.152169016968504,-3.1188303877391093,21.0,0,-0.1521690169685037,21.580207235595307,20.5,21.5
1404.0,20.860529430983753,21.237410537927346,-3.118238462091549,21.0,0,-0.2374105379273459,22.089825747515768,20.5,21.5
1405.0,20.855733677405137,21.25247359759656,-3.1176479694872583,21.0,0,-0.2524735975965591,21.40310419428869,20.5,21.5
1406.0,20.85093900107576,21.20099019497041,-3.117058910375924,21.0,0,-0.2009901949704087,20.686156168708905,20.5,21.5
1407.0,20.84614540149347,21.217983436345254,-3.1164712852061394,21.0,0,-0.21798343634525352,21.3879158500937,20.5,21.5
1408.0,20.84135287815613,21.15413749565806,-3.1158850944254066,21.0,0,-0.154137495658059,20.515678088786114,20.5,21.5
1409.0,20.836561430561613,21.081905971994775,-3.115300338480136,21.0,1,-0.08190597199477523,20.359590735361937,20.5,21.5
1410.0,20.851771058207806,21.074508988935563,-3.114717017815643,21.0,1,-0.07450898893556257,21.000539158343436,20.5,21.5
1411.0,20.8669777605926,21.090960580702987,-3.1141351328761537,21.0,1,-0.09096058070298696,21.25547649837723,20.5,21.5
1412.0,20.882181538013906,21.184363081631286,-3.1135546841047983,21.0,0,-0.184363081631286,22.118388090914276,20.5,21.5
1413.0,20.877382390769483,21.267416152551498,-3.1129756719436124,21.0,0,-0.26741615255149753,22.097946861753613,20.5,21.5
1414.0,20.872584319156942,21.37547281127421,-3.112398096833541,21.0,0,-0.3754728112742107,22.456039398501343,20.5,21.5
1415.0,20.867787322673745,21.471197193876304,-3.1118219592144314,21.0,0,-0.47119719387630354,22.42844101989723,20.5,21.5
1416.0,20.862991400817368,21.537554497949024,-3.1112472595250376,21.0,0,-0.5375544979490243,22.201127538676232,20.5,21.5
1417.0,20.8581965530853,21.46677165892404,-3.110673998203019,21.0,0,-0.4667716589240385,20.75894326867418,20.5,21.5
1418.0,20.853402778975042,21.3540668838937,-3.110102175684938,21.0,1,-0.3540668838937009,20.227019133590325,20.5,21.5
1419.0,20.86861007798411,21.282737530104622,-3.1095317924062638,21.0,1,-0.28273753010462244,20.569443992213838,20.5,21.5
1420.0,20.883814449610032,21.22591725497391,-3.108962848801367,21.0,1,-0.22591725497391124,20.6577145036668,20.5,21.5
1421.0,20.89901589415035,21.235088284637392,-3.1083953453035225,21.0,1,-0.23508828463739206,21.3267985812722,20.5,21.5
1422.0,20.914214411902456,21.251845450195475,-3.107829282344909,21.0,1,-0.251845450195475,21.419417105776304,20.5,21.5
1423.0,20.929410003163607,21.30930897838881,-3.107264660356609,21.0,0,-0.30930897838880966,21.883944260322156,20.5,21.5
1424.0,20.924602668230904,21.291818354844075,-3.106701479768607,21.0,0,-0.29181835484407515,21.11691211939673,20.5,21.5
1425.0,20.919796407401304,21.28247730576207,-3.1061397410097893,21.0,0,-0.28247730576207175,21.189066814942038,20.5,21.5
1426.0,20.914991220171622,21.192599305502192,-3.105579444507942,21.0,1,-0.19259930550219195,20.293819302903394,20.5,21.5
1427.0,20.930187106038687,21.163481942106557,-3.105020590689758,21.0,1,-0.1634819421065572,20.87230830815021,20.5,21.5
1428.0,20.945380064499343,21.15264279246232,-3.1044631799808284,21.0,1,-0.15264279246231993,21.044251296019947,20.5,21.5
1429.0,20.960570095850446,21.1425380489835,-3.1039072128056455,21.0,1,-0.14253804898349998,21.0414906141953,20.5,21.5
1430.0,20.975757200388717,21.16614775785621,-3.1033526895876014,21.0,1,-0.1661477578562085,21.402244846583294,20.5,21.5
1431.0,20.99094137841072,21.151648823703987,-3.102799610748991,21.0,1,-0.15164882370398658,21.006659482181767,20.5,21.5
1432.0,21.00612263021289,21.19642186314987,-3.1022479767110074,21.0,0,-0.19642186314986887,21.64415225760869,20.5,21.5
1433.0,21.001300956091505,21.149843501093972,-3.101697787893743,21.0,0,-0.14984350109397226,20.684059880535006,20.5,21.5
1434.0,20.99648035634271,21.12622062238975,-3.101149044716193,21.0,0,-0.12622062238974863,20.889991835347512,20.5,21.5
1435.0,20.991660830462497,21.157191698073426,-3.1006017475962455,21.0,0,-0.1571916980734258,21.466902454910198,20.5,21.5
1436.0,20.986842377946886,21.24234217647672,-3.1000558969506953,21.0,0,-0.2423421764767184,22.093846960509644,20.5,21.5
1437.0,20.982024998291905,21.25871384646038,-3.0995114931952283,21.0,0,-0.2587138464603811,21.422430546297008,20.5,21.5
1438.0,20.977208690993606,21.383813509658268,-3.098968536744433,21.0,0,-0.38381350965826755,22.634810141637132,20.5,21.5
1439.0,20.97239345554806,21.44454787034169,-3.098427028011793,21.0,0,-0.4445478703416903,22.051891477175918,20.5,21.5
1440.0,20.967579291451347,21.42002352053022,-3.0978869674096927,21.0,0,-0.4200235205302185,21.1747800224155,20.5,21.5
1441.0,20.962766198199574,21.399556551272592,-3.0973483553494106,21.0,0,-0.3995565512725925,21.194886858696332,20.5,21.5
1442.0,20.957954175288865,21.313894119178173,-3.0968111922411232,21.0,1,-0.31389411917817256,20.457269798233973,20.5,21.5
1443.0,20.97314322221536,21.225026835402705,-3.0962754784939044,21.0,1,-0.22502683540270496,20.33635399764803,20.5,21.5
1444.0,20.988329338475218,21.21657317343753,-3.095741214515723,21.0,1,-0.21657317343753135,21.132036553785795,20.5,21.5
1445.0,21.00351252436462,21.270549245238044,-3.0952084007134433,21.0,0,-0.270549245238044,21.81030996324317,20.5,21.5
1446.0,20.998692780179603,21.22404074388234,-3.0946770374928274,21.0,0,-0.22404074388234108,20.75895573032531,20.5,21.5
1447.0,20.99387410621607,21.272327974555882,-3.094147125258531,21.0,0,-0.272327974555882,21.75520028129129,20.5,21.5
1448.0,20.989056501969774,21.282875530060686,-3.093618664414106,21.0,0,-0.2828755300606858,21.388351085108724,20.5,21.5
1449.0,20.984239966936496,21.365732784445964,-3.093091655361997,21.0,0,-0.3657327844459637,22.194305328298743,20.5,21.5
1450.0,20.979424500612037,21.38967012827296,-3.0925660985035464,21.0,0,-0.3896701282729609,21.629043566542933,20.5,21.5
1451.0,20.974610102492214,21.442529938315026,-3.0920419942389863,21.0,0,-0.4425299383150261,21.971128038735678,20.5,21.5
1452.0,20.96979677207287,21.417929910360954,-3.0915193429674463,21.0,0,-0.4179299103609537,21.17192963082023,20.5,21.5
1453.0,20.96498450884986,21.431519280394255,-3.0909981450869477,21.0,0,-0.43151928039425513,21.56741298072727,20.5,21.5
1454.0,20.96017331231907,21.411829335823928,-3.090478400994405,21.0,0,-0.4118293358239278,21.214929890120654,20.5,21.5
1455.0,20.95536318197641,21.339867549053505,-3.0899601110856274,21.0,0,-0.3398675490535048,20.620249681349275,20.5,21.5
1456.0,20.950554117317797,21.36157296987707,-3.089443275755313,21.0,0,-0.36157296987707,21.578627178112722,20.5,21.5
1457.0,20.94574611783918,21.375223987152587,-3.088927895397056,21.0,0,-0.3752239871525873,21.51173415990776,20.5,21.5
1458.0,20.940939183036534,21.383723160689858,-3.08841397040334,21.0,0,-0.3837231606898577,21.46871489606256,20.5,21.5
1459.0,20.936133312405847,21.283252387414755,-3.0879015011655415,21.0,1,-0.28325238741475545,20.278544654663733,20.5,21.5
1460.0,20.951328505443133,21.342178138355976,-3.087390488073929,21.0,0,-0.3421781383559761,21.931435647768183,20.5,21.5
1461.0,20.94652076164443,21.31755257710373,-3.08688093151766,21.0,0,-0.3175525771037293,21.07129696458126,20.5,21.5
1462.0,20.941714081305797,21.29918886976446,-3.086372831884785,21.0,0,-0.29918886976446046,21.115551796371772,20.5,21.5
1463.0,20.93690846392316,21.19929759604604,-3.0858661895622435,21.0,1,-0.19929759604604058,20.20038485886184,20.5,21.5
1464.0,20.952103908992463,21.222777126173277,-3.0853610049358657,21.0,1,-0.22277712617327694,21.45757242744564,20.5,21.5
1465.0,20.967296416009678,21.122055351817153,-3.0848572783903716,21.0,1,-0.12205535181715277,20.11483760825591,20.5,21.5
1466.0,20.9824859852708,21.074758147197254,-3.0843550103093698,21.0,1,-0.07475814719725449,20.60178610099827,20.5,21.5
1467.0,20.997672617071682,21.108586811015908,-3.0838542010753613,21.0,1,-0.10858681101590761,21.44687344920244,20.5,21.5
1468.0,21.012856311708052,21.168597670226028,-3.0833548510697337,21.0,0,-0.16859767022602767,21.76870626232723,20.5,21.5
1469.0,21.008037069475495,21.17720914296253,-3.0828569606727623,21.0,0,-0.17720914296252843,21.263323870327536,20.5,21.5
1470.0,21.003218890669466,21.165580932694724,-3.082360530263614,21.0,0,-0.16558093269472351,21.049298830016674,20.5,21.5
1471.0,20.99840177478528,21.201502510420767,-3.081865560220341,21.0,0,-0.2015025104207666,21.560718287681198,20.5,21.5
1472.0,20.99358572131828,21.232693269461837,-3.081372050919885,21.0,0,-0.2326932694618371,21.544600859872542,20.5,21.5
1473.0,20.988770729763832,21.311396292155187,-3.080880002738075,21.0,0,-0.3113962921551874,22.09842651908869,20.5,21.5
1474.0,20.98395679961733,21.303533126690517,-3.080389416049626,21.0,0,-0.30353312669051746,21.22490147204382,20.5,21.5
1475.0,20.9791439303742,21.34603609542626,-3.0799002912281424,21.0,0,-0.34603609542626046,21.77106578278369,20.5,21.5
1476.0,20.97433212152988,21.396846814908592,-3.0794126286461143,21.0,0,-0.3968468149085922,21.90495400973191,20.5,21.5
1477.0,20.969521372579845,21.384706000104625,-3.078926428674916,21.0,0,-0.3847060001046252,21.263297852064955,20.5,21.5
1478.0,20.964711683019594,21.313032173909384,-3.0784416916848123,21.0,0,-0.3130321739093844,20.596293911956977,20.5,21.5
1479.0,20.959903052344654,21.414520244911913,-3.0779584180449486,21.0,0,-0.4145202449119125,22.429400954937194,20.5,21.5
1480.0,20.955095480050577,21.461708634893615,-3.077476608123362,21.0,0,-0.4617086348936148,21.933592534710638,20.5,21.5
1481.0,20.950288965632943,21.420114169967768,-3.07699626228697,21.0,0,-0.42011416996776774,21.004169520709297,20.5,21.5
1482.0,20.94548350858736,21.36431423319455,-3.076517380901578,21.0,0,-0.36431423319454836,20.806314865462355,20.5,21.5
1483.0,20.940679108409462,21.391780212073247,-3.0760399643318728,21.0,0,-0.39178021207324676,21.66644000086023,20.5,21.5
1484.0,20.935875764594915,21.273021132437908,-3.0755640129414292,21.0,1,-0.2730211324379077,20.085430336084517,20.5,21.5
1485.0,20.951073476639408,21.242711284588204,-3.0750895270927057,21.0,1,-0.24271128458820357,20.939612806091162,20.5,21.5
1486.0,20.966268244038663,21.24338882613571,-3.0746165071470424,21.0,1,-0.24338882613571045,21.25016424161078,20.5,21.5
1487.0,20.981460067088424,21.34962461224401,-3.074144953464666,21.0,0,-0.34962461224401054,22.41198247332701,20.5,21.5
1488.0,20.976648946084314,21.33880098258548,-3.0736748664046836,21.0,0,-0.33880098258547875,21.23056468600016,20.5,21.5
1489.0,20.971838881321816,21.309566722866798,-3.073206246325088,21.0,0,-0.30956672286679776,21.017224125679988,20.5,21.5
1490.0,20.967029872296287,21.32220980131596,-3.0727390935827543,21.0,0,-0.3222098013159602,21.448640585807585,20.5,21.5
1491.0,20.96222191850311,21.315022463330735,-3.072273408533438,21.0,0,-0.3150224633307346,21.243149083478478,20.5,21.5
1492.0,20.957415019437704,21.28233846817036,-3.07180919153178,21.0,0,-0.2823384681703587,20.9554985165666,20.5,21.5
1493.0,20.95260917459551,21.247989978647514,-3.0713464429313007,21.0,0,-0.2479899786475137,20.904505083419064,20.5,21.5
1494.0,20.947804383472004,21.28863453350771,-3.0708851630844034,21.0,0,-0.28863453350771096,21.695080082109683,20.5,21.5
1495.0,20.943000645562694,21.290515622378273,-3.070425352342374,21.0,0,-0.29051562237827255,21.30932651108389,20.5,21.5
1496.0,20.938197960363112,21.31867551458879,-3.069967011055377,21.0,0,-0.31867551458879007,21.600274436693965,20.5,21.5
1497.0,20.93339632736883,21.265280166017025,-3.0695101395724596,21.0,0,-0.26528016601702475,20.73132668029937,20.5,21.5
1498.0,20.92859574607544,21.31228543959919,-3.06905473824155,21.0,0,-0.3122854395991901,21.782338175420843,20.5,21.5
1499.0,20.923796215978577,21.326012134683236,-3.068600807409455,21.0,0,-0.32601213468323564,21.46327908552369,20.5,21.5
1500.0,20.9189977365739,21.257776879569082,-3.0681483474218636,21.0,0,-0.25777687956908224,20.575424328427548,20.5,21.5
1501.0,20.9142003073571,21.15977902223772,-3.0676973586233434,21.0,1,-0.15977902223772134,20.179800448924112,20.5,21.5
1502.0,20.929403927823902,21.17833414057031,-3.067247841357341,21.0,1,-0.1783341405703105,21.363885323896202,20.5,21.5
1503.0,20.944604597470065,21.196127974043527,-3.066799795966185,21.0,1,-0.19612797404352733,21.374066308775696,20.5,21.5
1504.0,20.95980231659138,21.253449336342847,-3.066353222791081,21.0,0,-0.2534493363428467,21.82666295933604,20.5,21.5
1505.0,20.9549970854835,21.253952339734372,-3.0659081221721136,21.0,0,-0.25395233973437215,21.258982373649626,20.5,21.5
1506.0,20.95019290444197,21.244147646493357,-3.0654644944482463,21.0,0,-0.24414764649335652,21.1461007140832,20.5,21.5
1507.0,20.94538977296219,21.31558934456275,-3.065022339957321,21.0,0,-0.3155893445627491,22.030006325256675,20.5,21.5
1508.0,20.94058769053961,21.28464607367409,-3.064581659036058,21.0,0,-0.28464607367408945,20.975213364787493,20.5,21.5
1509.0,20.935786656669695,21.214393042974727,-3.0641424520200538,21.0,0,-0.21439304297472717,20.511862735981104,20.5,21.5
1510.0,20.930986670847957,21.277763495285523,-3.063704719243784,21.0,0,-0.277763495285523,21.91146801839348,20.5,21.5
1511.0,20.92618773256994,21.38445486929467,-3.063268461040603,21.0,0,-0.38445486929467165,22.451368609386158,20.5,21.5
1512.0,20.921389841331216,21.277246369909495,-3.062833677742738,21.0,1,-0.2772463699094949,20.205161376057728,20.5,21.5
1513.0,20.9365929966274,21.247581584270016,-3.0624003696812965,21.0,1,-0.24758158427001575,20.950933727875224,20.5,21.5
1514.0,20.95179319795414,21.276120471397515,-3.061968537186261,21.0,0,-0.2761204713975154,21.56150934267251,20.5,21.5
1515.0,20.94699044560711,21.226381733767134,-3.061538180586491,21.0,0,-0.2263817337671341,20.72899435746332,20.5,21.5
1516.0,20.94218873988187,21.19145605384732,-3.061109300209722,21.0,0,-0.19145605384731823,20.84219925464916,20.5,21.5
1517.0,20.937388080273852,21.25557722468601,-3.0606818963825653,21.0,0,-0.25557722468601085,21.896788933072937,20.5,21.5
1518.0,20.93258846627852,21.279701586021595,-3.0602559694305063,21.0,0,-0.279701586021595,21.520945199377437,20.5,21.5
1519.0,20.927789897391378,21.21729058287256,-3.0598315196779087,21.0,0,-0.2172905828725611,20.593180551382222,20.5,21.5
1520.0,20.922992373107963,21.249407227496707,-3.0594085474480073,21.0,0,-0.2494072274967074,21.57057367373817,20.5,21.5
1521.0,20.91819589292385,21.236489378579005,-3.058987053062915,21.0,0,-0.2364893785790052,21.107310889401983,20.5,21.5
1522.0,20.913400456334653,21.143276605436803,-3.058567036843618,21.0,1,-0.1432766054368031,20.211148874014782,20.5,21.5
1523.0,20.928606062836018,21.123337236151606,-3.0581484991099774,21.0,1,-0.12333723615160608,20.923943543299636,20.5,21.5
1524.0,20.94380871192363,21.253622693590117,-3.057731440180728,21.0,0,-0.2536226935901169,22.556477267975225,20.5,21.5
1525.0,20.939008403893208,21.291938240976986,-3.0573158603734774,21.0,0,-0.29193824097698595,21.675093714845676,20.5,21.5
1526.0,20.934209139040355,21.31262185518143,-3.056901760004708,21.0,0,-0.3126218551814297,21.519457997225867,20.5,21.5
1527.0,20.929410916860547,21.347764341199415,-3.0564891393897753,21.0,0,-0.34776434119941513,21.69918920137927,20.5,21.5
1528.0,20.9246137368493,21.42263082148505,-3.056077998842907,21.0,0,-0.4226308214850505,22.171295624341404,20.5,21.5
1529.0,20.91981759850216,21.32995129617822,-3.055668338677207,21.0,1,-0.32995129617821917,20.403156043109906,20.5,21.5
1530.0,20.935022501314723,21.3147916774817,-3.0552601592046464,21.0,1,-0.31479167748170056,21.163195490516514,20.5,21.5
1531.0,20.95022444478262,21.24538683559247,-3.054853460736074,21.0,1,-0.24538683559246977,20.551338416700162,20.5,21.5
1532.0,20.965423429201515,21.266247718045506,-3.0544482435812075,21.0,1,-0.2662477180455056,21.474856542575864,20.5,21.5
1533.0,20.980619454866957,21.22714783457886,-3.0540445080486363,21.0,1,-0.22714783457886156,20.83614899991242,20.5,21.5
1534.0,20.995812522074374,21.342983588254917,-3.0536422544458235,21.0,0,-0.34298358825491704,22.501341125015472,20.5,21.5
1535.0,20.99100263111907,21.33086565956849,-3.053241483079103,21.0,0,-0.33086565956849157,21.209686372704237,20.5,21.5
1536.0,20.98619378229623,21.3389423534321,-3.05284219425368,21.0,0,-0.338942353432099,21.419709292068173,20.5,21.5
1537.0,20.98138597510092,21.390214267577925,-3.0524443882736287,21.0,0,-0.39021426757792455,21.90293340903618,20.5,21.5
1538.0,20.976579209028245,21.46345409667654,-3.0520480654418964,21.0,0,-0.46345409667653925,22.195852387662686,20.5,21.5
1539.0,20.97177348357335,21.387401989408428,-3.051653226060301,21.0,0,-0.38740198940842774,20.626880916727313,20.5,21.5
1540.0,20.966968798231424,21.292881851975586,-3.0512598704295293,21.0,1,-0.29288185197558647,20.347680477647174,20.5,21.5
1541.0,20.982165152497693,21.334087455292266,-3.0508679988491387,21.0,0,-0.33408745529226636,21.746143488459065,20.5,21.5
1542.0,20.977358545867425,21.276629550272382,-3.0504776116175565,21.0,0,-0.2766295502723821,20.70205050007354,20.5,21.5
1543.0,20.972552978635928,21.253233673369305,-3.05008870903208,21.0,0,-0.253233673369305,21.019274904338534,20.5,21.5
1544.0,20.967748450298394,21.297763377758127,-3.0497012913888737,21.0,0,-0.2977633777581268,21.743060421646344,20.5,21.5
1545.0,20.962944960350057,21.36121535362263,-3.049315358982975,21.0,0,-0.36121535362262946,21.995735112267656,20.5,21.5
1546.0,20.95814250828619,21.37736274095133,-3.048930912108287,21.0,0,-0.37736274095133027,21.53883661423834,20.5,21.5
1547.0,20.953341093602113,21.36817362105014,-3.048547951057583,21.0,0,-0.36817362105013984,21.276282422038236,20.5,21.5
1548.0,20.948540715793182,21.269392334609595,-3.048166476122505,21.0,1,-0.269392334609595,20.281579470204147,20.5,21.5
1549.0,20.9637413743548,21.222117107945188,-3.0477864875935623,21.0,1,-0.2221171079451878,20.749364841301116,20.5,21.5
1550.0,20.97893906878241,21.21746740691533,-3.047407985760133,21.0,1,-0.21746740691532906,21.17097039661674,20.5,21.5
1551.0,20.9941337993715,21.177531734483356,-3.0470309709104626,21.0,1,-0.17753173448335602,20.778175010163626,20.5,21.5
1552.0,21.009325566417445,21.20055803164582,-3.046655443331664,21.0,1,-0.2005580316458193,21.430821003270452,20.5,21.5
1553.0,21.024514370215496,21.31279165647213,-3.0462814033097185,21.0,0,-0.3127916564721289,22.435127904735225,20.5,21.5
1554.0,21.01970021106079,21.308942915552002,-3.0459088511294734,21.0,0,-0.30894291555200226,21.270455506350736,20.5,21.5
1555.0,21.01488708924835,21.293395667377702,-3.0455377870746423,21.0,0,-0.29339566737770184,21.137923185634698,20.5,21.5
1556.0,21.010075004273087,21.378370292091578,-3.045168211427808,21.0,0,-0.3783702920915779,22.22811653923034,20.5,21.5
1557.0,21.005263955629946,21.374098785997003,-3.0448001244704184,21.0,0,-0.37409878599700264,21.33138372505125,20.5,21.5
1558.0,21.000453942813927,21.299138137069132,-3.0444335264827878,21.0,0,-0.29913813706913217,20.549531647790428,20.5,21.5
1559.0,20.995644965320068,21.342904451503777,-3.0440684177440955,21.0,0,-0.34290445150377735,21.78056759585023,20.5,21.5
1560.0,20.990837022643454,21.45587017913312,-3.0437047985323886,21.0,0,-0.45587017913312167,22.585527455426565,20.5,21.5
1561.0,20.98603011427922,21.386610410918163,-3.043342669124579,21.0,0,-0.38661041091816273,20.694012728768573,20.5,21.5
1562.0,20.98122423972254,21.41822698596284,-3.042982029796443,21.0,0,-0.41822698596283914,21.734392736409603,20.5,21.5
1563.0,20.976419398468636,21.44343312594326,-3.0426228808226243,21.0,0,-0.44343312594325823,21.69549452574745,20.5,21.5
1564.0,20.971615590012778,21.420893996309168,-3.0422652224766296,21.0,0,-0.420893996309168,21.195502699968266,20.5,21.5
1565.0,20.96681281385028,21.30170923031997,-3.041909055030832,21.0,1,-0.30170923031997177,20.10986157042801,20.5,21.5
1566.0,20.982011069476503,21.342607157484842,-3.0415543787564685,21.0,0,-0.34260715748484216,21.751586429133546,20.5,21.5
1567.0,20.977206356386855,21.28048566975075,-3.04120119392364,21.0,0,-0.2804856697507496,20.659270792409824,20.5,21.5
1568.0,20.972402674876793,21.201135751197313,-3.040849500801312,21.0,1,-0.20113575119731308,20.407636565662948,20.5,21.5
1569.0,20.987600024441658,21.11538044486616,-3.0404992996573146,21.0,1,-0.11538044486616172,20.257827381554648,20.5,21.5
1570.0,21.00279440457684,21.129713345362156,-3.0401505907583406,21.0,1,-0.1297133453621555,21.273042350322093,20.5,21.5
1571.0,21.017985815577774,21.146056020127823,-3.0398033743699475,21.0,1,-0.1460560201278227,21.309482767784495,20.5,21.5
1572.0,21.033174257739784,21.175465175227885,-3.0394576507565567,21.0,1,-0.17546517522788463,21.469556726228504,20.5,21.5
1573.0,21.048359731358083,21.258549330720374,-3.039113420181449,21.0,0,-0.2585493307203741,22.08939088564527,20.5,21.5
1574.0,21.043542236727774,21.357441069463768,-3.038770682906774,21.0,0,-0.35744106946376775,22.346358456897704,20.5,21.5
1575.0,21.038725774143845,21.394373096836038,-3.038429439193539,21.0,0,-0.3943730968360377,21.763693370558737,20.5,21.5
1576.0,21.033910343101176,21.313518156277087,-3.038089689301617,21.0,0,-0.31351815627708746,20.504968750687585,20.5,21.5
1577.0,21.029095943094696,21.31802543095902,-3.037751433489742,21.0,0,-0.31802543095901825,21.363098177778326,20.5,21.5
1578.0,21.024282573619377,21.263657221144317,-3.03741467201551,21.0,0,-0.26365722114431733,20.719975122997308,20.5,21.5
1579.0,21.01947023417025,21.28557848052666,-3.0370794051353798,21.0,0,-0.28557848052665946,21.50479107435008,20.5,21.5
1580.0,21.01465892424239,21.31306228688881,-3.0367456331046725,21.0,0,-0.31306228688881177,21.587900350510335,20.5,21.5
1581.0,21.00984864333092,21.40777154919804,-3.036413356177569,21.0,0,-0.4077715491980385,22.354864172290306,20.5,21.5
1582.0,21.005039390931017,21.440256745277907,-3.0360825746071125,21.0,0,-0.4402567452779067,21.76510870607659,20.5,21.5
1583.0,21.000231166537908,21.49397606313404,-3.0357532886452088,21.0,0,-0.4939760631340384,22.031169241695356,20.5,21.5
1584.0,20.995423969646872,21.478091696428976,-3.0354254985426223,21.0,0,-0.47809169642897587,21.31924802937835,20.5,21.5
1585.0,20.990617799753235,21.421318997928864,-3.035099204548981,21.0,0,-0.4213189979288643,20.85359201292775,20.5,21.5
1586.0,20.985812656352373,21.4030309075981,-3.03477440691277,21.0,0,-0.4030309075981009,21.220150004290467,20.5,21.5
1587.0,20.98100853893972,21.347119399607106,-3.0344511058813373,21.0,0,-0.3471193996071058,20.788004319697155,20.5,21.5
1588.0,20.976205447010756,21.335858681820117,-3.034129301700892,21.0,0,-0.3358586818201168,21.223251503950227,20.5,21.5
1589.0,20.971403380061012,21.28934614898851,-3.0338089946165,21.0,0,-0.2893461489885105,20.824220820672448,20.5,21.5
1590.0,20.966602337586078,21.258110565999058,-3.0334901848720914,21.0,0,-0.2581105659990577,20.94575473610453,20.5,21.5
1591.0,20.961802319081585,21.21401219384304,-3.033172872710451,21.0,0,-0.2140121938430397,20.77302847228286,20.5,21.5
1592.0,20.957003324043228,21.171183506546615,-3.032857058373228,21.0,0,-0.1711835065466154,20.742896633582372,20.5,21.5
1593.0,20.952205351966743,21.095818545676245,-3.0325427421009286,21.0,1,-0.09581854567624504,20.34216893697254,20.5,21.5
1594.0,20.967408402347928,21.142794053324984,-3.032229924132917,21.0,0,-0.14279405332498385,21.612549129812372,20.5,21.5
1595.0,20.962608474682632,21.173763162197712,-3.0319186047074185,21.0,0,-0.17376316219771226,21.483454250924996,20.5,21.5
1596.0,20.957809569266754,21.166866081991543,-3.0316087840615165,21.0,0,-0.16686608199154307,21.09789527992985,20.5,21.5
1597.0,20.95301168559609,21.294541201445163,-3.031300462431152,21.0,0,-0.2945412014451634,22.571292395981366,20.5,21.5
1598.0,20.948214823166484,21.389953880580677,-3.0309936400511273,21.0,0,-0.38995388058067704,22.344080671935814,20.5,21.5
1599.0,20.94341898147384,21.291738294087857,-3.0306883171550982,21.0,1,-0.2917382940878568,20.309582429159654,20.5,21.5
1600.0,20.958624160014114,21.229354679739572,-3.0303844939755837,21.0,1,-0.22935467973957202,20.605518536256724,20.5,21.5
1601.0,20.973826358283315,21.271945804377182,-3.030082170743958,21.0,0,-0.2719458043771823,21.697857050753285,20.5,21.5
1602.0,20.969025576577508,21.233877572892958,-3.0297813476904523,21.0,0,-0.23387757289295763,20.85319525805071,20.5,21.5
1603.0,20.964225815192655,21.182107994169293,-3.0294820250441568,21.0,0,-0.1821079941692929,20.664412206932646,20.5,21.5
1604.0,20.959427073624607,21.173004713482666,-3.0291842030330196,21.0,0,-0.17300471348266555,21.081971906616392,20.5,21.5
1605.0,20.954629351369274,21.21740168396258,-3.0288878818838443,21.0,0,-0.21740168396258142,21.66137138876174,20.5,21.5
1606.0,20.949832647922623,21.16167534615597,-3.028593061822293,21.0,0,-0.16167534615597035,20.60441196808986,20.5,21.5
1607.0,20.945036962780673,21.135824663880122,-3.028299743072883,21.0,0,-0.13582466388012193,20.877317841121638,20.5,21.5
1608.0,20.940242295439504,21.137811393144066,-3.02800792585899,21.0,0,-0.13781139314406587,21.157678685783505,20.5,21.5
1609.0,20.935448645395244,21.187385011780577,-3.0277176104028456,21.0,0,-0.18738501178057732,21.68312119814569,20.5,21.5
1610.0,20.930656012144084,21.20301570789949,-3.0274287969255376,21.0,0,-0.20301570789948897,21.359322669088606,20.5,21.5
1611.0,20.92586439518227,21.18652507323226,-3.027141485647009,21.0,0,-0.18652507323226075,21.02161872655998,20.5,21.5
1612.0,20.921073794006105,21.184431195598826,-3.0268556767860613,21.0,0,-0.18443119559882604,21.16349241926448,20.5,21.5
1613.0,20.916284208111946,21.162013260640236,-3.026571370560349,21.0,0,-0.16201326064023647,20.93783391105434,20.5,21.5
1614.0,20.91149563699621,21.175841713224123,-3.026288567186386,21.0,0,-0.17584171322412345,21.314126239062993,20.5,21.5
1615.0,20.906708080155376,21.10870467347211,-3.026007266879536,21.0,1,-0.10870467347211132,20.43733427595199,20.5,21.5
1616.0,20.921921537085968,21.137955430090678,-3.025727469854024,21.0,1,-0.13795543009067757,21.43046299627634,20.5,21.5
1617.0,20.93713200728458,21.18485889277749,-3.025449176322927,21.0,0,-0.18485889277749123,21.653893519645628,20.5,21.5
1618.0,20.932339491047856,21.187916039271993,-3.025172386498177,21.0,0,-0.18791603927199318,21.218487504217013,20.5,21.5
1619.0,20.927547988672345,21.146764491268303,-3.0248971005905627,21.0,0,-0.1467644912683035,20.735249011231407,20.5,21.5
1620.0,20.92275749965449,21.238987870478653,-3.0246233188097245,21.0,0,-0.23898787047865255,22.161221662582143,20.5,21.5
1621.0,20.917968023490797,21.266213359841306,-3.024351041364161,21.0,0,-0.2662133598413057,21.538468253467837,20.5,21.5
1622.0,20.913179559677825,21.232280813981124,-3.024080268461222,21.0,0,-0.23228081398112366,20.892955355379303,20.5,21.5
1623.0,20.9083921077122,21.314615940374644,-3.023811000307113,21.0,0,-0.3146159403746438,22.137967204309845,20.5,21.5
1624.0,20.903605667090595,21.40453917551971,-3.023543237106894,21.0,0,-0.40453917551970875,22.30377152697036,20.5,21.5
1625.0,20.898820237309756,21.36295647117019,-3.0232769790644785,21.0,0,-0.3629564711701896,20.947129427674998,20.5,21.5
1626.0,20.89403581786648,21.319144358281726,-3.023012226382633,21.0,0,-0.3191443582817257,20.881023229397087,20.5,21.5
1627.0,20.88925240825763,21.243676110969435,-3.0227489792629783,21.0,1,-0.2436761109694352,20.48899363784653,20.5,21.5
1628.0,20.904470007980127,21.12237495130231,-3.022487237905988,21.0,1,-0.12237495130230869,19.909363354631044,20.5,21.5
1629.0,20.91968461653095,21.017454548931866,-3.0222270025109914,21.0,1,-0.017454548931866043,19.96825052522744,20.5,21.5
1630.0,20.93489623420714,21.076952640906047,-3.0219682732761664,21.0,0,-0.07695264090604681,21.671933560647854,20.5,21.5
1631.0,20.930104861305644,21.125385324569987,-3.0217110503985483,21.0,0,-0.12538532456998652,21.609712161209384,20.5,21.5
1632.0,20.925314498123303,21.207993443748453,-3.021455334074023,21.0,0,-0.2079934437484532,22.03407463553312,20.5,21.5
1633.0,20.920525144156862,21.216075564125738,-3.0212011244973302,21.0,0,-0.21607556412573814,21.296896767898588,20.5,21.5
1634.0,20.915736798903133,21.261649650041797,-3.0209484218620615,21.0,0,-0.26164965004179663,21.71739050920238,20.5,21.5
1635.0,20.91094946185898,21.220934381571436,-3.0206972263606593,21.0,0,-0.22093438157143552,20.813781696867824,20.5,21.5
1636.0,20.906163132521336,21.13980074176026,-3.0204475381844222,21.0,1,-0.13980074176026136,20.32846434364852,20.5,21.5
1637.0,20.921377810387195,21.164128067712216,-3.020199357523497,21.0,1,-0.1641280677122161,21.407401327231764,20.5,21.5
1638.0,20.936589494953612,21.217338668693635,-3.019952684566885,21.0,0,-0.21733866869363538,21.749444678507828,20.5,21.5
1639.0,20.931798186517707,21.295677649693246,-3.019707519502438,21.0,0,-0.2956776496932463,22.079067459689355,20.5,21.5
1640.0,20.927007885376504,21.357694833081013,-3.0194638625168597,21.0,0,-0.3576948330810126,21.977866666958676,20.5,21.5
1641.0,20.922218591026926,21.439752939497218,-3.019221713795705,21.0,0,-0.43975293949721816,22.260334003659274,20.5,21.5
1642.0,20.91743030296596,21.303941464917596,-3.018981073523382,21.0,1,-0.303941464917596,19.945826719121374,20.5,21.5
1643.0,20.932643020690662,21.296315617577275,-3.0187419418831487,21.0,1,-0.29631561757727454,21.22005714417406,20.5,21.5
1644.0,20.947852743698146,21.251537786772182,-3.0185043190571132,21.0,1,-0.2515377867721824,20.80375947872126,20.5,21.5
1645.0,20.963059472285593,21.190609389577542,-3.018268205226235,21.0,1,-0.19060938957754203,20.581325417631138,20.5,21.5
1646.0,20.97826320675009,21.165842987707272,-3.0180336005703277,21.0,1,-0.16584298770727202,20.918178969004572,20.5,21.5
1647.0,20.993463947388626,21.24095520132051,-3.0178005052680508,21.0,0,-0.24095520132051007,21.99207733745289,20.5,21.5
1648.0,20.988661694498095,21.199941818680635,-3.0175689194969166,21.0,0,-0.1999418186806352,20.789807992281887,20.5,21.5
1649.0,20.983860448375296,21.17927065552516,-3.017338843433288,21.0,0,-0.17927065552515842,20.97255902397039,20.5,21.5
1650.0,20.979060208516934,21.097572022970933,-3.017110277252379,21.0,1,-0.09757202297093315,20.28058569742868,20.5,21.5
1651.0,20.99426097441978,21.15555511105727,-3.0168832211282517,21.0,0,-0.1555551110572715,21.735385991920655,20.5,21.5
1652.0,20.98945874558067,21.181339877593974,-3.0166576752338194,21.0,0,-0.18133987759397385,21.439187542960997,20.5,21.5
1653.0,20.98465752229651,21.22043103688702,-3.0164336397408444,21.0,0,-0.22043103688702104,21.611342629817493,20.5,21.5
1654.0,20.9798573040641,21.235598557959026,-3.0162111148199404,21.0,0,-0.23559855795902607,21.387273768679076,20.5,21.5
1655.0,20.975058090380323,21.35126900650268,-3.01599010064057,21.0,0,-0.35126900650267956,22.507973491939214,20.5,21.5
1656.0,20.97025988074212,21.26582428023659,-3.015770597371045,21.0,1,-0.26582428023658977,20.411377017575692,20.5,21.5
1657.0,20.9854626746465,21.224242952009472,-3.0155526051785255,21.0,1,-0.22424295200947242,20.8084296697383,20.5,21.5
1658.0,21.000662471590534,21.26984758225898,-3.015336124229023,21.0,0,-0.2698475822589792,21.725893884754047,20.5,21.5
1659.0,20.99585927187137,21.20052403941338,-3.015121154687397,21.0,0,-0.2005240394133807,20.507288610957396,20.5,21.5
1660.0,20.99105707578606,21.198768602214987,-3.014907696717356,21.0,0,-0.1987686022149866,21.181214230231046,20.5,21.5
1661.0,20.98625588283156,21.328917554882636,-3.014695750481458,21.0,0,-0.3289175548826364,22.630407081559134,20.5,21.5
1662.0,20.9814556925049,21.406874629629012,-3.0144853161411085,21.0,0,-0.4068746296290122,22.18644537709277,20.5,21.5
1663.0,20.97665650430317,21.379316029345286,-3.014276393856564,21.0,0,-0.3793160293452864,21.10373002650803,20.5,21.5
1664.0,20.971858317723537,21.44482867026443,-3.0140689837869257,21.0,0,-0.44482867026443174,22.099955079455885,20.5,21.5
1665.0,20.967061132263236,21.399356097486876,-3.013863086090147,21.0,0,-0.3993560974868764,20.944630369711323,20.5,21.5
1666.0,20.962264947419566,21.327473591684925,-3.0136587009230276,21.0,0,-0.3274735916849245,20.608648533665406,20.5,21.5
1667.0,20.957469762689897,21.3038506607038,-3.0134558284412156,21.0,0,-0.3038506607038016,21.067621350892573,20.5,21.5
1668.0,20.95267557757167,21.282337812892084,-3.0132544687992073,21.0,0,-0.28233781289208437,21.067209334774912,20.5,21.5
1669.0,20.9478823915624,21.230772927969376,-3.013054622150346,21.0,0,-0.23077292796937598,20.715124078742292,20.5,21.5
1670.0,20.943090204159656,21.263269020218083,-3.012856288646825,21.0,0,-0.2632690202180825,21.588229942705148,20.5,21.5
1671.0,20.938299014861094,21.235654174491906,-3.012659468439683,21.0,0,-0.23565417449190562,20.959505717230137,20.5,21.5
1672.0,20.933508823164434,21.208280102554575,-3.012464161678807,21.0,0,-0.20828010255457485,20.934539383181267,20.5,21.5
1673.0,20.928719628567464,21.19276292005174,-3.012270368512933,21.0,0,-0.19276292005174156,21.03759109502341,20.5,21.5
1674.0,20.923931430568047,21.18196130799671,-3.0120780890896404,21.0,0,-0.1819613079967084,21.073945187446377,20.5,21.5
1675.0,20.919144228664116,21.1608681800925,-3.011887323555361,21.0,0,-0.1608681800924998,20.949936901050414,20.5,21.5
1676.0,20.91435802235367,21.18561490394567,-3.0116980720553688,21.0,0,-0.1856149039456696,21.433082142477367,20.5,21.5
1677.0,20.90957281113479,21.16041592801661,-3.0115103347337895,21.0,0,-0.16041592801661153,20.90842616872603,20.5,21.5
1678.0,20.904788594505618,21.18302300794079,-3.0113241117335905,21.0,0,-0.18302300794078974,21.409093807182572,20.5,21.5
1679.0,20.90000537196437,21.21570414020455,-3.011139403196591,21.0,0,-0.21570414020455075,21.54251546284216,20.5,21.5
1680.0,20.895223143009336,21.215718986828797,-3.010956209263453,21.0,0,-0.2157189868287972,21.21586745307126,20.5,21.5
1681.0,20.890441907138882,21.165960111956018,-3.0107745300736877,21.0,0,-0.1659601119560179,20.668371363228225,20.5,21.5
1682.0,20.88566166385144,21.07269992163884,-3.0105943657656518,21.0,1,-0.07269992163883998,20.14009801846706,20.5,21.5
1683.0,20.900882412645515,21.037683063535404,-3.0104157164765475,21.0,1,-0.03768306353540396,20.687514482501044,20.5,21.5
1684.0,20.91610015301969,20.995685106057216,-3.0102385823424234,21.0,1,0.004314893942783726,20.57570553127534,20.5,21.5
1685.0,20.93131488527262,20.936695987756856,-3.010062963498177,21.0,1,0.06330401224314386,20.346804804753255,20.5,21.5
1686.0,20.946526609702865,21.013291827959367,-3.009888860077547,21.0,0,-0.013291827959367453,21.77925022998448,20.5,21.5
1687.0,20.94173532660891,21.125002401466325,-3.009716272213123,21.0,0,-0.12500240146632535,22.242108136535904,20.5,21.5
1688.0,20.936945036289146,21.188778492074395,-3.009545200036338,21.0,0,-0.18877849207439468,21.826539398155088,20.5,21.5
1689.0,20.93215573824188,21.26380694832629,-3.009375643677469,21.0,0,-0.26380694832629104,22.014091510845255,20.5,21.5
1690.0,20.927367431965497,21.304579205082298,-3.0092076032656427,21.0,0,-0.3045792050822982,21.71230177264237,20.5,21.5
1691.0,20.92258011695845,21.303872693110602,-3.0090410789288278,21.0,0,-0.30387269311060194,21.29680757339364,20.5,21.5
1692.0,20.917793792719273,21.29144605104952,-3.00887607079384,21.0,0,-0.29144605104951893,21.16717963043869,20.5,21.5
1693.0,20.91300845874657,21.316752586536747,-3.0087125789863407,21.0,0,-0.3167525865367473,21.56981794140903,20.5,21.5
1694.0,20.908224114539024,21.29574323288767,-3.0085506036308356,21.0,0,-0.2957432328876699,21.085649696396896,20.5,21.5
1695.0,20.90344075959539,21.328358886349324,-3.0083901448506767,21.0,0,-0.3283588863493243,21.65451542096587,20.5,21.5
1696.0,20.8986583934145,21.269965287943975,-3.0082312027680596,21.0,0,-0.26996528794397534,20.686029303890486,20.5,21.5
1697.0,20.893877015495264,21.266636078913457,-3.008073777504025,21.0,0,-0.2666360789134572,21.233343988608276,20.5,21.5
1698.0,20.889096625336663,21.244470092442917,-3.0079178691784607,21.0,0,-0.24447009244291706,21.022810227737516,20.5,21.5
1699.0,20.88431722243776,21.29476329873892,-3.007763477910097,21.0,0,-0.29476329873892126,21.797695361698963,20.5,21.5
1700.0,20.87953880629769,21.269814334225877,-3.0076106038165094,21.0,0,-0.2698143342258774,21.02032468909544,20.5,21.5
1701.0,20.874761376415666,21.25878732785483,-3.0074592470141175,21.0,0,-0.2587873278548294,21.14851726414435,20.5,21.5
1702.0,20.86998493229098,21.22312080578289,-3.0073094076181874,21.0,0,-0.22312080578289084,20.866455585063505,20.5,21.5
1703.0,20.865209473422997,21.2190339039118,-3.007161085742827,21.0,0,-0.2190339039118001,21.178164885200893,20.5,21.5
1704.0,20.860434999311163,21.211688374543634,-3.0070142815009913,21.0,0,-0.21168837454363398,21.138233080861973,20.5,21.5
1705.0,20.855661509455,21.19370695554661,-3.006868995004477,21.0,0,-0.19370695554660955,21.013892765576365,20.5,21.5
1706.0,20.85088900335411,21.169178638112946,-3.006725226363927,21.0,0,-0.1691786381129461,20.92389546377631,20.5,21.5
1707.0,20.846117480508166,21.18434462251491,-3.0065829756888265,21.0,0,-0.18434462251491013,21.33600446653455,20.5,21.5
1708.0,20.841346940416926,21.194894576649347,-3.0064422430875055,21.0,0,-0.19489457664934662,21.30039411799371,20.5,21.5
1709.0,20.836577382580224,21.104360485427243,-3.006303028667139,21.0,1,-0.10436048542724308,20.199019573206208,20.5,21.5
1710.0,20.851808806497974,21.106121303667532,-3.006165332533744,21.0,1,-0.10612130366753192,21.12372948607042,20.5,21.5
1711.0,20.86703721167017,21.137960510910325,-3.0060291547921825,21.0,1,-0.13796051091032524,21.45635258333826,20.5,21.5
1712.0,20.882262598396878,21.130508584654407,-3.0058944955461593,21.0,1,-0.1305085846544074,21.05598932209523,20.5,21.5
1713.0,20.897484966978087,21.159910620238644,-3.0057613548982243,21.0,1,-0.15991062023864444,21.453930976081015,20.5,21.5
1714.0,20.91270431771371,21.234197455255202,-3.0056297329497683,21.0,0,-0.2341974552552024,21.977065805420782,20.5,21.5
1715.0,20.907920650903577,21.251760007408603,-3.0054996298010286,21.0,0,-0.2517600074086026,21.427385528942605,20.5,21.5
1716.0,20.903137966847435,21.240521440733993,-3.005371045551084,21.0,0,-0.24052144073399262,21.128135773987893,20.5,21.5
1717.0,20.898356265044956,21.309109576176553,-3.0052439802978563,21.0,0,-0.309109576176553,21.994990930602157,20.5,21.5
1718.0,20.893575544995887,21.24059532095027,-3.0051184341381116,21.0,0,-0.2405953209502698,20.555452768687438,20.5,21.5
1719.0,20.88879580620006,21.264931144638364,-3.0049944071674597,21.0,0,-0.2649311446383642,21.508289381519308,20.5,21.5
1720.0,20.88401704815739,21.32619342966525,-3.004871899480351,21.0,0,-0.3261934296652491,21.938816279934098,20.5,21.5
1721.0,20.87923927036786,21.312179409370962,-3.004750911170082,21.0,0,-0.31217940937096245,21.172039206428096,20.5,21.5
1722.0,20.874462472331555,21.273347293090303,-3.0046314423287894,21.0,0,-0.27334729309030337,20.885026130283713,20.5,21.5
1723.0,20.869686653548623,21.310536066768087,-3.0045134930474546,21.0,0,-0.310536066768087,21.682423803545923,20.5,21.5
1724.0,20.864911813519303,21.178257720998594,-3.0043970634159,21.0,1,-0.1782577209985945,19.85547426330367,20.5,21.5
1725.0,20.880137951743915,21.138726621505565,-3.0042821535227926,21.0,1,-0.13872662150556536,20.743415626575274,20.5,21.5
1726.0,20.895361067722863,21.176474928306448,-3.0041687634556418,21.0,0,-0.1764749283064475,21.55395799631527,20.5,21.5
1727.0,20.89058116175663,21.11600641596256,-3.004056893300799,21.0,0,-0.11600641596255912,20.511321292523675,20.5,21.5
1728.0,20.88580223414562,21.08125968898918,-3.0039465431434564,21.0,0,-0.08125968898918146,20.733792419255405,20.5,21.5
1729.0,20.88102428439016,21.09364017400757,-3.003837713067653,21.0,0,-0.09364017400757163,21.217445024191473,20.5,21.5
1730.0,20.87624731199067,21.104349460878193,-3.0037304031562666,21.0,0,-0.10434946087819341,21.21144232958441,20.5,21.5
1731.0,20.871471316447643,21.050021784095875,-3.0036246134910174,21.0,0,-0.05002178409587543,20.506745016272696,20.5,21.5
1732.0,20.866696297261655,21.112274726026076,-3.003520344152469,21.0,0,-0.11227472602607591,21.73480414532808,20.5,21.5
1733.0,20.861922253933372,21.15870964304179,-3.0034175952200286,21.0,0,-0.1587096430417887,21.623058813198917,20.5,21.5
1734.0,20.857149185963543,21.212675507275865,-3.0033163667719434,21.0,0,-0.21267550727586482,21.752334149616626,20.5,21.5
1735.0,20.852377092852997,21.093209619645133,-3.003216658885302,21.0,1,-0.0932096196451333,19.898550743337818,20.5,21.5
1736.0,20.86760597410265,21.114484956941055,-3.0031184716360375,21.0,1,-0.11448495694105532,21.327238329900275,20.5,21.5
1737.0,20.8828318292135,21.080662570120232,-3.003021805098924,21.0,1,-0.08066257012023215,20.742438701912,20.5,21.5
1738.0,20.89805465848664,21.053218677448186,-3.002926659347576,21.0,1,-0.05321867744818576,20.778779750727722,20.5,21.5
1739.0,20.91327446222307,21.07288218900547,-3.0028330344544525,21.0,1,-0.07288218900546894,21.2695173045783,20.5,21.5
1740.0,20.928491240723737,21.194952592652804,-3.0027409304908526,21.0,0,-0.19495259265280396,22.415656629126154,20.5,21.5
1741.0,20.923704994289494,21.175322893759983,-3.0026503475269166,21.0,0,-0.1753228937599829,20.979025904831772,20.5,21.5
1742.0,20.91891972322113,21.25422574557749,-3.0025612856316277,21.0,0,-0.25422574557748945,22.043254263752555,20.5,21.5
1743.0,20.91413542701936,21.190872354049105,-3.0024737448728107,21.0,0,-0.1908723540491053,20.557338438765264,20.5,21.5
1744.0,20.909352105184983,21.205669991746042,-3.0023877253171323,21.0,0,-0.20566999174604206,21.35364636871541,20.5,21.5
1745.0,20.904569757218884,21.20096104643425,-3.002303227030099,21.0,0,-0.2009610464342515,21.153871593316346,20.5,21.5
1746.0,20.899788382622035,21.201649556930047,-3.0022202500760597,21.0,0,-0.20164955693004671,21.208534661888,20.5,21.5
1747.0,20.895007980895496,21.174754888066225,-3.0021387945182063,21.0,0,-0.17475488806622508,20.90580819942801,20.5,21.5
1748.0,20.890228551540414,21.2004789326919,-3.002058860418571,21.0,0,-0.20047893269190098,21.45771937894866,20.5,21.5
1749.0,20.885450094058022,21.15996897353822,-3.001980447838025,21.0,0,-0.15996897353821993,20.75486938200141,20.5,21.5
1750.0,20.88067260794964,21.127302072685254,-3.001903556836284,21.0,0,-0.12730207268525362,20.80063306415559,20.5,21.5
1751.0,20.875896092716683,21.140751006240748,-3.0018281874719044,21.0,0,-0.1407510062407482,21.275240341795694,20.5,21.5
1752.0,20.871120547860645,21.070657883546485,-3.0017543398022832,21.0,1,-0.07065788354648461,20.36972665660385,20.5,21.5
1753.0,20.886345972883113,21.08120243063029,-3.0016820138836575,21.0,1,-0.08120243063029164,21.186647901468362,20.5,21.5
1754.0,20.90156836728576,21.102629071883747,-3.0016112097711076,21.0,1,-0.10262907188374726,21.316895484418303,20.5,21.5
1755.0,20.91678773137035,21.163567845490228,-3.001541927518554,21.0,0,-0.16356784549022763,21.77295558155503,20.5,21.5
1756.0,20.91200406543857,21.14601499912245,-3.001474167178758,21.0,0,-0.14601499912244975,20.97048653544467,20.5,21.5
1757.0,20.907221369792047,21.269777147796475,-3.001407928803321,21.0,0,-0.269777147796475,22.507398634536727,20.5,21.5
1758.0,20.90243964393233,21.26864677636353,-3.0013432124426878,21.0,0,-0.2686467763635285,21.257343062034064,20.5,21.5
1759.0,20.897658887361054,21.257255376891102,-3.001280018146142,21.0,0,-0.2572553768911021,21.143341382166838,20.5,21.5
1760.0,20.892879099579954,21.238865762523147,-3.0012183459618083,21.0,0,-0.2388657625231474,21.0549696188436,20.5,21.5
1761.0,20.888100280090846,21.214511327088353,-3.001158195936654,21.0,0,-0.21451132708835274,20.970966972740406,20.5,21.5
1762.0,20.88332242839564,21.182494423481394,-3.0010995681164854,21.0,0,-0.1824944234813941,20.862325387411808,20.5,21.5
1763.0,20.87854554399634,21.202927744578798,-3.00104246254595,21.0,0,-0.2029277445787976,21.407260955552832,20.5,21.5
1764.0,20.87376962639503,21.243901763184432,-3.0009868792685364,21.0,0,-0.24390176318443224,21.65364194924078,20.5,21.5
1765.0,20.868994675093898,21.200452946811758,-3.000932818326574,21.0,0,-0.20045294681175818,20.765964783085018,20.5,21.5
1766.0,20.864220689595214,21.303482811316744,-3.0008802797612315,21.0,0,-0.30348281131674426,22.333781456366605,20.5,21.5
1767.0,20.859447669401344,21.281067776521446,-3.0008292636125207,21.0,0,-0.28106777652144643,21.056917428568468,20.5,21.5
1768.0,20.85467561401474,21.267185843010285,-3.0007797699192915,21.0,0,-0.26718584301028514,21.128366507898672,20.5,21.5
1769.0,20.849904522937955,21.263418447310528,-3.0007317987192357,21.0,0,-0.2634184473105279,21.225744490312955,20.5,21.5
1770.0,20.84513439567362,21.32312483595039,-3.0006853500488857,21.0,0,-0.32312483595039154,21.920188722349028,20.5,21.5
1771.0,20.840365231724476,21.18217760910989,-3.0006404239436133,21.0,1,-0.182177609109889,19.772705340704864,20.5,21.5
1772.0,20.855597030593344,21.09574217679669,-3.0005970204376338,21.0,1,-0.09574217679669061,20.231387853664707,20.5,21.5
1773.0,20.870825791783137,21.10262079718796,-3.000555139563999,21.0,1,-0.10262079718796002,21.171407001100654,20.5,21.5
1774.0,20.88605151559687,21.155316723417,-3.000514781354603,21.0,0,-0.15531672341699831,21.68227598570738,20.5,21.5
1775.0,20.88127420233748,21.11498534097804,-3.000475945840182,21.0,0,-0.11498534097804125,20.71167151658847,20.5,21.5
1776.0,20.876497852307843,21.260534511394642,-3.000438633050309,21.0,0,-0.260534511394642,22.71602621556065,20.5,21.5
1777.0,20.87172246501077,21.353058547586503,-3.0004028430134007,21.0,0,-0.3530585475865031,22.278298909505114,20.5,21.5
1778.0,20.866948039949165,21.386343419377614,-3.0003685757567116,21.0,0,-0.38634341937761363,21.71919213728872,20.5,21.5
1779.0,20.862174576626025,21.299633272917315,-3.000335831306338,21.0,1,-0.29963327291731545,20.432531808314334,20.5,21.5
1780.0,20.877402074544438,21.301460978517024,-3.000304609687218,21.0,1,-0.30146097851702436,21.319738034514113,20.5,21.5
1781.0,20.892626533207594,21.207872025384,-3.0002749109231255,21.0,1,-0.20787202538399896,20.271982494053745,20.5,21.5
1782.0,20.907847952918768,21.212999587434126,-3.0002467350366793,21.0,1,-0.21299958743412617,21.2642752079354,20.5,21.5
1783.0,20.923066333981176,21.198291352089935,-3.000220082049335,21.0,1,-0.1982913520899352,21.051208998648026,20.5,21.5
1784.0,20.93828167669797,21.217260281996456,-3.000194951981392,21.0,1,-0.21726028199645597,21.406949581061664,20.5,21.5
1785.0,20.953493981372233,21.2538956127225,-3.000171344851986,21.0,0,-0.2538956127224985,21.620248919982924,20.5,21.5
1786.0,20.948703248306987,21.32526582580919,-3.0001492606790965,21.0,0,-0.32526582580918983,22.038967956676103,20.5,21.5
1787.0,20.94391347780519,21.32833158650135,-3.00012869947954,21.0,0,-0.3283315865013492,21.358989193422943,20.5,21.5
1788.0,20.939124669369733,21.35799268243752,-3.0001096612689757,21.0,0,-0.35799268243751925,21.65460364179922,20.5,21.5
1789.0,20.934336822503607,21.398346749046446,-3.0000921460619026,21.0,0,-0.3983467490464463,21.801887415135717,20.5,21.5
1790.0,20.929549936709893,21.46173467363362,-3.0000761538716576,21.0,0,-0.46173467363362164,22.095613919505375,20.5,21.5
1791.0,20.924764011491778,21.450722942609247,-3.0000616847104205,21.0,0,-0.4507229426092465,21.340605632365495,20.5,21.5
1792.0,20.919979046352537,21.397736300674524,-3.0000487385892107,21.0,0,-0.3977363006745236,20.867869881327294,20.5,21.5
1793.0,20.91519504079555,21.30801283969586,-3.0000373155178863,21.0,1,-0.30801283969585924,20.410778229909216,20.5,21.5
1794.0,20.930411994324285,21.2864378981909,-3.000027415505146,21.0,1,-0.2864378981909006,21.070688483141314,20.5,21.5
1795.0,20.94562590644232,21.182556975724566,-3.0000190385585306,21.0,1,-0.18255697572456597,20.14374775106122,20.5,21.5
1796.0,20.96083677745332,21.189955856973214,-3.0000121846844188,21.0,1,-0.1899558569732136,21.26394466945969,20.5,21.5
1797.0,20.976044607660892,21.20830243168815,-3.0000068538880305,21.0,1,-0.20830243168814988,21.391768178837513,20.5,21.5
1798.0,20.991249397368584,21.26953993412959,-3.0000030461734246,21.0,0,-0.26953993412958965,21.881914958543987,20.5,21.5
1799.0,20.986451146879876,21.129539375905146,-3.000000761543501,21.0,1,-0.12953937590514641,19.729533793660714,20.5,21.5
1800.0,21.00165385649819,21.22055493071059,7.0,21.0,0,-0.22055493071059118,22.13071047876504,20.5,21.5
1801.0,20.99885352572689,21.179254857212108,6.999999238456499,21.0,0,-0.17925485721210777,20.766254122227274,20.5,21.5
1802.0,20.996053754869436,21.177905930496983,6.999996953826575,21.0,0,-0.17790593049698344,21.16441666334574,20.5,21.5
1803.0,20.993254543509227,21.127307394323875,6.9999931461119695,21.0,0,-0.12730739432387495,20.62132203259279,20.5,21.5
1804.0,20.990455891229747,21.247230511189738,6.999987815315581,21.0,0,-0.2472305111897377,22.446461679848365,20.5,21.5
1805.0,20.987657797614563,21.11609173260303,6.999980961441469,21.0,1,-0.11609173260303152,19.80470394673597,20.5,21.5
1806.0,21.00486026224733,21.185683906903428,6.999972584494854,21.0,0,-0.18568390690342795,21.881605649907392,20.5,21.5
1807.0,21.00205928471178,21.186006973137893,6.999962684482114,21.0,0,-0.18600697313789283,21.18923763548254,20.5,21.5
1808.0,20.999258865391734,21.20533289553258,6.999951261410789,21.0,0,-0.20533289553258172,21.39859211947947,20.5,21.5
1809.0,20.99645900387094,21.215004056675433,6.9999383152895795,21.0,0,-0.21500405667543276,21.311715668103943,20.5,21.5
1810.0,20.99365969973322,21.27900836119472,6.999923846128342,21.0,0,-0.2790083611947196,21.919051406387588,20.5,21.5
1811.0,20.9908609525625,21.21997196054049,6.9999078539380974,21.0,0,-0.21997196054049084,20.629607953998203,20.5,21.5
1812.0,20.988062761942775,21.255960104997836,6.999890338731024,21.0,0,-0.25596010499783617,21.61584154957129,20.5,21.5
1813.0,20.98526512745813,21.268193584384495,6.999871300520461,21.0,0,-0.2681935843844947,21.39052837825108,20.5,21.5
1814.0,20.982468048692745,21.25191660545578,6.9998507393209035,21.0,0,-0.2519166054557793,21.089146816168626,20.5,21.5
1815.0,20.97967152523087,21.29302366380202,6.999828655148014,21.0,0,-0.29302366380202116,21.70409424726444,20.5,21.5
1816.0,20.976875556656854,21.369041906307586,6.999805048018608,21.0,0,-0.3690419063075865,22.12922433136324,20.5,21.5
1817.0,20.974080142555128,21.324841622721877,6.999779917950665,21.0,0,-0.3248416227218769,20.88283878686478,20.5,21.5
1818.0,20.971285282510205,21.362923103363336,6.999753264963321,21.0,0,-0.362923103363336,21.743737909777927,20.5,21.5
1819.0,20.968490976106697,21.392741986671474,6.9997250890768745,21.0,0,-0.3927419866714743,21.690930819752857,20.5,21.5
1820.0,20.96569722292929,21.406251476672644,6.999695390312782,21.0,0,-0.4062514766726437,21.541346376684338,20.5,21.5
1821.0,20.962904022562768,21.39405543345284,6.999664168693662,21.0,0,-0.39405543345284144,21.27209500125482,20.5,21.5
1822.0,20.960111374591992,21.362817196464043,6.999631424243288,21.0,0,-0.362817196464043,21.05043482657606,20.5,21.5
1823.0,20.957319278601922,21.273956889672036,6.999597156986599,21.0,1,-0.2739568896720357,20.385353821751963,20.5,21.5
1824.0,20.9745277341776,21.263864759971984,6.999561366949691,21.0,1,-0.2638647599719839,21.162943462971466,20.5,21.5
1825.0,20.991732740904155,21.22064345047235,6.999524054159818,21.0,1,-0.22064345047234823,20.78843035547599,20.5,21.5
1826.0,21.008934299166807,21.145182043703272,6.999485218645397,21.0,1,-0.14518204370327226,20.390567976012512,20.5,21.5
1827.0,21.0261324093507,21.26523417186346,6.999444860436001,21.0,0,-0.26523417186346165,22.465755453465356,20.5,21.5
1828.0,21.023327071840917,21.290767609513324,6.999402979562366,21.0,0,-0.29076760951332403,21.546101986011948,20.5,21.5
1829.0,21.020522287022462,21.293027911309245,6.999359576056387,21.0,0,-0.2930279113092453,21.31563092926846,20.5,21.5
1830.0,21.01771805448027,21.269762419090146,6.999314649951114,21.0,0,-0.26976241909014576,21.03710749689915,20.5,21.5
1831.0,21.014914373799364,21.337316457055685,6.999268201280764,21.0,0,-0.33731645705568525,22.01285683671108,20.5,21.5
1832.0,21.01211124456486,21.265186944956458,6.9992202300807085,21.0,0,-0.2651869449564579,20.543891823964184,20.5,21.5
1833.0,21.009308666361964,21.33218457235997,6.999170736387479,21.0,0,-0.3321845723599708,22.0021608463951,20.5,21.5
1834.0,21.006506638775967,21.314621872121705,6.9991197202387685,21.0,0,-0.31462187212170534,21.13899486973905,20.5,21.5
1835.0,21.00370516139226,21.258701604180033,6.999067181673426,21.0,0,-0.2587016041800325,20.699498924763304,20.5,21.5
1836.0,21.000904233796316,21.199805653448628,6.999013120731464,21.0,0,-0.1998056534486281,20.610846146134584,20.5,21.5
1837.0,20.998103855573703,21.167420337101372,6.99895753745405,21.0,0,-0.1674203371013725,20.843567173628816,20.5,21.5
1838.0,20.99530402631008,21.099321011373753,6.998900431883515,21.0,1,-0.09932101137375327,20.41832775409756,20.5,21.5
1839.0,21.012504745591194,21.189041629682457,6.998841804063346,21.0,0,-0.18904162968245686,22.086247812769493,20.5,21.5
1840.0,21.009702013002887,21.315961448910798,6.998781654038192,21.0,0,-0.315961448910798,22.58515964119421,20.5,21.5
1841.0,21.006899828931093,21.35633823805258,6.998719981853858,21.0,0,-0.35633823805257947,21.760106129470394,20.5,21.5
1842.0,21.004098192961678,21.428162546367997,6.998656787557312,21.0,0,-0.42816254636799655,22.146405629522167,20.5,21.5
1843.0,21.001297104680596,21.444005295446935,6.998592071196679,21.0,0,-0.4440052954469351,21.60243278623632,20.5,21.5
1844.0,20.9984965636739,21.33739154104523,6.998525832821242,21.0,1,-0.3373915410452284,20.27125399702816,20.5,21.5
1845.0,21.01569656952773,21.269941397858013,6.998458072481446,21.0,1,-0.2699413978580125,20.595439965985854,20.5,21.5
1846.0,21.03289312182832,21.23121710837494,6.998388790228892,21.0,1,-0.23121710837493836,20.843974213544197,20.5,21.5
1847.0,21.050086220962,21.259398887969645,6.9983179861163425,21.0,0,-0.2593988879696454,21.541216683916716,20.5,21.5
1848.0,21.047275867315033,21.25885705382371,6.998245660197717,21.0,0,-0.2588570538237107,21.253438712364364,20.5,21.5
1849.0,21.04446606127361,21.2669096728887,6.998171812528096,21.0,0,-0.26690967288870127,21.347435863538607,20.5,21.5
1850.0,21.041656802423862,21.179541020332568,6.998096443163716,21.0,1,-0.17954102033256802,20.305854494771236,20.5,21.5
1851.0,21.05884809035201,21.291916853413593,6.998019552161975,21.0,0,-0.29191685341359275,22.41567518422384,20.5,21.5
1852.0,21.056035924644373,21.31551944350307,6.99794113958143,21.0,0,-0.3155194435030708,21.55154534439785,20.5,21.5
1853.0,21.053224305687362,21.343180177473435,6.997861205481794,21.0,0,-0.3431801774734353,21.61978751717708,20.5,21.5
1854.0,21.05041323306732,21.39152257344672,6.99777974992394,21.0,0,-0.39152257344672137,21.874946533179582,20.5,21.5
1855.0,21.047602706370693,21.537062392729418,6.997696772969901,21.0,0,-0.5370623927294176,22.99246058555638,20.5,21.5
1856.0,21.044792725184013,21.460999049280176,6.997612274682869,21.0,0,-0.46099904928017565,20.700365614787756,20.5,21.5
1857.0,21.041983289093913,21.35875268323344,6.997526255127189,21.0,1,-0.35875268323344045,20.33628902276609,20.5,21.5
1858.0,21.05917439768712,21.33371335342779,6.997438714368372,21.0,1,-0.3337133534277896,21.08332005537128,20.5,21.5
1859.0,21.076362050550454,21.359922750713984,6.997349652473083,21.0,0,-0.3599227507139844,21.622016723575932,20.5,21.5
1860.0,21.073546248070837,21.229034750575032,6.9972590695091474,21.0,1,-0.22903475057503186,19.920154749185507,20.5,21.5
1861.0,21.090730990635123,21.209609204807286,6.9971669655455475,21.0,1,-0.20960920480728618,21.01535374712983,20.5,21.5
1862.0,21.107912277830106,21.285290722720333,6.997073340652424,21.0,0,-0.2852907227203332,22.042105901850803,20.5,21.5
1863.0,21.10509011004267,21.36463805654931,6.996978194901076,21.0,0,-0.36463805654931036,22.158111394839082,20.5,21.5
1864.0,21.102268487659643,21.376424089287347,6.9968815283639625,21.0,0,-0.3764240892873474,21.494284416667718,20.5,21.5
1865.0,21.099447410267782,21.419313852198762,6.996783341114698,21.0,0,-0.41931385219876205,21.84821148131291,20.5,21.5
1866.0,21.09662687745395,21.474748606140402,6.996683633228057,21.0,0,-0.4747486061404018,22.0290961455568,20.5,21.5
1867.0,21.093806888805105,21.484172318814053,6.996582404779971,21.0,0,-0.4841723188140534,21.57840944555057,20.5,21.5
1868.0,21.0909874439083,21.530150517637637,6.996479655847531,21.0,0,-0.5301505176376367,21.98993250587347,20.5,21.5
1869.0,21.088168542350687,21.45022883854677,6.9963753865089835,21.0,0,-0.45022883854677076,20.651012047638112,20.5,21.5
1870.0,21.08535018371952,21.495948604289282,6.996269596843734,21.0,0,-0.495948604289282,21.953146261714394,20.5,21.5
1871.0,21.082532367602145,21.49581632338198,6.996162286932347,21.0,0,-0.49581632338198034,21.494493514308964,20.5,21.5
1872.0,21.07971509358601,21.471365350252935,6.996053456856544,21.0,0,-0.4713653502529347,21.226855618962478,20.5,21.5
1873.0,21.076898361258664,21.323265390548965,6.995943106699201,21.0,1,-0.32326539054896486,19.842265793509267,20.5,21.5
1874.0,21.094082170207752,21.333497221298906,6.995831236544358,21.0,1,-0.3334972212989058,21.435815528798315,20.5,21.5
1875.0,21.111262520021018,21.352086668775787,6.995717846477207,21.0,0,-0.35208666877578665,21.537981143544595,20.5,21.5
1876.0,21.10843941108631,21.359136863691095,6.9956029365841,21.0,0,-0.359136863691095,21.42963881284418,20.5,21.5
1877.0,21.10561684379141,21.395637855515186,6.995486506952545,21.0,0,-0.3956378555151865,21.7606477737561,20.5,21.5
1878.0,21.102794817724043,21.532812219731518,6.995368557671211,21.0,0,-0.5328122197315182,22.904555861894835,20.5,21.5
1879.0,21.099973332472032,21.617454201787094,6.995249088829918,21.0,0,-0.6174542017870941,22.463874022342853,20.5,21.5
1880.0,21.097152387623304,21.579247031385847,6.995128100519649,21.0,0,-0.5792470313858473,21.19717532737338,20.5,21.5
1881.0,21.094331982765883,21.588422826265276,6.99500559283254,21.0,0,-0.5884228262652762,21.680180775059565,20.5,21.5
1882.0,21.0915121174879,21.57348812177948,6.994881565861888,21.0,0,-0.57348812177948,21.42414107692152,20.5,21.5
1883.0,21.08869279137757,21.498120190922332,6.994756019702144,21.0,0,-0.4981201909223323,20.744440882350855,20.5,21.5
1884.0,21.085874004023236,21.460576703447888,6.994628954448916,21.0,0,-0.46057670344788804,21.085141828703446,20.5,21.5
1885.0,21.08305575501332,21.498569138060436,6.994500370198971,21.0,0,-0.4985691380604358,21.878493484185913,20.5,21.5
1886.0,21.080238043936358,21.420989260509963,6.994370267050232,21.0,0,-0.42098926050996255,20.64519048500523,20.5,21.5
1887.0,21.07742087038098,21.428767945185932,6.994238645101776,21.0,0,-0.42876794518593186,21.506554791945625,20.5,21.5
1888.0,21.074604233935926,21.46285003023372,6.994105504453841,21.0,0,-0.46285003023372084,21.80367088071161,20.5,21.5
1889.0,21.07178813419003,21.405183300526538,6.9939708452078175,21.0,0,-0.40518330052653795,20.82851600345471,20.5,21.5
1890.0,21.06897257073223,21.365834505334995,6.993834667466256,21.0,0,-0.36583450533499473,20.972346553419563,20.5,21.5
1891.0,21.06615754315158,21.433124444142024,6.993696971332861,21.0,0,-0.4331244441420239,22.106023832212315,20.5,21.5
1892.0,21.063343051037215,21.426618079719894,6.9935577569124945,21.0,0,-0.4266180797198942,21.361554435498597,20.5,21.5
1893.0,21.06052909397839,21.403835199112116,6.9934170243111735,21.0,0,-0.40383519911211607,21.176006393034335,20.5,21.5
1894.0,21.057715671564456,21.377044029859633,6.993274773636073,21.0,0,-0.3770440298596327,21.1091323373348,20.5,21.5
1895.0,21.05490278338487,21.43601143480373,6.993131004995523,21.0,0,-0.4360114348037314,22.02568548424472,20.5,21.5
1896.0,21.05209042902919,21.359948949171915,6.992985718499009,21.0,0,-0.35994894917191544,20.599324092853756,20.5,21.5
1897.0,21.049278608087082,21.298629238349907,6.992838914257173,21.0,0,-0.29862923834990696,20.685432130129822,20.5,21.5
1898.0,21.046467320148317,21.27165385196886,6.992690592381813,21.0,0,-0.2716538519688605,21.001899988158396,20.5,21.5
1899.0,21.043656564802763,21.311538946578015,6.9925407529858825,21.0,0,-0.31153894657801473,21.710389892669557,20.5,21.5
1900.0,21.0408463416404,21.256309589616933,6.992389396183491,21.0,0,-0.25630958961693295,20.704016020006115,20.5,21.5
1901.0,21.038036650251307,21.260699211424637,6.992236522089903,21.0,0,-0.2606992114246367,21.304595429501674,20.5,21.5
1902.0,21.035227490225676,21.30298699722252,6.992082130821539,21.0,0,-0.30298699722251854,21.725864855201337,20.5,21.5
1903.0,21.032418861153793,21.315146484474372,6.991926222495975,21.0,0,-0.3151464844743721,21.436741356992908,20.5,21.5
1904.0,21.029610762626064,21.312783784058983,6.9917687972319404,21.0,0,-0.31278378405898266,21.28915677990509,20.5,21.5
1905.0,21.026803194232986,21.338839675499223,6.991609855149323,21.0,0,-0.3388396754992229,21.599398589901625,20.5,21.5
1906.0,21.023996155565168,21.358169546214047,6.991449396369164,21.0,0,-0.3581695462140466,21.551468253362284,20.5,21.5
1907.0,21.02118964621333,21.286944426375918,6.991287421013659,21.0,0,-0.28694442637591777,20.57469322799463,20.5,21.5
1908.0,21.01838366576829,21.32375425384234,6.99112392920616,21.0,0,-0.32375425384233836,21.691852528506544,20.5,21.5
1909.0,21.015578213820977,21.33295240704917,6.990958921071172,21.0,0,-0.33295240704917006,21.424933939117487,20.5,21.5
1910.0,21.012773289962425,21.37389117178487,6.990792396734358,21.0,0,-0.3738911717848694,21.783278819141863,20.5,21.5
1911.0,21.00996889378378,21.430325111207218,6.990624356322531,21.0,0,-0.4303251112072175,21.9946645054307,20.5,21.5
1912.0,21.007165024876286,21.51775757048652,6.990454799963662,21.0,0,-0.5177575704865198,22.392082163279543,20.5,21.5
1913.0,21.004361682831306,21.568117409474247,6.990283727786877,21.0,0,-0.5681174094742474,22.071715799351523,20.5,21.5
1914.0,21.0015588672403,21.531327368873512,6.990111139922453,21.0,0,-0.5313273688735123,21.16342696286616,20.5,21.5
1915.0,20.998756577694834,21.553247133126966,6.989937036501823,21.0,0,-0.5532471331269662,21.772444775661505,20.5,21.5
1916.0,20.995954813786597,21.543203206393223,6.989761417657577,21.0,0,-0.5432032063932226,21.442763939055787,20.5,21.5
1917.0,20.99315357510737,21.564094222308366,6.9895842835234525,21.0,0,-0.5640942223083663,21.773004381459803,20.5,21.5
1918.0,20.990352861249054,21.433250390099154,6.989405634234348,21.0,1,-0.433250390099154,20.12481206800703,20.5,21.5
1919.0,21.00755267180365,21.529965506334083,6.989225469926312,21.0,0,-0.5299655063340829,22.497116668683372,20.5,21.5
1920.0,21.004749006363276,21.472827581123227,6.989043790736547,21.0,0,-0.47282758112322654,20.901448329014663,20.5,21.5
1921.0,21.001945865320153,21.432105000976858,6.988860596803409,21.0,0,-0.43210500097685767,21.02487919951317,20.5,21.5
1922.0,20.99914324826645,21.222037674584396,6.9886758882664095,21.0,1,-0.22203767458439572,19.121364410659776,20.5,21.5
1923.0,21.01634115479445,21.23041060022121,6.988489665266211,21.0,1,-0.23041060022120874,21.31413985658934,20.5,21.5
1924.0,21.033535584496544,21.182705903946243,6.988301927944631,21.0,1,-0.18270590394624264,20.70565894119658,20.5,21.5
1925.0,21.050726537765232,21.14926018358249,6.988112676444639,21.0,1,-0.14926018358249138,20.81480297994498,20.5,21.5
1926.0,21.06791401499297,21.159555179871113,6.98792191091036,21.0,1,-0.15955517987111278,21.262505142757327,20.5,21.5
1927.0,21.085098016572154,21.310254302838565,6.987729631487068,21.0,0,-0.31025430283856537,22.81724553251309,20.5,21.5
1928.0,21.082278542895136,21.340386455320534,6.987535838321193,21.0,0,-0.3403864553205338,21.641707980140218,20.5,21.5
1929.0,21.07945959435422,21.36787146870935,6.987340531560317,21.0,0,-0.3678714687093496,21.642721602597508,20.5,21.5
1930.0,21.07664117054166,21.35933259878093,6.987143711353175,21.0,0,-0.3593325987809308,21.273943899496743,20.5,21.5
1931.0,21.07382327104982,21.359780727922516,6.986945377849654,21.0,0,-0.3597807279225158,21.364262019338366,20.5,21.5
1932.0,21.07100589547118,21.45173025409468,6.986745531200793,21.0,0,-0.4517302540946808,22.37122551581633,20.5,21.5
1933.0,21.068189043398327,21.492212757883454,6.986544171558784,21.0,0,-0.4922127578834541,21.897037795771187,20.5,21.5
1934.0,21.065372714423958,21.493073999293294,6.986341299076972,21.0,0,-0.4930739992932942,21.501686413391695,20.5,21.5
1935.0,21.062556908140888,21.538914687505645,6.986136913909853,21.0,0,-0.5389146875056454,21.997321569629158,20.5,21.5
1936.0,21.059741624142042,21.44036584420497,6.985931016213074,21.0,1,-0.44036584420496894,20.454877411198204,20.5,21.5
1937.0,21.076926862020457,21.381726069516283,6.985723606143436,21.0,1,-0.38172606951628296,20.795328322629423,20.5,21.5
1938.0,21.09410862136928,21.341615481142217,6.9855146838588915,21.0,1,-0.34161548114221674,20.940509597401554,20.5,21.5
1939.0,21.111286902581778,21.277699205074242,6.985304249518542,21.0,1,-0.2776992050742422,20.638536444394497,20.5,21.5
1940.0,21.128461706051166,21.333836800563976,6.985092303282644,21.0,0,-0.3338368005639758,21.895212755461312,20.5,21.5
1941.0,21.12563303217061,21.462858994128112,6.984878845312603,21.0,0,-0.46285899412811204,22.753080929769474,20.5,21.5
1942.0,21.12280488133324,21.413917341909855,6.984663875770977,21.0,0,-0.41391734190985474,20.92450081972728,20.5,21.5
1943.0,21.119977253132127,21.425244898979532,6.9844473948214745,21.0,0,-0.4252448989795319,21.538520469676303,20.5,21.5
1944.0,21.117150147160466,21.469430802226164,6.984229402628956,21.0,0,-0.46943080222616373,21.911289834692482,20.5,21.5
1945.0,21.11432356301156,21.321921378457777,6.98400989935943,21.0,1,-0.3219213784577768,19.846827140773907,20.5,21.5
1946.0,21.13149750027883,21.276773650190584,6.98378888518006,21.0,1,-0.2767736501905844,20.82529636751866,20.5,21.5
1947.0,21.14866795855581,21.346637594318214,6.983566360259156,21.0,0,-0.3466375943182136,22.045277035594506,20.5,21.5
1948.0,21.14583493823615,21.431049661339163,6.9833423247661806,21.0,0,-0.4310496613391628,22.275170331548654,20.5,21.5
1949.0,21.143002439713456,21.421928722952654,6.983116778871748,21.0,0,-0.4219287229526536,21.330719339087562,20.5,21.5
1950.0,21.14017046258129,21.500479729194154,6.982889722747621,21.0,0,-0.5004797291941543,22.28598979160916,20.5,21.5
1951.0,21.137339006433322,21.53410866187179,6.982661156566712,21.0,0,-0.534108661871791,21.870397988648158,20.5,21.5
1952.0,21.134508070863347,21.517115906708945,6.982431080503083,21.0,0,-0.5171159067089448,21.347188355080483,20.5,21.5
1953.0,21.131677655465275,21.432144321607133,6.982199494731949,21.0,0,-0.432144321607133,20.582428470589015,20.5,21.5
1954.0,21.12884775983313,21.454807987807293,6.981966399429672,21.0,0,-0.4548079878072926,21.68144464980889,20.5,21.5
1955.0,21.126018383561046,21.422212552812336,6.981731794773765,21.0,0,-0.4222125528123364,21.096258202862774,20.5,21.5
1956.0,21.123189526243287,21.43631079238846,6.981495680942887,21.0,0,-0.43631079238846127,21.57729318814971,20.5,21.5
1957.0,21.120361187474227,21.37814469519326,6.981258058116851,21.0,0,-0.3781446951932601,20.79648372324125,20.5,21.5
1958.0,21.117533366848356,21.433942045587177,6.981018926476618,21.0,0,-0.43394204558717675,21.991915549526343,20.5,21.5
1959.0,21.11470606396028,21.338131677964554,6.980778286204295,21.0,1,-0.33813167796455446,20.38002800173833,20.5,21.5
1960.0,21.13187927840473,21.359507656768425,6.98053613748314,21.0,0,-0.3595076567684252,21.573267444807133,20.5,21.5
1961.0,21.129049009776544,21.335553187841402,6.980292480497562,21.0,0,-0.335553187841402,21.09600849857117,20.5,21.5
1962.0,21.126219258470687,21.382783021776355,6.980047315433115,21.0,0,-0.3827830217763548,21.855081361125883,20.5,21.5
1963.0,21.12339002408208,21.35977726428813,6.979800642476503,21.0,0,-0.3597772642881303,21.129719689405885,20.5,21.5
1964.0,21.120561306205758,21.39913816728535,6.979552461815578,21.0,0,-0.3991381672853507,21.792747197257555,20.5,21.5
1965.0,21.11773310443688,21.483460241259444,6.979302773639341,21.0,0,-0.48346024125944354,22.326680981000372,20.5,21.5
1966.0,21.11490541837072,21.569488152581368,6.979051578137939,21.0,0,-0.5694881525813678,22.42976726580061,20.5,21.5
1967.0,21.112078247602675,21.53782025006641,6.97879887550267,21.0,0,-0.5378202500664102,21.221141224916835,20.5,21.5
1968.0,21.109251591728256,21.495854235137365,6.978544665925977,21.0,0,-0.49585423513736515,21.076194085846915,20.5,21.5
1969.0,21.106425450343096,21.474881845057716,6.978288949601452,21.0,0,-0.47488184505771613,21.265157944261226,20.5,21.5
1970.0,21.10359982304295,21.323104048255043,6.978031726723834,21.0,1,-0.32310404825504335,19.805326080228316,20.5,21.5
1971.0,21.120774709423685,21.246383146376104,6.9777729974890095,21.0,1,-0.24638314637610392,20.47917412758671,20.5,21.5
1972.0,21.137946109081298,21.28559783826143,6.977512762094012,21.0,0,-0.28559783826143104,21.677744757114702,20.5,21.5
1973.0,21.1351140224119,21.264804396290796,6.977251020737022,21.0,0,-0.26480439629079555,21.05686997658444,20.5,21.5
1974.0,21.132282449811566,21.32594239074467,6.976987773617367,21.0,0,-0.3259423907446717,21.937322335283433,20.5,21.5
1975.0,21.129451390876326,21.371643771808465,6.9767230209355215,21.0,0,-0.37164377180846486,21.828657582446397,20.5,21.5
1976.0,21.12662084520234,21.361232162668372,6.976456762893106,21.0,0,-0.3612321626683723,21.257116071267447,20.5,21.5
1977.0,21.123790812385877,21.35033738536793,6.976188999692887,21.0,0,-0.35033738536792924,21.2413896123635,20.5,21.5
1978.0,21.12096129202334,21.382823426380963,6.975919731538778,21.0,0,-0.3828234263809627,21.707683836511297,20.5,21.5
1979.0,21.11813228371124,21.388681657655518,6.975648958635839,21.0,0,-0.38868165765551765,21.447263970401067,20.5,21.5
1980.0,21.115303787046226,21.348553571894406,6.9753766811902755,21.0,0,-0.3485535718944064,20.947272714283294,20.5,21.5
1981.0,21.112475801625056,21.356286894869598,6.975102899409437,21.0,0,-0.35628689486959786,21.433620124621513,20.5,21.5
1982.0,21.109648327044614,21.306598868530397,6.974827613501823,21.0,0,-0.3065988685303971,20.80971860513839,20.5,21.5
1983.0,21.106821362901904,21.335456447305194,6.974550823677073,21.0,0,-0.3354564473051944,21.624032235053168,20.5,21.5
1984.0,21.10399490879406,21.35914241299613,6.974272530145976,21.0,0,-0.35914241299612826,21.596002069905467,20.5,21.5
1985.0,21.10116896431833,21.47311246873068,6.973992733120464,21.0,0,-0.4731124687306796,22.612813026076193,20.5,21.5
1986.0,21.09834352907209,21.497895941720376,6.973711432813614,21.0,0,-0.4978959417203761,21.74573067161734,20.5,21.5
1987.0,21.095518602652838,21.573790394980684,6.973428629439651,21.0,0,-0.5737903949806835,22.332734927583758,20.5,21.5
1988.0,21.092694184658196,21.53966515618851,6.973144323213939,21.0,0,-0.5396651561885086,21.19841276826676,20.5,21.5
1989.0,21.089870274685907,21.50603184471873,6.972858514352991,21.0,0,-0.5060318447187306,21.16969873002095,20.5,21.5
1990.0,21.08704687233384,21.353632318888142,6.972571203074462,21.0,1,-0.35363231888814184,19.829637060582254,20.5,21.5
1991.0,21.10422397719999,21.394854690300683,6.972282389597154,21.0,0,-0.3948546903006829,21.807078404426093,20.5,21.5
1992.0,21.10139758888247,21.368161970258388,6.97199207414101,21.0,0,-0.36816197025838804,21.10123476983544,20.5,21.5
1993.0,21.098571707779524,21.33647371644634,6.971700256927117,21.0,0,-0.3364737164463385,21.019591178325843,20.5,21.5
1994.0,21.095746333489352,21.352929406549656,6.971406938177707,21.0,0,-0.35292940654965577,21.51748630758283,20.5,21.5
1995.0,21.09292146561029,21.447150889457667,6.971112118116156,21.0,0,-0.44715088945766723,22.389365718537782,20.5,21.5
1996.0,21.09009710374079,21.363924318296633,6.97081579696698,21.0,0,-0.3639243182966325,20.531658606686285,20.5,21.5
1997.0,21.087273247479434,21.312061613976265,6.970517974955843,21.0,0,-0.3120616139762653,20.793434570772593,20.5,21.5
1998.0,21.08444989642493,21.384514899428062,6.970218652309548,21.0,0,-0.38451489942806205,22.10904775394603,20.5,21.5
1999.0,21.081627050176106,21.420255898692147,6.969917829256042,21.0,0,-0.4202558986921474,21.777665891333,20.5,21.5
2000.0,21.078804708331923,21.458622847967604,6.969615506024416,21.0,0,-0.4586228479676038,21.842292340722167,20.5,21.5
2001.0,21.075982870491462,21.437815291740684,6.969311682844902,21.0,0,-0.4378152917406837,21.229739729471483,20.5,21.5
2002.0,21.07316153625393,21.467172562905077,6.969006359948873,21.0,0,-0.4671725629050769,21.76074527454901,20.5,21.5
2003.0,21.07034070521867,21.42196857579391,6.968699537568848,21.0,0,-0.42196857579390823,20.96992870468222,20.5,21.5
2004.0,21.06752037698514,21.377489794409573,6.9683912159384835,21.0,0,-0.3774897944095734,20.932701980566225,20.5,21.5
2005.0,21.06470055115293,21.350218841636213,6.9680813952925815,21.0,0,-0.3502188416362131,21.07750931390261,20.5,21.5
2006.0,21.06188122732176,21.342710948685095,6.967770075867083,21.0,0,-0.3427109486850952,21.267632019173917,20.5,21.5
2007.0,21.059062405091467,21.33659219272729,6.967457257899071,21.0,0,-0.33659219272729146,21.275404633149254,20.5,21.5
2008.0,21.05624408406203,21.333084686960394,6.967142941626772,21.0,0,-0.33308468696039384,21.298009629291418,20.5,21.5
2009.0,21.053426263833543,21.3073065896237,6.966827127289549,21.0,0,-0.3073065896236997,21.04952561625676,20.5,21.5
2010.0,21.050608944006235,21.379649390733668,6.9665098151279095,21.0,0,-0.3796493907336682,22.103077401833353,20.5,21.5
2011.0,21.04779212418046,21.359258615001444,6.9661910053835,21.0,0,-0.35925861500144407,21.155350857679203,20.5,21.5
2012.0,21.044975803956703,21.35885993154276,6.965870698299108,21.0,0,-0.3588599315427601,21.35487309695592,20.5,21.5
2013.0,21.042159982935573,21.38518992594597,6.965548894118663,21.0,0,-0.38518992594596924,21.64848986997806,20.5,21.5
2014.0,21.03934466071781,21.48381450001225,6.96522559308723,21.0,0,-0.4838145000122509,22.470060240675068,20.5,21.5
2015.0,21.036529836904283,21.46283269109879,6.964900795451019,21.0,0,-0.46283269109878944,21.253014601964175,20.5,21.5
2016.0,21.03371551109599,21.53070575520084,6.964574501457378,21.0,0,-0.5307057552008416,22.209436396221363,20.5,21.5
2017.0,21.030901682894065,21.51731458442894,6.964246711354791,21.0,0,-0.5173145844289415,21.38340287670994,20.5,21.5
2018.0,21.028088351899758,21.42013436292921,6.9639174253928875,21.0,1,-0.42013436292921114,20.448332147931907,20.5,21.5
2019.0,21.045275517714455,21.30857033884822,6.963586643822431,21.0,1,-0.30857033884822016,20.19293009803831,20.5,21.5
2020.0,21.062459179939676,21.195863111798,6.9632543668953275,21.0,1,-0.1958631117980012,20.06879084129581,20.5,21.5
2021.0,21.079639338977067,21.209569540530836,6.96292059486462,21.0,1,-0.2095695405308362,21.346633827859186,20.5,21.5
2022.0,21.096815995228244,21.23932933687221,6.96258532798449,21.0,0,-0.2393293368722098,21.536927300285946,20.5,21.5
2023.0,21.093989149094796,21.404134195996516,6.962248566510258,21.0,0,-0.4041341959965159,23.052182787239577,20.5,21.5
2024.0,21.091162800978278,21.46127113734685,6.961910310698383,21.0,0,-0.46127113734684855,22.032640550850175,20.5,21.5
2025.0,21.088336950480222,21.515737836362316,6.961570560806461,21.0,0,-0.515737836362316,22.06040482651699,20.5,21.5
2026.0,21.085511597202288,21.50575570944438,6.961229317093226,21.0,0,-0.5057557094443794,21.405934440265014,20.5,21.5
2027.0,21.082686740746265,21.460818939062875,6.960886579818551,21.0,0,-0.4608189390628752,21.011451235247833,20.5,21.5
2028.0,21.07986238071408,21.343854410810007,6.960542349243443,21.0,1,-0.3438544108100068,20.174209128281323,20.5,21.5
2029.0,21.097038516707784,21.34648388581914,6.9601966256300525,21.0,1,-0.3464838858191399,21.37277863591047,20.5,21.5
2030.0,21.114211148329566,21.407446052733228,6.959849409241659,21.0,0,-0.40744605273322776,22.017067721874106,20.5,21.5
2031.0,21.111380275981748,21.423904433222773,6.959500700342685,21.0,0,-0.4239044332227735,21.58848823811823,20.5,21.5
2032.0,21.10854990006662,21.47849220535216,6.959150499198688,21.0,0,-0.4784922053521612,22.024369926646038,20.5,21.5
2033.0,21.105720020186446,21.605078770764703,6.95879880607636,21.0,0,-0.6050787707647025,22.870944424890116,20.5,21.5
2034.0,21.102890635943623,21.563322936705383,6.9584456212435315,21.0,0,-0.5633229367053829,21.145764596112187,20.5,21.5
2035.0,21.100061746940682,21.500494819048868,6.958090944969168,21.0,0,-0.5004948190488676,20.872213642483715,20.5,21.5
2036.0,21.097233352780286,21.512674677892385,6.95773477752337,21.0,0,-0.5126746778923845,21.634473266327554,20.5,21.5
2037.0,21.094405453065235,21.516037627114123,6.957377119177376,21.0,0,-0.5160376271141232,21.54966711933151,20.5,21.5
2038.0,21.091578047398457,21.517205885602785,6.957017970203557,21.0,0,-0.5172058856027846,21.5288884704894,20.5,21.5
2039.0,21.088751135383017,21.43565051997412,6.956657330875421,21.0,0,-0.4356505199741214,20.62009686368749,20.5,21.5
2040.0,21.085924716622117,21.41812994447114,6.956295201467611,21.0,0,-0.41812994447113994,21.242924189441325,20.5,21.5
2041.0,21.083098790719085,21.39967823630721,6.9559315822559045,21.0,0,-0.39967823630721,21.21516115466791,20.5,21.5
2042.0,21.08027335727739,21.405672735956806,6.955566473517212,21.0,0,-0.40567273595680575,21.465617732452763,20.5,21.5
2043.0,21.07744841590064,21.332114834280127,6.955199875529582,21.0,0,-0.33211483428012656,20.596535817513335,20.5,21.5
2044.0,21.074623966192565,21.367670050242825,6.954831788572192,21.0,0,-0.3676700502428254,21.723222209869814,20.5,21.5
2045.0,21.07180000775704,21.352921716922037,6.954462212925358,21.0,0,-0.35292171692203667,21.20543838371415,20.5,21.5
2046.0,21.068976540198076,21.32811705388206,6.9540911488705275,21.0,0,-0.32811705388206036,21.080070423482297,20.5,21.5
2047.0,21.066153563119812,21.346174660520315,6.9537185966902815,21.0,0,-0.3461746605203153,21.526750726902865,20.5,21.5
2048.0,21.063331076126527,21.323092644784083,6.953344556668336,21.0,0,-0.32309264478408295,21.09227248742176,20.5,21.5
2049.0,21.060509078822637,21.380042204688156,6.952969029089537,21.0,0,-0.38004220468815575,21.949537803728884,20.5,21.5
2050.0,21.05768757081269,21.39251028597378,6.952592014239867,21.0,0,-0.39251028597378124,21.517191098830036,20.5,21.5
2051.0,21.054866551701373,21.427057203821487,6.952213512406438,21.0,0,-0.42705720382148726,21.772526382298548,20.5,21.5
2052.0,21.052046021093513,21.369768686312007,6.951833523877495,21.0,0,-0.3697686863120069,20.796883511217203,20.5,21.5
2053.0,21.04922597859407,21.410996701532504,6.951452048942417,21.0,0,-0.410996701532504,21.823276853737475,20.5,21.5
2054.0,21.04640642380814,21.37027527227253,6.951069087891713,21.0,0,-0.3702752722725293,20.963060979672782,20.5,21.5
2055.0,21.043587356340957,21.350891659258117,6.950684641017025,21.0,0,-0.35089165925811727,21.157055529113997,20.5,21.5
2056.0,21.040768775797893,21.28913599157528,6.950298708611126,21.0,0,-0.2891359915752787,20.671579314746893,20.5,21.5
2057.0,21.037950681784455,21.26885853442763,6.949911290967921,21.0,0,-0.2688585344276291,21.066083962951133,20.5,21.5
2058.0,21.03513307390629,21.280146215322368,6.9495223883824435,21.0,0,-0.28014621532236816,21.39302302426976,20.5,21.5
2059.0,21.032315951769185,21.29830733018395,6.949132001150861,21.0,0,-0.29830733018394895,21.479918478799757,20.5,21.5
2060.0,21.029499314979063,21.350388431683264,6.948740129570471,21.0,0,-0.35038843168326395,21.871199446676414,20.5,21.5
2061.0,21.026683163141982,21.30301534521525,6.948346773939699,21.0,0,-0.3030153452152504,20.829284480535115,20.5,21.5
2062.0,21.023867495864142,21.309705979500272,6.947951934558104,21.0,0,-0.3097059795002721,21.37661232235049,20.5,21.5
2063.0,21.02105231275188,21.25703441698851,6.947555611726371,21.0,0,-0.2570344169885104,20.730318791870893,20.5,21.5
2064.0,21.018237613411674,21.298422276568058,6.94715780574632,21.0,0,-0.29842227656805775,21.71230087236353,20.5,21.5
2065.0,21.015423397450142,21.322036580921193,6.946758516920897,21.0,0,-0.3220365809211927,21.558179624452542,20.5,21.5
2066.0,21.012609664474038,21.36718884127897,6.9463577455541765,21.0,0,-0.36718884127897056,21.81871144485675,20.5,21.5
2067.0,21.009796414090253,21.410454353198936,6.945955491951364,21.0,0,-0.4104543531989364,21.843109472398595,20.5,21.5
2068.0,21.006983645905827,21.40787999191543,6.945551756418793,21.0,0,-0.40787999191542923,21.382136379080357,20.5,21.5
2069.0,21.00417135952793,21.409973588916408,6.945146539263926,21.0,0,-0.409973588916408,21.430909558926196,20.5,21.5
2070.0,21.001359554563876,21.32345537635571,6.944739840795354,21.0,1,-0.3234553763557102,20.458273250748732,20.5,21.5
2071.0,21.01854823062112,21.362315530633218,6.944331661322793,21.0,0,-0.362315530633218,21.750917073408296,20.5,21.5
2072.0,21.01573338730726,21.3245440618676,6.943922001157093,21.0,0,-0.32454406186759854,20.946829374211404,20.5,21.5
2073.0,21.01291902503003,21.34693047105906,6.943510860610225,21.0,0,-0.3469304710590606,21.57079456297368,20.5,21.5
2074.0,21.010105143397144,21.374637933705763,6.943098239995292,21.0,0,-0.37463793370576326,21.65171256017279,20.5,21.5
2075.0,21.007291742016463,21.427638608287783,6.942684139626523,21.0,0,-0.4276386082877828,21.957645354107978,20.5,21.5
2076.0,21.004478820495986,21.350358378836777,6.942268559819272,21.0,0,-0.350358378836777,20.57755608432672,20.5,21.5
2077.0,21.00166637844385,21.30136884793121,6.941851500890023,21.0,0,-0.30136884793121155,20.811473538875557,20.5,21.5
2078.0,20.99885441546834,21.275076878964118,6.941432963156382,21.0,0,-0.2750768789641178,21.01215718929318,20.5,21.5
2079.0,20.99604293117788,21.21959027313151,6.941012946937085,21.0,0,-0.2195902731315087,20.664724214805418,20.5,21.5
2080.0,20.993231925181032,21.183680665662116,6.940591452551993,21.0,0,-0.18368066566211638,20.824584590968193,20.5,21.5
2081.0,20.990421397086507,21.265731296091946,6.940168480322092,21.0,0,-0.26573129609194623,22.086237600390245,20.5,21.5
2082.0,20.987611346503154,21.331185281854097,6.939744030569494,21.0,0,-0.331185281854097,21.985725139475605,20.5,21.5
2083.0,20.98480177303997,21.359041922698186,6.939318103617435,21.0,0,-0.3590419226981858,21.637608331139074,20.5,21.5
2084.0,20.981992676306085,21.377081514392817,6.938890699790278,21.0,0,-0.3770815143928168,21.557477431339127,20.5,21.5
2085.0,20.979184055910782,21.402184585407195,6.938461819413509,21.0,0,-0.4021845854071948,21.653215295550975,20.5,21.5
2086.0,20.97637591146348,21.40355702313237,6.938031462813739,21.0,0,-0.40355702313237174,21.41728140038414,20.5,21.5
2087.0,20.97356824257375,21.438983081888043,6.9375996303187035,21.0,0,-0.43898308188804336,21.79324366944476,20.5,21.5
2088.0,20.9707610488513,21.421438125772667,6.937166322257262,21.0,0,-0.42143812577266715,21.245988564618905,20.5,21.5
2089.0,20.967954329905982,21.35976028404668,6.936731538959397,21.0,0,-0.35976028404667915,20.7429818667868,20.5,21.5
2090.0,20.965148085347792,21.2761233851808,6.936295280756216,21.0,1,-0.2761233851807994,20.439754396522,20.5,21.5
2091.0,20.982342314786873,21.280050237571942,6.935857547979946,21.0,1,-0.2800502375719418,21.319318761483366,20.5,21.5
2092.0,20.99953301783351,21.264771134202586,6.935418340963943,21.0,1,-0.26477113420258647,21.111980100509033,20.5,21.5
2093.0,21.016720194898138,21.24267481825347,6.934977660042679,21.0,1,-0.24267481825346948,21.0217116587623,20.5,21.5
2094.0,21.033903846391166,21.277219752021743,6.934535505551754,21.0,0,-0.2772197520217432,21.62266908970448,20.5,21.5
2095.0,21.031083972722996,21.32001870696714,6.934091877827886,21.0,0,-0.3200187069671401,21.74800825642111,20.5,21.5
2096.0,21.028264574304018,21.293214288828757,6.933646777208919,21.0,0,-0.2932142888287572,21.02517010744493,20.5,21.5
2097.0,21.025445650744597,21.24622103649383,6.933200204033815,21.0,0,-0.24622103649382865,20.776288513144543,20.5,21.5
2098.0,21.022627201655254,21.282507304163595,6.932752158642659,21.0,0,-0.2825073041635946,21.645369980861254,20.5,21.5
2099.0,21.01980922664665,21.21104498247528,6.932302641376657,21.0,1,-0.21104498247527914,20.496421765592125,20.5,21.5
2100.0,21.036991725329596,21.211698458718608,6.931851652578136,21.0,1,-0.21169845871860815,21.2182332211519,20.5,21.5
2101.0,21.054170697315044,21.20744936480087,6.931399192590545,21.0,1,-0.20744936480086906,21.164958425623478,20.5,21.5
2102.0,21.0713461430141,21.20195146121903,6.93094526175845,21.0,1,-0.20195146121902852,21.146972425400623,20.5,21.5
2103.0,21.08851806283785,21.224534947603445,6.9304898604275404,21.0,1,-0.22453494760344483,21.450369811447608,20.5,21.5
2104.0,21.10568645719737,21.34654916208886,6.930032988944623,21.0,0,-0.3465491620888592,22.566691306943003,20.5,21.5
2105.0,21.102851326503718,21.432191943228503,6.929574647657626,21.0,0,-0.43219194322850285,22.28861975462494,20.5,21.5
2106.0,21.10001667116795,21.425376748607313,6.929114836915597,21.0,0,-0.425376748607313,21.357224802395415,20.5,21.5
2107.0,21.0971824908011,21.464581444091912,6.928653557068699,21.0,0,-0.4645814440919125,21.856628398937907,20.5,21.5
2108.0,21.094348785014354,21.472864612514954,6.92819080846822,21.0,0,-0.4728646125149538,21.555696296745367,20.5,21.5
2109.0,21.091515553419043,21.383962544002237,6.927726591466562,21.0,1,-0.3839625440022374,20.494941858875073,20.5,21.5
2110.0,21.108682795626653,21.29943404696839,6.927260906417246,21.0,1,-0.2994340469683898,20.454149076629914,20.5,21.5
2111.0,21.12584651124881,21.348599198157945,6.926793753674912,21.0,0,-0.34859919815794527,21.8402507100535,20.5,21.5
2112.0,21.123006700697296,21.321547200171942,6.926325133595316,21.0,0,-0.32154720017194194,21.05102722031191,20.5,21.5
2113.0,21.120167364383875,21.246928350152402,6.925855046535334,21.0,0,-0.24692835015240178,20.500739849957,20.5,21.5
2114.0,21.117328501920305,21.337644595167088,6.925383492852958,21.0,0,-0.3376445951670881,22.24480704531395,20.5,21.5
2115.0,21.114490112918492,21.40443057197826,6.924910472907294,21.0,0,-0.40443057197825993,22.072290340089978,20.5,21.5
2116.0,21.11165219699049,21.491145051032248,6.924435987058571,21.0,0,-0.49114505103224815,22.35828984157213,20.5,21.5
2117.0,21.108814753748504,21.561011645560978,6.923960035668127,21.0,0,-0.5610116455609777,22.259677590848273,20.5,21.5
2118.0,21.10597778280489,21.634279903775344,6.923482619098422,21.0,0,-0.6342799037753437,22.366962485919004,20.5,21.5
2119.0,21.103141283772146,21.623727969227588,6.92300373771303,21.0,0,-0.6237279692275877,21.518208623750027,20.5,21.5
2120.0,21.100305256262935,21.560044936444157,6.922523391876638,21.0,0,-0.5600449364441573,20.923214608609854,20.5,21.5
2121.0,21.09746969989006,21.46507350711869,6.922041581955051,21.0,0,-0.46507350711868867,20.515359213864002,20.5,21.5
2122.0,21.09463461426647,21.46787910036092,6.921558308315188,21.0,0,-0.4678791003609213,21.495935032783247,20.5,21.5
2123.0,21.091799999005282,21.48523476384465,6.921073571325084,21.0,0,-0.4852347638446517,21.658791398681956,20.5,21.5
2124.0,21.088965853719746,21.466391941465957,6.920587371353886,21.0,0,-0.4663919414659574,21.277963717679015,20.5,21.5
2125.0,21.086132178023274,21.463615297661512,6.920099708771858,21.0,0,-0.4636152976615122,21.43584885961706,20.5,21.5
2126.0,21.083298971529423,21.428107154528334,6.919610583950374,21.0,0,-0.4281071545283339,21.07302572319655,20.5,21.5
2127.0,21.080466233851908,21.401389071909414,6.919119997261925,21.0,0,-0.40138907190941353,21.13420824572021,20.5,21.5
2128.0,21.07763396460459,21.344138614364546,6.918627949080115,21.0,0,-0.34413861436454596,20.77163403891587,20.5,21.5
2129.0,21.074802163401486,21.24698791627313,6.918134439779659,21.0,1,-0.246987916273131,20.27548093535898,20.5,21.5
2130.0,21.091970829856763,21.214363616007432,6.917639469736386,21.0,1,-0.21436361600743226,20.888120613350445,20.5,21.5
2131.0,21.109135963584738,21.21674162973972,6.917143039327238,21.0,1,-0.2167416297397189,21.240521767062585,20.5,21.5
2132.0,21.126297564999884,21.210997092661927,6.916645148930266,21.0,1,-0.2109970926619269,21.153551721884007,20.5,21.5
2133.0,21.14345563451667,21.24132679642192,6.916145798924639,21.0,0,-0.24132679642191945,21.544623834021845,20.5,21.5
2134.0,21.14061017254955,21.423560513410827,6.91564498969063,21.0,0,-0.4235605134108269,23.2458976832999,20.5,21.5
2135.0,21.13776517951298,21.49657761005263,6.915142721609629,21.0,0,-0.4965776100526291,22.22674857647065,20.5,21.5
2136.0,21.134920655021396,21.535743094565834,6.914638995064134,21.0,0,-0.5357430945658344,21.927397939697887,20.5,21.5
2137.0,21.132076598689405,21.53936508231106,6.9141338104377565,21.0,0,-0.5393650823110612,21.57558495976333,20.5,21.5
2138.0,21.129233010131756,21.470181633296384,6.913627168115215,21.0,0,-0.4701816332963844,20.778347143149617,20.5,21.5
2139.0,21.126389888963352,21.327992566093048,6.91311906848234,21.0,1,-0.32799256609304805,19.906101894059685,20.5,21.5
2140.0,21.143547234799257,21.25134154968964,6.912609511926071,21.0,1,-0.2513415496896414,20.484831385655575,20.5,21.5
2141.0,21.160701047254683,21.22505504248798,6.9120984988344585,21.0,1,-0.22505504248798047,20.96218997047137,20.5,21.5
2142.0,21.177851326745,21.216775578634056,6.91158602959666,21.0,1,-0.2167755786340564,21.133980940094816,20.5,21.5
2143.0,21.19499807368557,21.313944986298385,6.911072104602945,21.0,0,-0.3139449862983845,22.285639062941666,20.5,21.5
2144.0,21.192141288491754,21.366277187761902,6.910556724244687,21.0,0,-0.3662771877619022,21.88959920239708,20.5,21.5
2145.0,21.189284971578903,21.47461370486288,6.9100398889143735,21.0,0,-0.4746137048628789,22.557978875872646,20.5,21.5
2146.0,21.18642912256237,21.505946262687125,6.909521599005595,21.0,0,-0.5059462626871252,21.819271840929588,20.5,21.5
2147.0,21.183573741057657,21.546593171100557,6.909001854913052,21.0,0,-0.5465931711005574,21.95306225523488,20.5,21.5
2148.0,21.18071882668043,21.49089746428533,6.908480657032554,21.0,0,-0.49089746428532877,20.933940396133043,20.5,21.5
2149.0,21.1778643790465,21.475940184222374,6.907958005761014,21.0,0,-0.47594018422237383,21.326367383592824,20.5,21.5
2150.0,21.175010397771842,21.53040891614408,6.907433901496454,21.0,0,-0.5304089161440793,22.075096235361134,20.5,21.5
2151.0,21.17215688247259,21.45308685822015,6.906908344638002,21.0,0,-0.45308685822014994,20.679866278980857,20.5,21.5
2152.0,21.16930383276502,21.40511809126145,6.906381335585894,21.0,0,-0.4051180912614498,20.92543042167445,20.5,21.5
2153.0,21.166451248265584,21.419949315383512,6.905852874741469,21.0,0,-0.4199493153835121,21.568261556604135,20.5,21.5
2154.0,21.163599128590878,21.438770933694116,6.905322962507173,21.0,0,-0.4387709336941157,21.62698711680015,20.5,21.5
2155.0,21.16074747335766,21.433306748081634,6.904791599286557,21.0,0,-0.43330674808163394,21.378664891956817,20.5,21.5
2156.0,21.157896282182847,21.427655606119608,6.904258785484277,21.0,0,-0.4276556061196075,21.371144186499343,20.5,21.5
2157.0,21.155045554683507,21.404903670455173,6.903724521506096,21.0,0,-0.40490367045517317,21.17738431381083,20.5,21.5
2158.0,21.15219529047687,21.378129974799453,6.903188807758877,21.0,0,-0.3781299747994531,21.110393018242252,20.5,21.5
2159.0,21.149345489180327,21.439327094877104,6.9026516446505894,21.0,0,-0.439327094877104,22.051298295653613,20.5,21.5
2160.0,21.14649615041142,21.375128528350025,6.902113032590307,21.0,0,-0.3751285283500252,20.733142863079237,20.5,21.5
2161.0,21.143647273787856,21.453372272134917,6.901572971988207,21.0,0,-0.45337227213491715,22.235809709983837,20.5,21.5
2162.0,21.140798858927496,21.529113727970074,6.901031463255567,21.0,0,-0.5291137279700742,22.286528286321644,20.5,21.5
2163.0,21.137950905448363,21.598766849973618,6.900488506804772,21.0,0,-0.5987668499736181,22.295298070009057,20.5,21.5
2164.0,21.135103412968636,21.568886343462935,6.899944103049306,21.0,0,-0.5688863434629354,21.27008127835611,20.5,21.5
2165.0,21.132256381106654,21.587790904759196,6.8993982524037545,21.0,0,-0.5877909047591956,21.776836517721797,20.5,21.5
2166.0,21.12940980948091,21.60428121096225,6.898850955283808,21.0,0,-0.6042812109622488,21.76918427299278,20.5,21.5
2167.0,21.126563697710072,21.635408168761913,6.898302212106257,21.0,0,-0.6354081687619129,21.946677746758553,20.5,21.5
2168.0,21.12371804541295,21.62096133329114,6.8977520232889935,21.0,0,-0.6209613332911417,21.47649297858343,20.5,21.5
2169.0,21.120872852208525,21.61358831113967,6.89720038925101,21.0,0,-0.6135883111396687,21.53985808962494,20.5,21.5
2170.0,21.118028117715934,21.617043092324188,6.896647310412399,21.0,0,-0.6170430923241881,21.65159090416938,20.5,21.5
2171.0,21.115183841554472,21.60143440290257,6.896092787194355,21.0,0,-0.6014344029025693,21.445347508686382,20.5,21.5
2172.0,21.1123400233436,21.544299898984985,6.895536820019172,21.0,0,-0.5442998989849848,20.97295485980914,20.5,21.5
2173.0,21.109496662702934,21.47171909434806,6.894979409310242,21.0,0,-0.47171909434806025,20.745911047978815,20.5,21.5
2174.0,21.106653759252257,21.4455556177031,6.894420555492058,21.0,0,-0.4455556177030999,21.183920851253497,20.5,21.5
2175.0,21.103811312611505,21.37534325910631,6.893860258990212,21.0,0,-0.37534325910630884,20.673219673138398,20.5,21.5
2176.0,21.10096932240078,21.35402957543621,6.893298520231393,21.0,0,-0.3540295754362113,21.140892738735236,20.5,21.5
2177.0,21.098127788240344,21.343433632735834,6.892735339643391,21.0,0,-0.3434336327358345,21.237474205732067,20.5,21.5
2178.0,21.095286709750624,21.316038990626843,6.892170717655091,21.0,0,-0.3160389906268435,21.042092569536933,20.5,21.5
2179.0,21.092446086552204,21.296870477491602,6.8916046546964775,21.0,0,-0.296870477491602,21.105185346139187,20.5,21.5
2180.0,21.089605918265832,21.31326803826144,6.891037151198634,21.0,0,-0.313268038261441,21.47724364595983,20.5,21.5
2181.0,21.08676620451242,21.30773702445564,6.890468207593736,21.0,0,-0.30773702445564055,21.252426886397636,20.5,21.5
2182.0,21.083926944913035,21.322920671440208,6.889897824315062,21.0,0,-0.3229206714402082,21.474757141285885,20.5,21.5
2183.0,21.081088139088916,21.435411042414927,6.889326001796981,21.0,0,-0.4354110424149269,22.560314752162114,20.5,21.5
2184.0,21.07824978666146,21.403185289513857,6.888752740474962,21.0,0,-0.403185289513857,21.080927760503158,20.5,21.5
2185.0,21.075411887252223,21.398094028860392,6.888178040785569,21.0,0,-0.3980940288603918,21.34718142232574,20.5,21.5
2186.0,21.072574440482928,21.421484425423735,6.887601903166459,21.0,0,-0.4214844254237349,21.655388391057166,20.5,21.5
2187.0,21.069737445975466,21.368598814067994,6.887024328056388,21.0,0,-0.3685988140679939,20.839742700510584,20.5,21.5
2188.0,21.066900903351883,21.309386474924526,6.886445315895202,21.0,0,-0.3093864749245263,20.71726308348985,20.5,21.5
2189.0,21.064064812234392,21.32891181297949,6.885864867123846,21.0,0,-0.32891181297949146,21.524165193529143,20.5,21.5
2190.0,21.06122917224537,21.345512029116968,6.885282982184357,21.0,0,-0.34551202911696777,21.51151419049173,20.5,21.5
2191.0,21.058393983007356,21.326426176164965,6.884699661519864,21.0,0,-0.32642617616496494,21.135567646644937,20.5,21.5
2192.0,21.05555924414306,21.337232233399067,6.884114905574593,21.0,0,-0.3372322333990674,21.445292805740092,20.5,21.5
2193.0,21.052724955275345,21.38708986282175,6.883528714793861,21.0,0,-0.3870898628217496,21.885666157048572,20.5,21.5
2194.0,21.049891116027247,21.393142478602012,6.882941089624076,21.0,0,-0.39314247860201235,21.45366863640464,20.5,21.5
2195.0,21.047057726021965,21.3175736085047,6.882352030512742,21.0,0,-0.3175736085046985,20.56188490753156,20.5,21.5
2196.0,21.044224784882864,21.316610129886886,6.881761537908451,21.0,0,-0.31661012988688597,21.30697534370876,20.5,21.5
2197.0,21.041392292233468,21.31511336912164,6.881169612260891,21.0,0,-0.3151133691216401,21.30014576146918,20.5,21.5
2198.0,21.038560247697472,21.28656151333467,6.880576254020838,21.0,0,-0.2865615133346715,21.001042955464985,20.5,21.5
2199.0,21.035728650898736,21.21715269594305,6.87998146364016,21.0,0,-0.21715269594304942,20.52306452202683,20.5,21.5
2200.0,21.032897501461285,21.295473982037965,6.879385241571817,21.0,0,-0.29547398203796504,22.07868684298712,20.5,21.5
2201.0,21.030066799009308,21.29672371896199,6.878787588269857,21.0,0,-0.2967237189619887,21.309221088202225,20.5,21.5
2202.0,21.02723654316716,21.23049268726116,6.878188504189419,21.0,0,-0.23049268726116168,20.56818237025289,20.5,21.5
2203.0,21.024406733559363,21.166722243078752,6.877587989786731,21.0,0,-0.16672224307875183,20.529017801254653,20.5,21.5
2204.0,21.021577369810608,21.283036927604083,6.8769860455191125,21.0,0,-0.2830369276040834,22.4461837728574,20.5,21.5
2205.0,21.01874845154575,21.29956628953024,6.8763826718449685,21.0,0,-0.2995662895302402,21.46485990879181,20.5,21.5
2206.0,21.01591997838981,21.301930457109826,6.875777869223795,21.0,0,-0.301930457109826,21.325572132905684,20.5,21.5
2207.0,21.013091949967976,21.45534878932842,6.875171638116177,21.0,0,-0.4553487893284185,22.989532111514343,20.5,21.5
2208.0,21.010264365905606,21.41989182442319,6.874563978983783,21.0,0,-0.41989182442318906,21.065322175370895,20.5,21.5
2209.0,21.00743722582822,21.347739306069933,6.873954892289374,21.0,0,-0.34773930606993275,20.62621412253737,20.5,21.5
2210.0,21.00461052936151,21.30097761982497,6.873344378496795,21.0,0,-0.3009776198249696,20.83336075737534,20.5,21.5
2211.0,21.00178427613134,21.302108831538327,6.8727324380709796,21.0,0,-0.3021088315383267,21.313420948671897,20.5,21.5
2212.0,20.998958465763728,21.234366036770183,6.872119071477947,21.0,0,-0.23436603677018297,20.556938089088746,20.5,21.5
2213.0,20.996133097884872,21.261951167924472,6.871504279184801,21.0,0,-0.2619511679244724,21.537802479467366,20.5,21.5
2214.0,20.993308172121132,21.245159862948384,6.870888061659734,21.0,0,-0.245159862948384,21.0772468131875,20.5,21.5
2215.0,20.99048368809904,21.279354694561373,6.870270419372023,21.0,0,-0.2793546945613734,21.621303010691268,20.5,21.5
2216.0,20.987659645445294,21.29390400601354,6.869651352792029,21.0,0,-0.29390400601354116,21.43939712053522,20.5,21.5
2217.0,20.984836043786764,21.301593565920065,6.869030862391197,21.0,0,-0.30159356592006503,21.378489164985304,20.5,21.5
2218.0,20.982012882750485,21.303427249724905,6.86840894864206,21.0,0,-0.30342724972490487,21.321764087773303,20.5,21.5
2219.0,20.979190161963665,21.37648149452306,6.867785612018229,21.0,0,-0.376481494523059,22.1070239425046,20.5,21.5
2220.0,20.976367881053676,21.398974789459135,6.867160852994403,21.0,0,-0.39897478945913534,21.6239077388199,20.5,21.5
2221.0,20.973546039648063,21.349243661851155,6.866534672046365,21.0,0,-0.34924366185115474,20.85193238577135,20.5,21.5
2222.0,20.97072463737454,21.299462871087126,6.865907069650978,21.0,0,-0.2994628710871261,20.80165496344684,20.5,21.5
2223.0,20.967903673860995,21.306951103113732,6.865278046286188,21.0,0,-0.3069511031137324,21.381833423379796,20.5,21.5
2224.0,20.96508314873548,21.21661354621184,6.864647602431024,21.0,1,-0.21661354621183904,20.313237977192905,20.5,21.5
2225.0,20.98226306162622,21.20306329517178,6.864015738565597,21.0,1,-0.20306329517178057,21.067560784771196,20.5,21.5
2226.0,20.999439412161607,21.156598316355396,6.863382455171098,21.0,1,-0.1565983163553959,20.69194852819155,20.5,21.5
2227.0,21.016612200770208,21.141995597930432,6.8627477527298,21.0,1,-0.14199559793043193,20.995968413680792,20.5,21.5
2228.0,21.0337814278806,21.210537460476182,6.862111631725057,21.0,0,-0.21053746047618205,21.895956085933683,20.5,21.5
2229.0,21.03094709392137,21.320237299327594,6.861474092641302,21.0,0,-0.32023729932759437,22.417235687841718,20.5,21.5
2230.0,21.028113199321112,21.276847930471284,6.860835135964049,21.0,0,-0.2768479304712841,20.84295424190818,20.5,21.5
2231.0,21.02527974370844,21.42755392246112,6.860194762179892,21.0,0,-0.4275539224611187,22.934613842359465,20.5,21.5
2232.0,21.022446726712136,21.419773848855275,6.859552971776503,21.0,0,-0.41977384885527513,21.34197311279684,20.5,21.5
2233.0,21.01961414796115,21.354382656299656,6.8589097652426325,21.0,0,-0.3543826562996557,20.70047073074346,20.5,21.5
2234.0,21.016782007084608,21.31881497425199,6.858265143068112,21.0,0,-0.318814974251989,20.963138153775322,20.5,21.5
2235.0,21.013950303711805,21.348463849423588,6.857619105743849,21.0,0,-0.3484638494235881,21.64495260113958,20.5,21.5
2236.0,21.011119037472213,21.245651897604112,6.856971653761827,21.0,1,-0.24565189760411243,20.217532379409356,20.5,21.5
2237.0,21.02828820799547,21.304118521717427,6.856322787615111,21.0,0,-0.30411852171742737,21.888784762850577,20.5,21.5
2238.0,21.025453814911394,21.439706492420516,6.8556725077978395,21.0,0,-0.43970649242051607,22.795586199451403,20.5,21.5
2239.0,21.02261985864997,21.45181422760811,6.85502081480523,21.0,0,-0.45181422760811074,21.572891579484057,20.5,21.5
2240.0,21.019786338841204,21.449541971992016,6.854367709133575,21.0,0,-0.44954197199201573,21.426819415831066,20.5,21.5
2241.0,21.01695325511526,21.509920701417087,6.853713191280241,21.0,0,-0.5099207014170872,22.113707995667802,20.5,21.5
2242.0,21.014120607102495,21.50609307130092,6.8530572617436745,21.0,0,-0.5060930713009206,21.467816770139255,20.5,21.5
2243.0,21.01128839443342,21.451639463986172,6.852399921023393,21.0,0,-0.4516394639861723,20.90710339083869,20.5,21.5
2244.0,21.00845661673874,21.383960523117395,6.85174116961999,21.0,0,-0.3839605231173948,20.70717111442962,20.5,21.5
2245.0,21.00562527364932,21.371943427791845,6.851081008035133,21.0,0,-0.3719434277918445,21.25177247453634,20.5,21.5
2246.0,21.002794364796195,21.34596925071096,6.850419436771564,21.0,0,-0.3459692507109615,21.08622747990213,20.5,21.5
2247.0,20.99996388981059,21.3616400978686,6.8497564563330995,21.0,0,-0.36164009786860163,21.518348569445003,20.5,21.5
2248.0,20.997133848323895,21.30340037784647,6.8490920672246265,21.0,0,-0.30340037784646867,20.72100317762514,20.5,21.5
2249.0,20.994304239967676,21.33787878586477,6.848426269952107,21.0,0,-0.3378787858647705,21.68266286604779,20.5,21.5
2250.0,20.991475064373674,21.405347951846608,6.847759065022574,21.0,0,-0.40534795184660766,22.08003961166498,20.5,21.5
2251.0,20.988646321173803,21.383580804052922,6.847090452944133,21.0,0,-0.3835808040529223,21.16590932611607,20.5,21.5
2252.0,20.98581801000016,21.318744673895473,6.846420434225962,21.0,0,-0.31874467389547334,20.670383372320984,20.5,21.5
2253.0,20.982990130485003,21.339022552176537,6.845749009378308,21.0,0,-0.3390225521765373,21.541801334987177,20.5,21.5
2254.0,20.980162682260783,21.354391276035575,6.8450761789124925,21.0,0,-0.3543912760355745,21.508078514625947,20.5,21.5
2255.0,20.977335664960112,21.22990608722098,6.844401943340904,21.0,1,-0.2299060872209786,19.98505419907502,20.5,21.5
2256.0,20.99450907821579,21.283523886601852,6.843726303177001,21.0,0,-0.2835238866018521,21.819701880410587,20.5,21.5
2257.0,20.99167892166078,21.31741013181051,6.843049258935315,21.0,0,-0.3174101318105116,21.656272583897106,20.5,21.5
2258.0,20.988849195728235,21.27221389171785,6.842370811131443,21.0,0,-0.2722138917178505,20.82025149079124,20.5,21.5
2259.0,20.986019900051318,21.25815681404116,6.841690960282053,21.0,0,-0.2581568140411612,21.11758603727427,20.5,21.5
2260.0,20.983191034263363,21.288258211990563,6.841009706904881,21.0,0,-0.2882582119905628,21.58927219148458,20.5,21.5
2261.0,20.980362597997892,21.319094813750826,6.840327051518731,21.0,0,-0.3190948137508265,21.627460831353464,20.5,21.5
2262.0,20.977534590888595,21.264203679702455,6.839642994643476,21.0,0,-0.2642036797024545,20.715292339218735,20.5,21.5
2263.0,20.974707012569347,21.232418894943386,6.838957536800052,21.0,0,-0.23241889494338608,20.914571047352702,20.5,21.5
2264.0,20.971879862674193,21.1368608803727,6.838270678510469,21.0,1,-0.1368608803727014,20.181280734665854,20.5,21.5
2265.0,20.98905314083736,21.131907867960216,6.837582420297797,21.0,1,-0.1319078679602157,21.08237774383536,20.5,21.5
2266.0,21.00622284669325,21.038160288234387,6.836892762686174,21.0,1,-0.038160288234386996,20.1006844909761,20.5,21.5
2267.0,21.02338898067645,21.043256307703228,6.836201706200806,21.0,1,-0.04325630770322775,21.094216502391635,20.5,21.5
2268.0,21.040551543221557,21.088161697029285,6.835509251367963,21.0,0,-0.08816169702928534,21.53721559028986,20.5,21.5
2269.0,21.037710534763185,21.249643031695612,6.8348153987149765,21.0,0,-0.2496430316956122,22.86445637835888,20.5,21.5
2270.0,21.034869955735974,21.299848061915718,6.834120148770248,21.0,0,-0.2998480619157178,21.801898364116774,20.5,21.5
2271.0,21.03202980577458,21.337982886825728,6.833423502063241,21.0,0,-0.33798288682572775,21.719331135925827,20.5,21.5
2272.0,21.02919008451384,21.430563557194873,6.832725459124479,21.0,0,-0.4305635571948727,22.356370260886322,20.5,21.5
2273.0,21.02635079158876,21.469643260585666,6.832026020485555,21.0,0,-0.4696432605856664,21.860440294493603,20.5,21.5
2274.0,21.02351192663454,21.347918782259523,6.8313251866791225,21.0,1,-0.3479187822595229,20.130673998998088,20.5,21.5
2275.0,21.04067348928655,21.270802472386244,6.830622958238894,21.0,1,-0.27080247238624366,20.49963937365345,20.5,21.5
2276.0,21.05783147918034,21.236099261572765,6.82991933569965,21.0,1,-0.23609926157276462,20.889067153437974,20.5,21.5
2277.0,21.074985896751645,21.258937650048644,6.829214319597227,21.0,1,-0.2589376500486438,21.487321534807435,20.5,21.5
2278.0,21.092136742436214,21.204189225972573,6.828507910468527,21.0,1,-0.2041892259725735,20.65670498521187,20.5,21.5
2279.0,21.10928401666982,21.257845423657564,6.827800108851512,21.0,0,-0.2578454236575638,21.794407400507467,20.5,21.5
2280.0,21.10642771988826,21.338544891466587,6.8270909152852015,21.0,0,-0.3385448914665865,22.145539569556814,20.5,21.5
2281.0,21.103571852527338,21.420959060775562,6.8263803303096795,21.0,0,-0.4209590607755622,22.24510075386532,20.5,21.5
2282.0,21.100716414222894,21.415755741909248,6.825668354466085,21.0,0,-0.4157557419092477,21.363722553246102,20.5,21.5
2283.0,21.097861404610942,21.420734271395705,6.824954988296621,21.0,0,-0.4207342713957054,21.470519566260283,20.5,21.5
2284.0,21.09500682332768,21.488458838928523,6.824240232344546,21.0,0,-0.4884588389285227,22.165704514256696,20.5,21.5
2285.0,21.092152670009483,21.4728128367693,6.823524087154177,21.0,0,-0.4728128367693003,21.316352815177076,20.5,21.5
2286.0,21.089298944292914,21.372548986373978,6.82280655327089,21.0,1,-0.37254898637397815,20.369910482420757,20.5,21.5
2287.0,21.10644564581471,21.39794895884354,6.82208763124112,21.0,0,-0.3979489588435392,21.65194868353915,20.5,21.5
2288.0,21.103588774211794,21.46481887171903,6.821367321612354,21.0,0,-0.4648188717190287,22.133518000473924,20.5,21.5
2289.0,21.100732329921275,21.459183755720506,6.820645624933142,21.0,0,-0.45918375572050607,21.40283259573528,20.5,21.5
2290.0,21.097876312580276,21.446307597592316,6.819922541753087,21.0,0,-0.4463075975923161,21.317546016310416,20.5,21.5
2291.0,21.09502072182611,21.473923771050625,6.8191980726228465,21.0,0,-0.4739237710506252,21.750085505633717,20.5,21.5
2292.0,21.09216555729627,21.368654174980712,6.818472218094137,21.0,1,-0.36865417498071196,20.31595821428158,20.5,21.5
2293.0,21.10931081862843,21.301184342343657,6.817744978719729,21.0,1,-0.30118434234365665,20.626486015973104,20.5,21.5
2294.0,21.12645250546045,21.2797898267356,6.817016355053443,21.0,1,-0.27978982673559827,21.065844670655014,20.5,21.5
2295.0,21.143590618230366,21.30445732638209,6.816286347650163,21.0,0,-0.30445732638208867,21.551132322846993,20.5,21.5
2296.0,21.14072515737625,21.298365831922506,6.815554957065817,21.0,0,-0.29836583192250643,21.237450887326684,20.5,21.5
2297.0,21.137860123336186,21.3764495222362,6.814822183857394,21.0,0,-0.3764495222362001,22.157286425373137,20.5,21.5
2298.0,21.13499551574829,21.471098723652233,6.81408802858293,21.0,0,-0.4710987236522328,22.41759073781256,20.5,21.5
2299.0,21.132131334250857,21.475164587190438,6.813352491801518,21.0,0,-0.47516458719043797,21.51582322257249,20.5,21.5
2300.0,21.129267578482366,21.53904549839764,6.8126155740733,21.0,0,-0.5390454983976412,22.177854610469673,20.5,21.5
2301.0,21.126404248081485,21.57697465819262,6.811877275959472,21.0,0,-0.5769746581926185,21.956266256142392,20.5,21.5
2302.0,21.123541342687062,21.458576776606826,6.811137598022279,21.0,1,-0.45857677660682583,20.2745979607489,20.5,21.5
2303.0,21.14067886193813,21.34897026175056,6.810396540825019,21.0,1,-0.34897026175055856,20.252905113187886,20.5,21.5
2304.0,21.15781280547391,21.392411816319722,6.809654104932039,21.0,0,-0.3924118163197221,21.826827362011358,20.5,21.5
2305.0,21.154943173733802,21.37029767643698,6.808910290908736,21.0,0,-0.3702976764369801,21.14915627760956,20.5,21.5
2306.0,21.152073967157236,21.37231056103756,6.808165099321557,21.0,0,-0.37231056103755833,21.39243940704334,20.5,21.5
2307.0,21.149205185383668,21.508704724828426,6.807418530737998,21.0,0,-0.5087047248284264,22.872646362737107,20.5,21.5
2308.0,21.14633682805274,21.502312337988272,6.806670585726602,21.0,0,-0.5023123379882719,21.438388469586727,20.5,21.5
2309.0,21.143468894804275,21.43453303102996,6.805921264856963,21.0,0,-0.4345330310299609,20.75673996144685,20.5,21.5
2310.0,21.140601385278288,21.416817956052135,6.8051705686997215,21.0,0,-0.41681795605213523,21.23966720627388,20.5,21.5
2311.0,21.13773429911497,21.33126462613356,6.804418497826565,21.0,1,-0.3312646261335601,20.47573132694781,20.5,21.5
2312.0,21.154867635954712,21.278391850063617,6.803665052810228,21.0,1,-0.2783918500636169,20.749664089364185,20.5,21.5
2313.0,21.171997395438083,21.361458268391686,6.802910234224491,21.0,0,-0.3614582683916865,22.192122451672383,20.5,21.5
2314.0,21.16912357800584,21.332201674210545,6.802154042644183,21.0,0,-0.3322016742105447,21.039635732399127,20.5,21.5
2315.0,21.166250184098768,21.28184207328244,6.8013964786451755,21.0,0,-0.2818420732824407,20.7782460640014,20.5,21.5
2316.0,21.163377213357677,21.357112961879942,6.800637542804387,21.0,0,-0.3571129618799418,22.109821847854953,20.5,21.5
2317.0,21.160504665423566,21.41265828848473,6.79987723569978,21.0,0,-0.41265828848473163,21.96811155453263,20.5,21.5
2318.0,21.157632539937623,21.393517419234264,6.799115557910361,21.0,0,-0.3935174192342643,21.20210872672959,20.5,21.5
2319.0,21.154760836541218,21.349016084564003,6.798352510016181,21.0,0,-0.3490160845640027,20.904002737861386,20.5,21.5
2320.0,21.151889554875915,21.471616534862374,6.7975880925983345,21.0,0,-0.471616534862374,22.697621037846087,20.5,21.5
2321.0,21.14901869458346,21.49322856471847,6.7968223062389574,21.0,0,-0.4932285647184713,21.709348863279445,20.5,21.5
2322.0,21.146148255305793,21.408798036773966,6.796055151521231,21.0,0,-0.4087980367739661,20.564492757328914,20.5,21.5
2323.0,21.143278236685035,21.41475571731624,6.795286629029377,21.0,0,-0.4147557173162397,21.474332522738976,20.5,21.5
2324.0,21.140408638363503,21.53423925929802,6.794516739348657,21.0,0,-0.534239259298019,22.72907467911581,20.5,21.5
2325.0,21.1375394599837,21.47924838686464,6.7937454830653765,21.0,0,-0.47924838686464,20.92933966253085,20.5,21.5
2326.0,21.134670701188316,21.460097721843056,6.792972860766881,21.0,0,-0.46009772184305575,21.268591071627213,20.5,21.5
2327.0,21.13180236162023,21.471844836772995,6.7921988730415555,21.0,0,-0.4718448367729948,21.589315986072386,20.5,21.5
2328.0,21.128934440922514,21.535586870376797,6.791423520478826,21.0,0,-0.5355868703767968,22.173007206414816,20.5,21.5
2329.0,21.126066938738425,21.55204279128568,6.790646803669156,21.0,0,-0.5520427912856789,21.7166020003745,20.5,21.5
2330.0,21.123199854711412,21.48450022173197,6.78986872320405,21.0,0,-0.48450022173197027,20.809074526194884,20.5,21.5
2331.0,21.120333188485112,21.514786263443504,6.78908927967605,21.0,0,-0.5147862634435043,21.817646680558845,20.5,21.5
2332.0,21.117466939703352,21.517701862120617,6.788308473678736,21.0,0,-0.5177018621206173,21.546857848891747,20.5,21.5
2333.0,21.114601108010145,21.451442868125127,6.787526305806726,21.0,0,-0.45144286812512746,20.78885292817023,20.5,21.5
2334.0,21.111735693049706,21.333663389445555,6.786742776655675,21.0,1,-0.3336633894455545,20.155868602649825,20.5,21.5
2335.0,21.12887069446643,21.35890452641093,6.785957886822274,21.0,0,-0.3589045264109316,21.611315896064703,20.5,21.5
2336.0,21.1260021119049,21.338219153428376,6.785171636904251,21.0,0,-0.3382191534283763,21.131365423602823,20.5,21.5
2337.0,21.1231339458099,21.37381001631925,6.784384027500369,21.0,0,-0.3738100163192506,21.729718645227994,20.5,21.5
2338.0,21.12026619582624,21.402329205044662,6.783595059210429,21.0,0,-0.4023292050446621,21.687521092298777,20.5,21.5
2339.0,21.117398861598918,21.38579547420695,6.782804732635261,21.0,0,-0.38579547420695093,21.22045816582984,20.5,21.5
2340.0,21.114531942773127,21.43319203779253,6.782013048376736,21.0,0,-0.43319203779253,21.90715767364832,20.5,21.5
2341.0,21.111665438994248,21.378658868655172,6.781220007037755,21.0,0,-0.3786588686551724,20.833327177281596,20.5,21.5
2342.0,21.108799349907855,21.38722982315789,6.780425609222253,21.0,0,-0.3872298231578917,21.472939368185084,20.5,21.5
2343.0,21.10593367515972,21.373868498886665,6.7796298555352,21.0,0,-0.3738684988866652,21.2402552561744,20.5,21.5
2344.0,21.103068414395793,21.406656282187278,6.778832746582595,21.0,0,-0.4066562821872779,21.734534115193405,20.5,21.5
2345.0,21.10020356726223,21.46020643640583,6.778034282971473,21.0,0,-0.46020643640583003,21.99570797859135,20.5,21.5
2346.0,21.097339133405374,21.422996457838828,6.777234465309897,21.0,0,-0.42299645783882767,21.050896672168804,20.5,21.5
2347.0,21.094475112471756,21.360335747378937,6.776433294206965,21.0,0,-0.3603357473789366,20.733728642780026,20.5,21.5
2348.0,21.0916115041081,21.35409045985528,6.7756307702728025,21.0,0,-0.35409045985527854,21.291637584618698,20.5,21.5
2349.0,21.088748307961335,21.385067137896186,6.774826894118567,21.0,0,-0.3850671378961863,21.694833918305264,20.5,21.5
2350.0,21.085885523678566,21.282228583282482,6.774021666356443,21.0,1,-0.2822285832824818,20.253843037145437,20.5,21.5
2351.0,21.103023150907102,21.357584917557567,6.77321508759965,21.0,0,-0.35758491755756694,22.11114826030842,20.5,21.5
2352.0,21.10015718929444,21.44286813579612,6.772407158462429,21.0,0,-0.4428681357961217,22.29570031818167,20.5,21.5
2353.0,21.097291639288272,21.451962697799978,6.771597879560057,21.0,0,-0.4519626977999778,21.54290831783854,20.5,21.5
2354.0,21.094426500536326,21.50501362822794,6.770787251508832,21.0,0,-0.5050136282279389,22.03552293250755,20.5,21.5
2355.0,21.09156177268652,21.49081024056024,6.769975274926084,21.0,0,-0.4908102405602399,21.34877636388325,20.5,21.5
2356.0,21.08869745538697,21.447206242816893,6.769161950430168,21.0,0,-0.44720624281689325,21.011166265383427,20.5,21.5
2357.0,21.08583354828598,21.36585519875928,6.768347278640467,21.0,0,-0.36585519875928085,20.552344758183157,20.5,21.5
2358.0,21.08297005103205,21.327244905702365,6.767531260177387,21.0,0,-0.327244905702365,20.941141975133206,20.5,21.5
2359.0,21.080106963273877,21.26907069536481,6.766713895662363,21.0,0,-0.2690706953648103,20.687328591989264,20.5,21.5
2360.0,21.077244284660356,21.31018385433688,6.765895185717854,21.0,0,-0.31018385433688067,21.721315444057584,20.5,21.5
2361.0,21.074382014840566,21.37084416085407,6.765075130967342,21.0,0,-0.37084416085406957,21.97744722602596,20.5,21.5
2362.0,21.07152015346379,21.3927618854923,6.7642537320353355,21.0,0,-0.3927618854922983,21.611939131874585,20.5,21.5
2363.0,21.068658700179505,21.334153937339785,6.7634309895473645,21.0,0,-0.33415393733978505,20.748074455814653,20.5,21.5
2364.0,21.06579765463738,21.339914704502576,6.762606904129985,21.0,0,-0.33991470450257566,21.397522376130482,20.5,21.5
2365.0,21.06293701648728,21.284039153245793,6.761781476410771,21.0,0,-0.2840391532457929,20.725283640677965,20.5,21.5
2366.0,21.060076785379263,21.252879459643346,6.760954707018324,21.0,0,-0.2528794596433457,20.941282523618874,20.5,21.5
2367.0,21.05721696096359,21.234437931107315,6.760126596582264,21.0,0,-0.23443793110731548,21.050022645747013,20.5,21.5
2368.0,21.054357542890713,21.266451116573798,6.759297145733233,21.0,0,-0.2664511165737977,21.58658297123862,20.5,21.5
2369.0,21.051498530811283,21.297827769155695,6.758466355102895,21.0,0,-0.2978277691556954,21.611594294974672,20.5,21.5
2370.0,21.048639924376143,21.315968886947918,6.7576342253239305,21.0,0,-0.3159688869479176,21.49738006487014,20.5,21.5
2371.0,21.04578172323633,21.268210431627395,6.756800757030046,21.0,0,-0.268210431627395,20.79062587842217,20.5,21.5
2372.0,21.04292392704309,21.29618429014467,6.755965950855961,21.0,0,-0.2961842901446694,21.575922875317413,20.5,21.5
2373.0,21.040066535447853,21.315337215120334,6.755129807437418,21.0,0,-0.3153372151203335,21.506866464876975,20.5,21.5
2374.0,21.03720954810225,21.21541529838399,6.754292327411178,21.0,1,-0.21541529838399143,20.21619613102057,20.5,21.5
2375.0,21.05435296465811,21.172545336358883,6.753453511415016,21.0,1,-0.17254533635888336,20.743845716107803,20.5,21.5
2376.0,21.071492784767464,21.159203239654634,6.752613360087727,21.0,1,-0.15920323965463368,21.025782272612137,20.5,21.5
2377.0,21.088629008882528,21.15912271116317,6.751771874069124,21.0,1,-0.159122711163171,21.158317426248544,20.5,21.5
2378.0,21.105761637455565,21.254979456858745,6.750929054000036,21.0,0,-0.2549794568587451,22.213546913814486,20.5,21.5
2379.0,21.102890670938873,21.338119711262664,6.750084900522305,21.0,0,-0.3381197112626637,22.16952225530185,20.5,21.5
2380.0,21.10002010978479,21.388972600134633,6.749239414278792,21.0,0,-0.38897260013463253,21.89750148885432,20.5,21.5
2381.0,21.09714995364569,21.477463483036626,6.748392595913371,21.0,0,-0.477463483036626,22.36237231205656,20.5,21.5
2382.0,21.094280202174144,21.498161855658733,6.747544446070931,21.0,0,-0.49816185565873283,21.7051455818798,20.5,21.5
2383.0,21.09141085502292,21.413475797012232,6.746694965397375,21.0,0,-0.41347579701223225,20.566615210547226,20.5,21.5
2384.0,21.088541911844995,21.3884558285932,6.74584415453962,21.0,0,-0.3884558285932016,21.138256144402895,20.5,21.5
2385.0,21.085673372293535,21.40529102445884,6.744992014145594,21.0,0,-0.40529102445884035,21.573642983115228,20.5,21.5
2386.0,21.082805236021905,21.37771617535835,6.744138544864241,21.0,0,-0.37771617535835134,21.10196768435346,20.5,21.5
2387.0,21.079937502683674,21.341208098229725,6.743283747345514,21.0,0,-0.34120809822972475,20.97612732694346,20.5,21.5
2388.0,21.077070171932604,21.38324495279401,6.742427622240379,21.0,0,-0.3832449527940085,21.803613498436846,20.5,21.5
2389.0,21.074203243422666,21.457570042101462,6.741570170200812,21.0,0,-0.45757004210146235,22.200820935176,20.5,21.5
2390.0,21.071336716808023,21.405448654471357,6.740711391879799,21.0,0,-0.4054486544713569,20.884234778170303,20.5,21.5
2391.0,21.068470591743036,21.372537503842775,6.739851287931339,21.0,0,-0.37253750384277495,21.043425997556955,20.5,21.5
2392.0,21.065604867882275,21.402635431166082,6.738989859010438,21.0,0,-0.40263543116608247,21.703614704399158,20.5,21.5
2393.0,21.0627395448805,21.382665561711498,6.738127105773111,21.0,0,-0.382665561711498,21.182966867165653,20.5,21.5
2394.0,21.05987462239268,21.374450488100713,6.737263028876383,21.0,0,-0.37445048810071313,21.292299751992864,20.5,21.5
2395.0,21.057010100073978,21.462171346331356,6.736397628978285,21.0,0,-0.46217134633135615,22.339379928637786,20.5,21.5
2396.0,21.054145977579758,21.51455114131442,6.735530906737857,21.0,0,-0.5145511413144206,22.038349091145065,20.5,21.5
2397.0,21.05128225456559,21.48417816396205,6.734662862815146,21.0,0,-0.48417816396204927,21.180448390438336,20.5,21.5
2398.0,21.048418930687237,21.452160354537895,6.733793497871206,21.0,0,-0.45216035453789516,21.131982260296354,20.5,21.5
2399.0,21.045556005600673,21.41919009432837,6.732922812568095,21.0,0,-0.4191900943283713,21.089487492233133,20.5,21.5
2400.0,21.042693478962068,21.30613274354883,6.732050807568878,21.0,1,-0.30613274354882947,20.17555923575341,20.5,21.5
2401.0,21.05983135042779,21.26213803414504,6.731177483537624,21.0,1,-0.262138034145039,20.822190940107134,20.5,21.5
2402.0,21.076965619654413,21.29583725088688,6.730302841139409,21.0,0,-0.29583725088687984,21.63282941830529,20.5,21.5
2403.0,21.07409628709871,21.33733347080133,6.72942688104031,21.0,0,-0.3373334708013296,21.752295669945827,20.5,21.5
2404.0,21.0712273532175,21.3561609924897,6.7285496039074095,21.0,0,-0.35616099248969846,21.544436209373387,20.5,21.5
2405.0,21.068358817667637,21.486436287218204,6.727671010408791,21.0,0,-0.4864362872182042,22.78918923450326,20.5,21.5
2406.0,21.065490680106183,21.46510505226327,6.726791101213544,21.0,0,-0.4651050522632687,21.251792702713914,20.5,21.5
2407.0,21.062622940190405,21.442495745358464,6.7259098769917545,21.0,0,-0.4424957453584639,21.216402676310416,20.5,21.5
2408.0,21.059755597577766,21.46026603435753,6.725027338414515,21.0,0,-0.4602660343575309,21.6379689243482,20.5,21.5
2409.0,21.056888651925934,21.411456812091497,6.724143486153917,21.0,0,-0.4114568120914974,20.923364589431163,20.5,21.5
2410.0,21.05402210289278,21.358033718496166,6.723258320883052,21.0,0,-0.3580337184961664,20.823802782542856,20.5,21.5
2411.0,21.05115595013638,21.408962495477443,6.722371843276012,21.0,0,-0.4089624954774429,21.918250265290208,20.5,21.5
2412.0,21.048290193315008,21.381934660745184,6.721484054007887,21.0,0,-0.3819346607451841,21.111656313422596,20.5,21.5
2413.0,21.045424832087146,21.344248553880856,6.72059495375477,21.0,0,-0.3442485538808562,20.967387485237577,20.5,21.5
2414.0,21.04255986611148,21.353935657540966,6.719704543193747,21.0,0,-0.35393565754096556,21.45080669414206,20.5,21.5
2415.0,21.039695295046894,21.363820048317343,6.718812823002906,21.0,0,-0.3638200483173435,21.462663956081123,20.5,21.5
2416.0,21.036831118552485,21.333531655771402,6.717919793861329,21.0,0,-0.3335316557714023,21.03064773031199,20.5,21.5
2417.0,21.033967336287546,21.35309579179778,6.7170254564490985,21.0,0,-0.35309579179778083,21.548737152061566,20.5,21.5
2418.0,21.03110394791158,21.355859377347976,6.7161298114472885,21.0,0,-0.3558593773479757,21.383495232849924,20.5,21.5
2419.0,21.028240953084286,21.27289666737769,6.715232859537975,21.0,1,-0.27289666737769025,20.443269567674836,20.5,21.5
2420.0,21.045378351465576,21.170500560335547,6.714334601404225,21.0,1,-0.1705005603355474,20.14653948991412,20.5,21.5
2421.0,21.062512142715565,21.15865065510056,6.7134350377300995,21.0,1,-0.15865065510055842,21.04015160275067,20.5,21.5
2422.0,21.079642327294568,21.15256381648939,6.712534169200657,21.0,1,-0.15256381648939055,21.09169543037771,20.5,21.5
2423.0,21.096768905662948,21.103341770881855,6.711631996501946,21.0,1,-0.1033417708818547,20.611121314806496,20.5,21.5
2424.0,21.113891878281116,21.10917485378544,6.710728520321013,21.0,1,-0.10917485378544001,21.167505682821293,20.5,21.5
2425.0,21.131011245609525,21.29891504886854,6.709823741345893,21.0,0,-0.29891504886854037,23.196316999699544,20.5,21.5
2426.0,21.12812700810867,21.33692166695505,6.708917660265614,21.0,0,-0.33692166695504966,21.716987847820143,20.5,21.5
2427.0,21.125243166239102,21.36396770751503,6.708010277770199,21.0,0,-0.36396770751503027,21.634428113114836,20.5,21.5
2428.0,21.122359719661407,21.35465748981747,6.707101594550655,21.0,0,-0.3546574898174697,21.261555312841864,20.5,21.5
2429.0,21.119476668036384,21.439941259426252,6.706191611298986,21.0,0,-0.4399412594262522,22.292778955514077,20.5,21.5
2430.0,21.116594011025036,21.425879707100215,6.705280328708184,21.0,0,-0.42587970710021494,21.285264183839843,20.5,21.5
2431.0,21.113711748288573,21.396732847203833,6.704367747472231,21.0,0,-0.3967328472038325,21.105264248240008,20.5,21.5
2432.0,21.11082987948841,21.323723828118847,6.703453868286095,21.0,0,-0.3237238281188475,20.593633637268997,20.5,21.5
2433.0,21.10794840428617,21.320991388646927,6.702538691845737,21.0,0,-0.32099138864692733,21.293666993927726,20.5,21.5
2434.0,21.105067322343682,21.29351504173973,6.701622218848103,21.0,0,-0.293515041739731,21.018751572667767,20.5,21.5
2435.0,21.102186633322983,21.180158164786008,6.700704449991126,21.0,1,-0.18015816478600755,20.046589395248773,20.5,21.5
2436.0,21.119306336886318,21.259065314709854,6.699785385973728,21.0,0,-0.2590653147098543,22.04813681394832,20.5,21.5
2437.0,21.116422432696137,21.31766425583603,6.698865027495816,21.0,0,-0.31766425583602853,21.90365366709777,20.5,21.5
2438.0,21.113538921215095,21.333853547914764,6.6979433752582835,21.0,0,-0.33385354791476374,21.495746468702116,20.5,21.5
2439.0,21.110655802105903,21.32938029418752,6.697020429963008,21.0,0,-0.32938029418751924,21.284647756915074,20.5,21.5
2440.0,21.107773075031474,21.369196524080085,6.696096192312853,21.0,0,-0.36919652408008474,21.76735882300574,20.5,21.5
2441.0,21.10489073965493,21.297446322691012,6.695170663011664,21.0,0,-0.29744632269101245,20.57994430880029,20.5,21.5
2442.0,21.102008795639602,21.235632612373422,6.6942438427642745,21.0,0,-0.23563261237342203,20.617495509197518,20.5,21.5
2443.0,21.099127242649026,21.328143503618,6.6933157322764965,21.0,0,-0.3281435036180014,22.253252416063795,20.5,21.5
2444.0,21.09624608034695,21.362695288282424,6.692386332255128,21.0,0,-0.36269528828242414,21.708213134926652,20.5,21.5
2445.0,21.09336530839733,21.39104621033529,6.691455643407947,21.0,0,-0.39104621033528986,21.674555430863947,20.5,21.5
2446.0,21.090484926464335,21.435930989822282,6.690523666443712,21.0,0,-0.43593098982228184,21.8847787846922,20.5,21.5
2447.0,21.08760493421233,21.52390448547031,6.689590402072167,21.0,0,-0.523904485470311,22.403639441950602,20.5,21.5
2448.0,21.0847253313059,21.48880577880432,6.688655851004031,21.0,0,-0.48880577880431986,21.13781871214441,20.5,21.5
2449.0,21.08184611740984,21.51560370773604,6.687720013951005,21.0,0,-0.5156037077360409,21.78358299705325,20.5,21.5
2450.0,21.078967292189148,21.493282327601268,6.686782891625771,21.0,0,-0.49328232760126767,21.270068526253535,20.5,21.5
2451.0,21.076088855309035,21.508384473023906,6.685844484741988,21.0,0,-0.5083844730239058,21.659405927250287,20.5,21.5
2452.0,21.073210806434922,21.523408818429793,6.684904794014295,21.0,0,-0.5234088184297931,21.673652272488667,20.5,21.5
2453.0,21.07033314523244,21.556642733588887,6.683963820158305,21.0,0,-0.5566427335888875,21.88898188517983,20.5,21.5
2454.0,21.067455871367425,21.464503834554414,6.6830215638906125,21.0,0,-0.4645038345544137,20.543114844209676,20.5,21.5
2455.0,21.06457898450593,21.408960072051915,6.682078025928785,21.0,0,-0.4089600720519151,20.85352244702693,20.5,21.5
2456.0,21.061702484314214,21.411415764299594,6.681133206991369,21.0,0,-0.41141576429959414,21.435972686776385,20.5,21.5
2457.0,21.05882637045875,21.40421391086325,6.6801871077978845,21.0,0,-0.4042139108632483,21.33219537649979,20.5,21.5
2458.0,21.055950642606216,21.394270711084793,6.679239729068827,21.0,0,-0.3942707110847934,21.294838713300244,20.5,21.5
2459.0,21.053075300423508,21.48452116449418,6.678291071525666,21.0,0,-0.48452116449417915,22.387025698588037,20.5,21.5
2460.0,21.05020034357773,21.449305693268858,6.677341135890849,21.0,0,-0.44930569326885816,21.09715098101565,20.5,21.5
2461.0,21.04732577173619,21.389876722242484,6.676389922887788,21.0,0,-0.3898767222424837,20.79558701197874,20.5,21.5
2462.0,21.04445158456642,21.28104191334815,6.6754374332408775,21.0,1,-0.281041913348151,20.192693824404824,20.5,21.5
2463.0,21.061577781736155,21.270852373060926,6.674483667675478,21.0,1,-0.2708523730609258,21.168956970188674,20.5,21.5
2464.0,21.07870036291334,21.218460256445432,6.673528626917923,21.0,1,-0.21846025644543232,20.694539090290498,20.5,21.5
2465.0,21.095819328566144,21.394138225680585,6.672572311695519,21.0,0,-0.3941382256805852,23.150917918032114,20.5,21.5
2466.0,21.09293467916277,21.421089876705402,6.671614722736541,21.0,0,-0.4210898767054019,21.69060638695357,20.5,21.5
2467.0,21.090050415171486,21.48233761625647,6.670655860770234,21.0,0,-0.4823376162564692,22.094815011767142,20.5,21.5
2468.0,21.087166536260607,21.437201001199544,6.669695726526814,21.0,0,-0.4372010011995435,20.985834850630287,20.5,21.5
2469.0,21.08428304209866,21.481473988762566,6.668734320737463,21.0,0,-0.4814739887625663,21.924203864392794,20.5,21.5
2470.0,21.08139993235439,21.33745882885655,6.667771644134336,21.0,1,-0.3374588288565512,19.8973072297964,20.5,21.5
2471.0,21.098517206696748,21.38802387343921,6.666807697450553,21.0,0,-0.3880238734392094,21.89367431926579,20.5,21.5
2472.0,21.0956308647949,21.357134893061065,6.665842481420199,21.0,0,-0.3571348930610654,21.048245089279625,20.5,21.5
2473.0,21.092744907118224,21.38951070389739,6.6648759967783295,21.0,0,-0.38951070389738973,21.713268812260633,20.5,21.5
2474.0,21.089859333336157,21.384425825359063,6.663908244260965,21.0,0,-0.3844258253590631,21.333577039975797,20.5,21.5
2475.0,21.086974143118344,21.480009368600832,6.66293922460509,21.0,0,-0.48000936860083243,22.435844801018526,20.5,21.5
2476.0,21.084089336134642,21.461865762856018,6.6619689385486565,21.0,0,-0.4618657628560179,21.280429705407872,20.5,21.5
2477.0,21.081204912055124,21.523349673468807,6.660997386830578,21.0,0,-0.5233496734688075,22.138188779596703,20.5,21.5
2478.0,21.07832087055008,21.609756182629063,6.6600245701907355,21.0,0,-0.609756182629063,22.473821274231618,20.5,21.5
2479.0,21.07543721129001,21.61900169087538,6.659050489369968,21.0,0,-0.619001690875379,21.71145677333854,20.5,21.5
2480.0,21.072553933945624,21.584870306008195,6.658075145110083,21.0,0,-0.5848703060081952,21.243556457336357,20.5,21.5
2481.0,21.069671038187856,21.540898362191207,6.657098538153847,21.0,0,-0.5408983621912071,21.101178924021326,20.5,21.5
2482.0,21.066788523687848,21.54154796726799,6.656120669244989,21.0,0,-0.5415479672679915,21.548044018035835,20.5,21.5
2483.0,21.06390639011696,21.46486700708943,6.655141539128198,21.0,0,-0.4648670070894312,20.698057405303828,20.5,21.5
2484.0,21.06102463714676,21.364668403013223,6.654161148549123,21.0,1,-0.3646684030132228,20.36268236225114,20.5,21.5
2485.0,21.078143264449043,21.342046597870528,6.653179498254377,21.0,1,-0.34204659787052805,21.11582854644358,20.5,21.5
2486.0,21.095258271695805,21.353502638212138,6.6521965889915275,21.0,1,-0.353502638212138,21.468063041628238,20.5,21.5
2487.0,21.112369659359263,21.315360008672084,6.651212421509103,21.0,1,-0.3153600086720836,20.93393371327154,20.5,21.5
2488.0,21.129477427911695,21.254416163410095,6.65022699655659,21.0,1,-0.2544161634100952,20.64497771079021,20.5,21.5
2489.0,21.146581577825422,21.3414962492552,6.649240314884433,21.0,0,-0.3414962492552007,22.212297107706256,20.5,21.5
2490.0,21.143682109572833,21.367156851847447,6.648252377244032,21.0,0,-0.3671568518474473,21.623762877769913,20.5,21.5
2491.0,21.140783023626366,21.396259036173713,6.647263184387744,21.0,0,-0.3962590361737135,21.687280879436376,20.5,21.5
2492.0,21.137884319658518,21.405299924529437,6.646272737068884,21.0,0,-0.4052999245294373,21.495708808086675,20.5,21.5
2493.0,21.134985997342,21.48720677355051,6.64528103604172,21.0,0,-0.48720677355051123,22.30627526376125,20.5,21.5
2494.0,21.13208805634974,21.516011396991008,6.644288082061475,21.0,0,-0.5160113969910078,21.804057631395974,20.5,21.5
2495.0,21.129190496354884,21.501766346255728,6.643293875884328,21.0,0,-0.501766346255728,21.35931583890293,20.5,21.5
2496.0,21.12629331703079,21.487530299980342,6.6422984182674085,21.0,0,-0.48753029998034236,21.345169837226486,20.5,21.5
2497.0,21.123396518051038,21.4647366210894,6.641301709968801,21.0,0,-0.4647366210894006,21.236799832179983,20.5,21.5
2498.0,21.120500099089423,21.408845061907932,6.640303751747544,21.0,0,-0.40884506190793246,20.84992947009325,20.5,21.5
2499.0,21.117604059819953,21.345843998773688,6.639304544363625,21.0,0,-0.3458439987736881,20.715833367431244,20.5,21.5
2500.0,21.11470839991686,21.367026700825498,6.638304088577984,21.0,0,-0.36702670082549815,21.5788537213436,20.5,21.5
2501.0,21.11181311905459,21.371219207176807,6.637302385152511,21.0,0,-0.37121920717680723,21.413144270689898,20.5,21.5
2502.0,21.10891821690781,21.490452749678056,6.636299434850047,21.0,0,-0.49045274967805597,22.682788174690543,20.5,21.5
2503.0,21.1060236931514,21.50059829174733,6.635295238434383,21.0,0,-0.5005982917473304,21.602053712440075,20.5,21.5
2504.0,21.103129547460455,21.465722808985525,6.634289796670258,21.0,0,-0.4657228089855252,21.116967981367473,20.5,21.5
2505.0,21.100235779510296,21.467646337260913,6.633283110323358,21.0,0,-0.46764633726091276,21.48688162001479,20.5,21.5
2506.0,21.097342388976458,21.505854006996767,6.63227518016032,21.0,0,-0.505854006996767,21.88793070435531,20.5,21.5
2507.0,21.094449375534694,21.428504249997182,6.631266006948728,21.0,0,-0.4285042499971823,20.655006680001335,20.5,21.5
2508.0,21.091556738860977,21.416213647123165,6.630255591457108,21.0,0,-0.4162136471231648,21.29330761838299,20.5,21.5
2509.0,21.088664478631497,21.470132897810966,6.629243934454938,21.0,0,-0.47013289781096645,22.009325404688983,20.5,21.5
2510.0,21.085772594522663,21.427792252742524,6.628231036712639,21.0,0,-0.42779225274252397,21.0043858020581,20.5,21.5
2511.0,21.0828810862111,21.418693885228805,6.627216899001574,21.0,0,-0.41869388522880513,21.327710210091617,20.5,21.5
2512.0,21.07998995337366,21.457979622491123,6.626201522094055,21.0,0,-0.45797962249112345,21.850836995114307,20.5,21.5
2513.0,21.077099195687403,21.462263475417174,6.6251849067633355,21.0,0,-0.46226347541717416,21.50510200467768,20.5,21.5
2514.0,21.074208812829617,21.549785795727423,6.624167053783612,21.0,0,-0.5497857957274235,22.425008998829917,20.5,21.5
2515.0,21.07131880447781,21.56793823360968,6.623147963930025,21.0,0,-0.5679382336096808,21.749462612432254,20.5,21.5
2516.0,21.0684291703097,21.538362179043936,6.622127637978653,21.0,0,-0.5383621790439364,21.242601633386492,20.5,21.5
2517.0,21.06553991000323,21.451611457275945,6.621106076706521,21.0,0,-0.45161145727594487,20.58410423959603,20.5,21.5
2518.0,21.062651023236572,21.47498556203112,6.620083280891592,21.0,0,-0.47498556203111875,21.708726609582857,20.5,21.5
2519.0,21.059762509688102,21.41535193753531,6.619059251312769,21.0,0,-0.4153519375353092,20.819015692577214,20.5,21.5
2520.0,21.05687436903643,21.42991616452958,6.618033988749895,21.0,0,-0.4299161645295797,21.575558434472285,20.5,21.5
2521.0,21.05398660096037,21.44222971110496,6.617007493983753,21.0,0,-0.4422297111049609,21.565365176858773,20.5,21.5
2522.0,21.051099205138975,21.42952768873237,6.615979767796061,21.0,0,-0.4295276887323709,21.30250746500647,20.5,21.5
2523.0,21.048212181251508,21.40667035087814,6.61495081096948,21.0,0,-0.40667035087814085,21.17809697233584,20.5,21.5
2524.0,21.04532552897745,21.372781613671556,6.613920624287604,21.0,0,-0.37278161367155604,21.033894241605708,20.5,21.5
2525.0,21.042439247996512,21.25779756907317,6.612889208534965,21.0,1,-0.2577975690731691,20.1079571230893,20.5,21.5
2526.0,21.05955333798862,21.127894287115215,6.611856564497032,21.0,1,-0.12789428711521467,19.82886146753567,20.5,21.5
2527.0,21.076663798633923,21.162521193204114,6.610822692960206,21.0,0,-0.16252119320411396,21.508790254093107,20.5,21.5
2528.0,21.07377063041279,21.073953466741035,6.609787594711828,21.0,1,-0.07395346674103465,20.18827620211024,20.5,21.5
2529.0,21.09087783380565,21.09560785840813,6.60875127054017,21.0,1,-0.09560785840812969,21.31215177507908,20.5,21.5
2530.0,21.107981408492996,21.17170898000237,6.607713721234434,21.0,0,-0.17170898000237145,21.93272019594479,20.5,21.5
2531.0,21.105081354955544,21.265332338965298,6.606674947584764,21.0,0,-0.2653323389652975,22.201565928594558,20.5,21.5
2532.0,21.10218167367407,21.300836939868113,6.605634950382229,21.0,0,-0.30083693986811255,21.655882948896263,20.5,21.5
2533.0,21.09928236432941,21.343602248640735,6.6045937304188325,21.0,0,-0.3436022486407353,21.771255336366963,20.5,21.5
2534.0,21.096383426602628,21.331752705665284,6.603551288487509,21.0,0,-0.33175270566528425,21.213257275910774,20.5,21.5
2535.0,21.093484860175007,21.348871675734127,6.602507625382121,21.0,0,-0.34887167573412725,21.520061376422557,20.5,21.5
2536.0,21.090586664728047,21.300790257814327,6.601462741897468,21.0,0,-0.30079025781432733,20.819976078616328,20.5,21.5
2537.0,21.087688839943482,21.280855371072107,6.6004166388292695,21.0,0,-0.2808553710721071,21.081506503649905,20.5,21.5
2538.0,21.08479138550326,21.407242963672033,6.599369316974181,21.0,0,-0.40724296367203294,22.67111888967129,20.5,21.5
2539.0,21.08189430108955,21.417513502411698,6.598320777129784,21.0,0,-0.4175135024116976,21.520218889808344,20.5,21.5
2540.0,21.07899758638476,21.396203908970204,6.5972710200945865,21.0,0,-0.39620390897020386,21.183107974555266,20.5,21.5
2541.0,21.076101241071502,21.42155741695716,6.596220046668023,21.0,0,-0.4215574169571603,21.675092496826725,20.5,21.5
2542.0,21.07320526483262,21.48026647016826,6.595167857650457,21.0,0,-0.4802664701682602,22.06735700227926,20.5,21.5
2543.0,21.07030965735118,21.40219408997179,6.594114453843176,21.0,0,-0.40219408997178974,20.621470288007085,20.5,21.5
2544.0,21.06741441831048,21.405435029143057,6.5930598360483925,21.0,0,-0.4054350291430566,21.437844420855726,20.5,21.5
2545.0,21.064519547394028,21.425446939971142,6.592004005069244,21.0,0,-0.4254469399711418,21.625566048251994,20.5,21.5
2546.0,21.061625044285563,21.431963026324528,6.5909469617097916,21.0,0,-0.431963026324528,21.49712388985839,20.5,21.5
2547.0,21.058730908669048,21.373364679480403,6.589888706775021,21.0,0,-0.3733646794804031,20.787381211039154,20.5,21.5
2548.0,21.055837140228668,21.395578389299168,6.588829241070837,21.0,0,-0.39557838929916755,21.617715487486812,20.5,21.5
2549.0,21.052943738648835,21.389597551467837,6.587768565404069,21.0,0,-0.3895975514678369,21.32978917315453,20.5,21.5
2550.0,21.050050703614186,21.389704964980286,6.58670668058247,21.0,0,-0.38970496498028595,21.390779100104776,20.5,21.5
2551.0,21.04715803480958,21.35683940361404,6.58564358741471,21.0,0,-0.356839403614039,21.02818378995157,20.5,21.5
2552.0,21.044265731920103,21.35314702775652,6.584579286710381,21.0,0,-0.3531470277565205,21.316223269181336,20.5,21.5
2553.0,21.04137379463106,21.345456272848214,6.583513779279995,21.0,0,-0.3454562728482138,21.268548723765146,20.5,21.5
2554.0,21.03848222262799,21.212206276252086,6.58244706593498,21.0,1,-0.2122062762520862,19.87970631029081,20.5,21.5
2555.0,21.05559101559665,21.21879958168027,6.581379147487687,21.0,1,-0.21879958168026903,21.284732635962097,20.5,21.5
2556.0,21.07269617322303,21.32909178353166,6.580310024751381,21.0,0,-0.32909178353165913,22.43201380204556,20.5,21.5
2557.0,21.069797695993334,21.332259714263934,6.5792396985402455,21.0,0,-0.33225971426393386,21.36393902158668,20.5,21.5
2558.0,21.06689958439384,21.285357815358303,6.5781681696693814,21.0,0,-0.28535781535830296,20.816338826301994,20.5,21.5
2559.0,21.064001838110897,21.410704083418764,6.577095438954804,21.0,0,-0.4107040834187643,22.664166764023378,20.5,21.5
2560.0,21.061104456831067,21.348278453193664,6.576021507213444,21.0,0,-0.34827845319366446,20.724022150942666,20.5,21.5
2561.0,21.058207440241144,21.263896539704284,6.574946375263147,21.0,1,-0.26389653970428384,20.420077404810478,20.5,21.5
2562.0,21.075310788028148,21.191031189143054,6.573870043922675,21.0,1,-0.19103118914305384,20.462377683530754,20.5,21.5
2563.0,21.09241049987933,21.193862717899986,6.572792514011699,21.0,1,-0.19386271789998588,21.222178005469306,20.5,21.5
2564.0,21.109506576282154,21.21365097122881,6.571713786350804,21.0,1,-0.21365097122880883,21.41153350451704,20.5,21.5
2565.0,21.126599017724168,21.278915052266832,6.570633861761491,21.0,0,-0.2789150522668322,21.931555862647066,20.5,21.5
2566.0,21.123687824692976,21.395939356125886,6.569552741066166,21.0,0,-0.3959393561258864,22.566182394716428,20.5,21.5
2567.0,21.12077699767625,21.553069054068658,6.568470425088153,21.0,0,-0.5530690540686578,23.124366033496372,20.5,21.5
2568.0,21.11786653636173,21.585313080925555,6.56738691465168,21.0,0,-0.5853130809255553,21.90775334949453,20.5,21.5
2569.0,21.11495644043739,21.524103396405184,6.566302210581888,21.0,0,-0.5241033964051844,20.912006551201475,20.5,21.5
2570.0,21.112046709591418,21.542098474216605,6.565216313704828,21.0,0,-0.5420984742166048,21.72204925233081,20.5,21.5
2571.0,21.10913734351224,21.54202776938933,6.564129224847456,21.0,0,-0.5420277693893283,21.541320721116563,20.5,21.5
2572.0,21.10622834188851,21.426107666284,6.5630409448376374,21.0,1,-0.42610766628400043,20.266906635230722,20.5,21.5
2573.0,21.1233197044091,21.45404569578869,6.561951474504146,21.0,0,-0.4540456957886896,21.73342599083558,20.5,21.5
2574.0,21.120407430763116,21.53558885320238,6.560860814676659,21.0,0,-0.5355888532023805,22.35102042733929,20.5,21.5
2575.0,21.1174955214399,21.557634007357883,6.559768966185763,21.0,0,-0.5576340073578834,21.778085548912912,20.5,21.5
2576.0,21.11458397612885,21.487429897690205,6.5586759298629485,21.0,0,-0.4874298976902054,20.785388801013426,20.5,21.5
2577.0,21.111672794519595,21.566292082688395,6.557581706540608,21.0,0,-0.5662920826883955,22.354913932670296,20.5,21.5
2578.0,21.108761976302,21.520780946921107,6.556486297052042,21.0,0,-0.5207809469211071,21.065669589248223,20.5,21.5
2579.0,21.105851521166148,21.4709529529966,6.555389702231452,21.0,0,-0.4709529529966012,20.972673013751542,20.5,21.5
2580.0,21.10294142880236,21.46797864486887,6.554291922913942,21.0,0,-0.46797864486887164,21.438235563591576,20.5,21.5
2581.0,21.100031698901184,21.481485281871624,6.55319295993552,21.0,0,-0.481485281871624,21.616551651899147,20.5,21.5
2582.0,21.09712233115339,21.497121852343923,6.552092814133092,21.0,0,-0.49712185234392336,21.653487557066917,20.5,21.5
2583.0,21.094213325249985,21.577612364571376,6.5509914863444685,21.0,0,-0.577612364571376,22.382517486845902,20.5,21.5
2584.0,21.091304680882203,21.528860140415567,6.54988897740836,21.0,0,-0.5288601404155671,21.041337898857478,20.5,21.5
2585.0,21.08839639774151,21.474122305543226,6.548785288164371,21.0,0,-0.47412230554322576,20.926743956819813,20.5,21.5
2586.0,21.085488475519593,21.466615997187944,6.5476804194530125,21.0,0,-0.4666159971879438,21.391552913635124,20.5,21.5
2587.0,21.08258091390838,21.442385611115736,6.546574372115688,21.0,0,-0.4423856111157356,21.200081750393654,20.5,21.5
2588.0,21.079673712600023,21.439453342229978,6.545467146994702,21.0,0,-0.439453342229978,21.410130653372402,20.5,21.5
2589.0,21.076766871286903,21.458240793175275,6.544358744933254,21.0,0,-0.4582407931752748,21.646115302628242,20.5,21.5
2590.0,21.073860389661633,21.47782038072844,6.543249166775441,21.0,0,-0.47782038072843847,21.673616256260075,20.5,21.5
2591.0,21.070954267417054,21.435950098769922,6.542138413366253,21.0,0,-0.4359500987699221,21.017247279184758,20.5,21.5
2592.0,21.068048504246246,21.394342444859596,6.541026485551578,21.0,0,-0.39434244485959624,20.978265905756338,20.5,21.5
2593.0,21.06514309984251,21.33091982687189,6.539913384178199,21.0,0,-0.3309198268718916,20.696693646994845,20.5,21.5
2594.0,21.062238053899375,21.3960008810403,6.53879911009379,21.0,0,-0.39600088104030107,22.046811422724396,20.5,21.5
2595.0,21.059333366110614,21.351821107445968,6.537683664146919,21.0,0,-0.35182110744596784,20.910023371502636,20.5,21.5
2596.0,21.056429036170222,21.357382078043635,6.536567047187047,21.0,0,-0.357382078043635,21.412991784020306,20.5,21.5
2597.0,21.053525063772426,21.412482263218813,6.535449260064525,21.0,0,-0.41248226321881276,21.96348411497059,20.5,21.5
2598.0,21.050621448611686,21.45818980727687,6.5343303036305995,21.0,0,-0.4581898072768702,21.915265247857445,20.5,21.5
2599.0,21.04771819038269,21.36529731330034,6.533210178737401,21.0,1,-0.36529731330033854,20.436372373535022,20.5,21.5
2600.0,21.06481528878036,21.428205640378334,6.532088886237956,21.0,0,-0.42820564037833364,22.057288911158285,20.5,21.5
2601.0,21.06190874349985,21.468992653295693,6.5309664269861765,21.0,0,-0.4689926532956932,21.87686278246929,20.5,21.5
2602.0,21.059002555036546,21.36603939127749,6.529842801836864,21.0,1,-0.3660393912774893,20.33650677109545,20.5,21.5
2603.0,21.076096723085907,21.29281305061454,6.528718011645708,21.0,1,-0.29281305061454077,20.560549643985055,20.5,21.5
2604.0,21.093187247343618,21.359382011717546,6.527592057269285,21.0,0,-0.35938201171754613,22.0250716227476,20.5,21.5
2605.0,21.0902741283056,21.372673496931128,6.526464939565058,21.0,0,-0.37267349693112806,21.505588349066947,20.5,21.5
2606.0,21.087361366467853,21.343583404345605,6.525336659391377,21.0,0,-0.34358340434560475,21.05268247849037,20.5,21.5
2607.0,21.084448961526437,21.452109008424554,6.524207217607476,21.0,0,-0.4521090084245536,22.537365049214042,20.5,21.5
2608.0,21.081536913177654,21.451892513576517,6.5230766150734745,21.0,0,-0.4518925135765173,21.449727565096154,20.5,21.5
2609.0,21.078625221118035,21.417034846917197,6.521944852650374,21.0,0,-0.41703484691719694,21.068458180323994,20.5,21.5
2610.0,21.07571388504434,21.348413738097918,6.520811931200062,21.0,0,-0.34841373809791776,20.662202649905126,20.5,21.5
2611.0,21.07280290465357,21.28781694341827,6.519677851585308,21.0,0,-0.2878169434182709,20.681848996621802,20.5,21.5
2612.0,21.069892279642957,21.125362501389315,6.518542614669761,21.0,1,-0.12536250138931493,19.500818081099755,20.5,21.5
2613.0,21.086982009709963,21.225394365701796,6.517406221317957,21.0,0,-0.2253943657017956,22.225713008826602,20.5,21.5
2614.0,21.084068094552286,21.238417448940577,6.516268672395305,21.0,0,-0.23841744894057726,21.368648281328394,20.5,21.5
2615.0,21.081154534667856,21.298264747235837,6.515129968768099,21.0,0,-0.2982647472358373,21.896737730188438,20.5,21.5
2616.0,21.078241329754675,21.394451741611903,6.513990111303513,21.0,0,-0.39445174161190266,22.356321685372556,20.5,21.5
2617.0,21.075328479510986,21.51367527875794,6.512849100869596,21.0,0,-0.5136752787579404,22.705910650218318,20.5,21.5
2618.0,21.07241598363526,21.413371589766122,6.51170693833528,21.0,1,-0.41337158976612187,20.410334699847937,20.5,21.5
2619.0,21.0895038418262,21.39115437338176,6.510563624570367,21.0,1,-0.3911543733817595,21.168982209538136,20.5,21.5
2620.0,21.106588053782747,21.29495681566032,6.509419160445544,21.0,1,-0.2949568156603206,20.33298123844593,20.5,21.5
2621.0,21.12366862000408,21.23547175143022,6.508273546832369,21.0,1,-0.2354717514302216,20.64062110912923,20.5,21.5
2622.0,21.140745540989446,21.214008362088858,6.507126784603276,21.0,1,-0.2140083620888582,20.999374468675224,20.5,21.5
2623.0,21.15781881723817,21.33824665837875,6.505978874631575,21.0,0,-0.33824665837875045,22.580629621277673,20.5,21.5
2624.0,21.154888449249647,21.37792843457894,6.50482981779145,21.0,0,-0.37792843457894065,21.774746196580843,20.5,21.5
2625.0,21.151958437523355,21.43424229108918,6.503679614957955,21.0,0,-0.43424229108918055,21.99738085619158,20.5,21.5
2626.0,21.14902878175884,21.432492494702625,6.502528267007023,21.0,0,-0.4324924947026254,21.414994530837074,20.5,21.5
2627.0,21.14609948165589,21.489434540360065,6.501375774815453,21.0,0,-0.4894345403600653,22.058854996934464,20.5,21.5
2628.0,21.143170536914525,21.37670403156086,6.500222139260918,21.0,1,-0.37670403156085897,20.249398943568796,20.5,21.5
2629.0,21.160241947234994,21.28807343743258,6.499067361221965,21.0,1,-0.28807343743257974,20.401767496149787,20.5,21.5
2630.0,21.17730971231779,21.36559648386973,6.497911441578005,21.0,0,-0.3655964838697301,22.140826948241234,20.5,21.5
2631.0,21.17437383266364,21.476562020556372,6.49675438120932,21.0,0,-0.4765620205563721,22.586217387422792,20.5,21.5
2632.0,21.17143830877335,21.434217716768433,6.4955961809970635,21.0,0,-0.43421771676843335,21.010774678889046,20.5,21.5
2633.0,21.168503140347795,21.475650303767218,6.494436841823256,21.0,0,-0.4756503037672175,21.88997617375506,20.5,21.5
2634.0,21.16556832708809,21.592272569168614,6.493276364570782,21.0,0,-0.5922725691686139,22.758495223182578,20.5,21.5
2635.0,21.162633868695586,21.56125747394534,6.492114750123399,21.0,0,-0.5612574739453393,21.251106521712593,20.5,21.5
2636.0,21.15969976487187,21.492756022679778,6.490951999365724,21.0,0,-0.492756022679778,20.807741510024165,20.5,21.5
2637.0,21.15676601531877,21.53717393329044,6.489788113183245,21.0,0,-0.5371739332904397,21.981353039397057,20.5,21.5
2638.0,21.153832619738342,21.55515749136934,6.4886230924623085,21.0,0,-0.5551574913693393,21.734993072158336,20.5,21.5
2639.0,21.150899577832888,21.521837124927053,6.48745693809013,21.0,0,-0.5218371249270533,21.188633460504192,20.5,21.5
2640.0,21.14796688930494,21.456016415882676,6.486289650954789,21.0,0,-0.45601641588267583,20.7978093254389,20.5,21.5
2641.0,21.14503455385727,21.427795635354236,6.4851212319452225,21.0,0,-0.4277956353542365,21.145587830069843,20.5,21.5
2642.0,21.142102571192886,21.41792088538211,6.483951681951233,21.0,0,-0.4179208853821095,21.31917338566084,20.5,21.5
2643.0,21.13917094101504,21.40754362954692,6.482781001863485,21.0,0,-0.4075436295469217,21.303771071195044,20.5,21.5
2644.0,21.136239663027208,21.438268421255103,6.4816091925735,21.0,0,-0.4382684212551027,21.745516338336913,20.5,21.5
2645.0,21.133308736933117,21.48749314488763,6.480436254973664,21.0,0,-0.4874931448876296,21.9797403812129,20.5,21.5
2646.0,21.130378162436724,21.577183901967206,6.47926218995722,21.0,0,-0.5771839019672065,22.474091472762975,20.5,21.5
2647.0,21.127447939242227,21.596649449664376,6.478086998418268,21.0,0,-0.5966494496643762,21.791304926636073,20.5,21.5
2648.0,21.124518067054062,21.590632842600964,6.476910681251768,21.0,0,-0.5906328426009644,21.530466771966847,20.5,21.5
2649.0,21.121588545576902,21.533216938407698,6.475733239353537,21.0,0,-0.5332169384076977,20.95905789647503,20.5,21.5
2650.0,21.11865937451566,21.522719832980933,6.474554673620248,21.0,0,-0.5227198329809326,21.417748778713282,20.5,21.5
2651.0,21.115730553575478,21.467396100318908,6.473374984949431,21.0,0,-0.46739610031890777,20.91415877369866,20.5,21.5
2652.0,21.11280208246175,21.435189614792822,6.472194174239469,21.0,0,-0.43518961479282225,21.113124759531967,20.5,21.5
2653.0,21.10987396088011,21.418345458718335,6.471012242389601,21.0,0,-0.41834545871833484,21.24990389797346,20.5,21.5
2654.0,21.10694618853641,21.475160810601402,6.4698291902999205,21.0,0,-0.4751608106014018,22.04331432943207,20.5,21.5
2655.0,21.10401876513676,21.431370607640662,6.468645018871371,21.0,0,-0.4313706076406625,20.99346857803327,20.5,21.5
2656.0,21.10109169038751,21.43120388834772,6.4674597290057525,21.0,0,-0.4312038883477207,21.429536695418303,20.5,21.5
2657.0,21.098164963995234,21.429815019740822,6.4662733216057156,21.0,0,-0.4298150197408219,21.415926333671834,20.5,21.5
2658.0,21.095238585666756,21.41051272235581,6.4650857975747575,21.0,0,-0.4105127223558114,21.217489748505706,20.5,21.5
2659.0,21.09231255510914,21.424186773844006,6.463897157817232,21.0,0,-0.4241867738440064,21.560927288725956,20.5,21.5
2660.0,21.08938687202968,21.390247414890133,6.462707403238341,21.0,0,-0.39024741489013337,21.050853825351403,20.5,21.5
2661.0,21.086461536135925,21.28944088608296,6.461516534744132,21.0,1,-0.2894408860829607,20.281375598011234,20.5,21.5
2662.0,21.103536547135647,21.201077347040474,6.460324553241505,21.0,1,-0.2010773470404743,20.31744195661561,20.5,21.5
2663.0,21.120607904736868,21.22701131454703,6.459131459638204,21.0,1,-0.22701131454703116,21.4863509896126,20.5,21.5
2664.0,21.13767560944785,21.209870863065323,6.4579372548428235,21.0,1,-0.20987086306532277,21.03846634824824,20.5,21.5
2665.0,21.15473966177693,21.202313751030662,6.4567419397648,21.0,1,-0.20231375103066185,21.126742630684053,20.5,21.5
2666.0,21.171800062232528,21.33252670185545,6.455545515314421,21.0,0,-0.33252670185544986,22.63465621010333,20.5,21.5
2667.0,21.168856811323145,21.41725007234951,6.454347982402814,21.0,0,-0.4172500723495105,22.264483777290117,20.5,21.5
2668.0,21.16591390955736,21.42591957825038,6.453149341941952,21.0,0,-0.4259195782503795,21.51261463725907,20.5,21.5
2669.0,21.162971356643837,21.495071018033443,6.451949594844653,21.0,0,-0.49507101803344256,22.186585415864073,20.5,21.5
2670.0,21.16002915229148,21.568368625792456,6.450748742024576,21.0,0,-0.5683686257924556,22.301344703382586,20.5,21.5
2671.0,21.157087296209426,21.575041006754816,6.4495467843962215,21.0,0,-0.575041006754816,21.64176481637842,20.5,21.5
2672.0,21.154145788107062,21.52796464402327,6.4483437228749345,21.0,0,-0.527964644023271,21.057201016707822,20.5,21.5
2673.0,21.151204627694014,21.51187854063736,6.447139558376899,21.0,0,-0.5118785406373583,21.35101750677823,20.5,21.5
2674.0,21.14826381468015,21.43608537266714,6.445934291819137,21.0,0,-0.4360853726671401,20.67815369296496,20.5,21.5
2675.0,21.145323348775577,21.41972650889787,6.444727924119511,21.0,0,-0.41972650889787033,21.256137871205173,20.5,21.5
2676.0,21.142383229690644,21.448020207401502,6.443520456196724,21.0,0,-0.44802020740150184,21.730957192437817,20.5,21.5
2677.0,21.139443457135947,21.50271225876626,6.442311888970316,21.0,0,-0.5027122587662589,22.04963277241383,20.5,21.5
2678.0,21.136504030822312,21.51141828807886,6.4411022233606605,21.0,0,-0.5114182880788611,21.598478581204883,20.5,21.5
2679.0,21.13356495046082,21.557530568343683,6.439891460288974,21.0,0,-0.5575305683436831,22.018653370991903,20.5,21.5
2680.0,21.130626215762785,21.61649402502335,6.438679600677303,21.0,0,-0.6164940250233499,22.20612859182002,20.5,21.5
2681.0,21.127687826439768,21.560694046393813,6.437466645448531,21.0,0,-0.560694046393813,21.002694260098444,20.5,21.5
2682.0,21.12474978220357,21.555621581285052,6.436252595526378,21.0,0,-0.5556215812850525,21.504896930197447,20.5,21.5
2683.0,21.121812082766233,21.59214824310239,6.435037451835394,21.0,0,-0.5921482431023897,21.957414861275762,20.5,21.5
2684.0,21.118874727840048,21.53437023451092,6.4338212153009655,21.0,0,-0.53437023451092,20.956590148596224,20.5,21.5
2685.0,21.11593771713754,21.488857344077793,6.432603886849309,21.0,0,-0.48885734407779324,21.033728439746525,20.5,21.5
2686.0,21.113001050371484,21.431921596175776,6.4313854674074715,21.0,0,-0.4319215961757763,20.862564117155607,20.5,21.5
2687.0,21.11006472725489,21.473445985362954,6.430165957903335,21.0,0,-0.4734459853629538,21.88868987723473,20.5,21.5
2688.0,21.10712874750102,21.45138975658984,6.428945359265606,21.0,0,-0.4513897565898404,21.230827468858706,20.5,21.5
2689.0,21.10419311082337,21.451793281709854,6.427723672423827,21.0,0,-0.451793281709854,21.45582853290999,20.5,21.5
2690.0,21.10125781693569,21.408704440036182,6.426500898308364,21.0,0,-0.4087044400361819,20.97781602329946,20.5,21.5
2691.0,21.098322865551964,21.483557255550355,6.425277037850411,21.0,0,-0.48355725555035534,22.23208541069209,20.5,21.5
2692.0,21.095388256386425,21.43010953322151,6.424052091981993,21.0,0,-0.43010953322151124,20.89563230993307,20.5,21.5
2693.0,21.092453989153544,21.414838404446748,6.422826061635959,21.0,0,-0.4148384044467477,21.262127116699112,20.5,21.5
2694.0,21.08952006356804,21.410252918073216,6.421598947745984,21.0,0,-0.4102529180732155,21.364398054337894,20.5,21.5
2695.0,21.086586479344877,21.437333096708905,6.420370751246571,21.0,0,-0.43733309670890463,21.708134883065796,20.5,21.5
2696.0,21.083653236199257,21.383934803336217,6.419141473073042,21.0,0,-0.3839348033362171,20.84995186960934,20.5,21.5
2697.0,21.08072033384663,21.40749799338429,6.417911114161547,21.0,0,-0.4074979933842897,21.643129893865016,20.5,21.5
2698.0,21.077787772002694,21.389666263093034,6.416679675449058,21.0,0,-0.38966626309303365,21.211348960180473,20.5,21.5
2699.0,21.074855550383383,21.421962586361172,6.415447157873368,21.0,0,-0.4219625863611718,21.744925819042553,20.5,21.5
2700.0,21.07192366870488,21.442361933306284,6.414213562373095,21.0,0,-0.4423619333062838,21.646355402757404,20.5,21.5
2701.0,21.068992126683614,21.43885957147258,6.412978889887674,21.0,0,-0.43885957147258026,21.403835953135545,20.5,21.5
2702.0,21.066060924036254,21.383399103306655,6.411743141357363,21.0,0,-0.3833991033066546,20.828794421647398,20.5,21.5
2703.0,21.06313006047972,21.45374680770513,6.410506317723236,21.0,0,-0.4537468077051301,22.157223851689885,20.5,21.5
2704.0,21.06019953573117,21.32277173372136,6.409268419927189,21.0,1,-0.3227717337213605,20.013020993883664,20.5,21.5
2705.0,21.077269349508008,21.2970140129898,6.408029448911936,21.0,1,-0.29701401298979846,21.03943680567418,20.5,21.5
2706.0,21.094335501527887,21.356732610938415,6.406789405621009,21.0,0,-0.35673261093841546,21.953918590424585,20.5,21.5
2707.0,21.091397992308707,21.400922208002992,6.40554829099875,21.0,0,-0.40092220800299216,21.84281817864876,20.5,21.5
2708.0,21.088460822368447,21.300339231983077,6.404306105990325,21.0,1,-0.3003392319830773,20.29450947178393,20.5,21.5
2709.0,21.10552399142517,21.406325887556726,6.403062851541712,21.0,0,-0.4063258875567257,22.46619244329321,20.5,21.5
2710.0,21.10258349919719,21.42814080935341,6.401818528599701,21.0,0,-0.42814080935340826,21.646290027320234,20.5,21.5
2711.0,21.09964334620307,21.36445058624188,6.400573138111902,21.0,0,-0.36445058624187965,20.727548355126594,20.5,21.5
2712.0,21.096703532161452,21.355555940045612,6.399326681026731,21.0,0,-0.35555594004561186,21.266609478082934,20.5,21.5
2713.0,21.093764056791226,21.345758341395168,6.39807915829342,21.0,0,-0.34575834139516815,21.24778235489073,20.5,21.5
2714.0,21.090824919811528,21.413683199255395,6.3968305708620115,21.0,0,-0.4136831992553951,22.092931777857665,20.5,21.5
2715.0,21.08788612094174,21.35017440940246,6.39558091968336,21.0,0,-0.3501744094024595,20.715086510873103,20.5,21.5
2716.0,21.084947659901488,21.393198998024893,6.394330205709129,21.0,0,-0.3931989980248929,21.823444884249227,20.5,21.5
2717.0,21.08200953641065,21.329786466945617,6.3930784298917915,21.0,0,-0.32978646694561675,20.695661156152855,20.5,21.5
2718.0,21.079071750189346,21.376949235734394,6.391825593184629,21.0,0,-0.37694923573439354,21.84857692362216,20.5,21.5
2719.0,21.076134300957946,21.235808214171808,6.390571696541731,21.0,1,-0.23580821417180786,19.82439799854595,20.5,21.5
2720.0,21.093197188437063,21.257187745866243,6.3893167409179945,21.0,1,-0.2571877458662435,21.4709830628106,20.5,21.5
2721.0,21.11025641234756,21.230354983110196,6.3880607272691226,21.0,1,-0.2303549831101961,20.962027355549722,20.5,21.5
2722.0,21.127311973210546,21.202887982538126,6.386803656551626,21.0,1,-0.202887982538126,20.928217976817425,20.5,21.5
2723.0,21.144363871547213,21.204365566383327,6.385545529722817,21.0,1,-0.20436556638332704,21.219141404835337,20.5,21.5
2724.0,21.16141210787885,21.214542117445646,6.384286347740813,21.0,1,-0.21454211744564589,21.316307628068834,20.5,21.5
2725.0,21.17845668272682,21.279994823683303,6.383026111564539,21.0,0,-0.2799948236833032,21.934521886059876,20.5,21.5
2726.0,21.17549759661259,21.330109270412937,6.381764822153717,21.0,0,-0.3301092704129367,21.83125373770927,20.5,21.5
2727.0,21.1725388500577,21.465876679349325,6.3805024804688735,21.0,0,-0.465876679349325,22.823550768713208,20.5,21.5
2728.0,21.16958044278378,21.464485256894,6.3792390874713405,21.0,0,-0.464485256894001,21.45057103234076,20.5,21.5
2729.0,21.166622374512716,21.525129478563468,6.377974644123242,21.0,0,-0.5251294785634677,22.131571695258135,20.5,21.5
2730.0,21.163664644966637,21.475369651807235,6.376709151387508,21.0,0,-0.47536965180723456,20.977771384244903,20.5,21.5
2731.0,21.160707253867923,21.456584200077703,6.375442610227868,21.0,0,-0.4565842000777032,21.26872968278239,20.5,21.5
2732.0,21.157750200939194,21.373395532466844,6.3741750216088455,21.0,0,-0.3733955324668443,20.541508856358256,20.5,21.5
2733.0,21.15479348590333,21.375323561107283,6.372906386495767,21.0,0,-0.37532356110728315,21.39460384751167,20.5,21.5
2734.0,21.15183710848345,21.32507814486144,6.371636705854753,21.0,0,-0.3250781448614397,20.822623982403005,20.5,21.5
2735.0,21.148881068402922,21.37022263147606,6.370365980652719,21.0,0,-0.3702226314760608,21.821667497622272,20.5,21.5
2736.0,21.14592536538537,21.383580705224333,6.3690942118573775,21.0,0,-0.3835807052243325,21.51716144270705,20.5,21.5
2737.0,21.142969999154666,21.389312012309922,6.367821400437236,21.0,0,-0.3893120123099223,21.44662508316582,20.5,21.5
2738.0,21.140014969434922,21.420032131247517,6.3665475473615984,21.0,0,-0.4200321312475168,21.727233320623462,20.5,21.5
2739.0,21.137060275950507,21.424021492765252,6.365272653600557,21.0,0,-0.42402149276525236,21.463915107942608,20.5,21.5
2740.0,21.134105918426037,21.431042552213974,6.363996720124997,21.0,0,-0.4310425522139738,21.50125314670119,20.5,21.5
2741.0,21.131151896586378,21.43064634750964,6.362719747906601,21.0,0,-0.43064634750964004,21.426684300466302,20.5,21.5
2742.0,21.12819821015664,21.514495986384876,6.361441737917836,21.0,0,-0.5144959863848761,22.352992375137237,20.5,21.5
2743.0,21.125244858862192,21.480048376400823,6.360162691131963,21.0,0,-0.48004837640082343,21.135572276560296,20.5,21.5
2744.0,21.122291842428645,21.392100993105924,6.358882608523032,21.0,0,-0.39210099310592383,20.512627160156928,20.5,21.5
2745.0,21.119339160581863,21.325104943166433,6.357601491065884,21.0,0,-0.32510494316643346,20.65514444377153,20.5,21.5
2746.0,21.11638681304796,21.2802929543039,6.3563193397361415,21.0,0,-0.2802929543038992,20.832173065678557,20.5,21.5
2747.0,21.113434799553296,21.198582166635823,6.35503615551022,21.0,1,-0.1985821666358234,20.381474289955065,20.5,21.5
2748.0,21.130483119824486,21.128739168393885,6.3537519393653215,21.0,1,-0.128739168393885,20.4303091859745,20.5,21.5
2749.0,21.147527773588394,21.284470679880492,6.352466692279431,21.0,0,-0.2844706798804921,22.841785794746563,20.5,21.5
2750.0,21.14456876137213,21.313379265606923,6.351180415231321,21.0,0,-0.31337926560692253,21.602465122871227,20.5,21.5
2751.0,21.141610083702904,21.32018315636885,6.349893109200546,21.0,0,-0.32018315636884864,21.38822206398811,20.5,21.5
2752.0,21.138651740308003,21.290919778960987,6.348604775167447,21.0,0,-0.290919778960987,20.99828600488237,20.5,21.5
2753.0,21.135693730914976,21.384000517123912,6.347315414113146,21.0,0,-0.38400051712391203,22.314807898753163,20.5,21.5
2754.0,21.132736055251616,21.39040769515799,6.346025027019547,21.0,0,-0.39040769515798956,21.454479475498765,20.5,21.5
2755.0,21.12977871304597,21.44594691631709,6.344733614869336,21.0,0,-0.4459469163170908,22.001339127908103,20.5,21.5
2756.0,21.126821704026334,21.412108819790664,6.343441178645981,21.0,0,-0.4121088197906637,21.073727854526393,20.5,21.5
2757.0,21.12386502792126,21.43806507431059,6.342147719333726,21.0,0,-0.4380650743105896,21.69762761950985,20.5,21.5
2758.0,21.12090868445954,21.389397512238318,6.340853237917599,21.0,0,-0.3893975122383182,20.902721891515604,20.5,21.5
2759.0,21.11795267337023,21.366728359260026,6.339557735383401,21.0,0,-0.36672835926002634,21.140036829477108,20.5,21.5
2760.0,21.114996994382633,21.37354931487604,6.3382612127177165,21.0,0,-0.3735493148760405,21.441758871036182,20.5,21.5
2761.0,21.1120416472263,21.375667682288583,6.3369636709079025,21.0,0,-0.37566768228858294,21.396851356414007,20.5,21.5
2762.0,21.109086631631037,21.381555064968374,6.335665110942093,21.0,0,-0.3815550649683743,21.440428891766288,20.5,21.5
2763.0,21.106131947326897,21.390383957458106,6.3343655338091995,21.0,0,-0.3903839574581056,21.47867288235542,20.5,21.5
2764.0,21.103177594044194,21.38264193598581,6.333064940498905,21.0,0,-0.3826419359858093,21.305221721262846,20.5,21.5
2765.0,21.100223571513485,21.279639458768035,6.331763332001668,21.0,1,-0.27963945876803464,20.249614686590288,20.5,21.5
2766.0,21.11726987946558,21.246157187307052,6.330460709308721,21.0,1,-0.24615718730705183,20.911334472697224,20.5,21.5
2767.0,21.13431251763155,21.274842006074657,6.329157073412068,21.0,0,-0.2748420060746568,21.561690193750707,20.5,21.5
2768.0,21.131351486542705,21.376541147201657,6.327852425304483,21.0,0,-0.37654114720165666,22.393532558471655,20.5,21.5
2769.0,21.128390786730456,21.3851007712284,6.326546765979514,21.0,0,-0.3851007712284016,21.47069701149585,20.5,21.5
2770.0,21.125430417926307,21.399801564595336,6.325240096431475,21.0,0,-0.3998015645953359,21.54680949826468,20.5,21.5
2771.0,21.12247037986201,21.48812984159052,6.323932417655453,21.0,0,-0.48812984159052064,22.371412611542368,20.5,21.5
2772.0,21.119510672269566,21.50813617880638,6.3226237306473045,21.0,0,-0.5081361788063816,21.70819955096499,20.5,21.5
2773.0,21.11655129488124,21.4149888289246,6.321314036403647,21.0,1,-0.4149888289245993,20.483515330106776,20.5,21.5
2774.0,21.133592247429544,21.450761702774482,6.320003335921873,21.0,0,-0.45076170277448213,21.80849044127331,20.5,21.5
2775.0,21.13062952964724,21.537533681312407,6.318691630200138,21.0,0,-0.5375336813124072,22.405253466691658,20.5,21.5
2776.0,21.127667142067352,21.509099375852372,6.317378920237361,21.0,0,-0.5090993758523723,21.224756321252023,20.5,21.5
2777.0,21.124705084422985,21.515418843553544,6.316065207033229,21.0,0,-0.5154188435535438,21.57861352056526,20.5,21.5
2778.0,21.121743356447507,21.55914360908638,6.3147504915881925,21.0,0,-0.5591436090863802,21.996391264414743,20.5,21.5
2779.0,21.118781957874535,21.46250747301845,6.313434774903462,21.0,1,-0.4625074730184515,20.496146112339165,20.5,21.5
2780.0,21.13582088843794,21.394570792087066,6.3121180579810146,21.0,1,-0.394570792087066,20.71520398277321,20.5,21.5
2781.0,21.152856147871848,21.403227088190903,6.310800341823588,21.0,1,-0.4032270881909028,21.48979004922927,20.5,21.5
2782.0,21.16988773671064,21.334072266288665,6.30948162743468,21.0,1,-0.3340722662886648,20.642524047266285,20.5,21.5
2783.0,21.186915655488782,21.368534048123134,6.308161915818548,21.0,0,-0.3685340481231343,21.71315186646783,20.5,21.5
2784.0,21.18393990474085,21.498928230448406,6.306841207980211,21.0,0,-0.4989282304484064,22.802870053701128,20.5,21.5
2785.0,21.180964485001496,21.49557025086454,6.305519504925446,21.0,0,-0.49557025086453876,21.461990455025862,20.5,21.5
2786.0,21.17798939600548,21.529278990321192,6.304196807660784,21.0,0,-0.5292789903211919,21.866366384887723,20.5,21.5
2787.0,21.17501463748781,21.567003874729885,6.302873117193521,21.0,0,-0.5670038747298847,21.944252718816813,20.5,21.5
2788.0,21.172040209183752,21.519997447908867,6.301548434531702,21.0,0,-0.5199974479088674,21.049933179698694,20.5,21.5
2789.0,21.169066110828823,21.47655585789914,6.300222760684132,21.0,0,-0.47655585789913957,21.04213995780186,20.5,21.5
2790.0,21.166092342158795,21.530338233671294,6.298896096660368,21.0,0,-0.5303382336712943,22.06816199139284,20.5,21.5
2791.0,21.163118902909694,21.549673051619674,6.297568443470722,21.0,0,-0.5496730516196742,21.743021231103473,20.5,21.5
2792.0,21.160145792817808,21.55335159349503,6.296239802126262,21.0,0,-0.5533515934950302,21.59013701224859,20.5,21.5
2793.0,21.15717301161967,21.579370876669323,6.294910173638804,21.0,0,-0.5793708766693229,21.83956370841225,20.5,21.5
2794.0,21.15420055905207,21.600444504276545,6.29357955902092,21.0,0,-0.6004445042765454,21.81118078034877,20.5,21.5
2795.0,21.151228434852065,21.61536302286271,6.292247959285929,21.0,0,-0.6153630228627094,21.76454820872435,20.5,21.5
2796.0,21.14825663875695,21.505745441694618,6.290915375447901,21.0,1,-0.5057454416946179,20.409569630013703,20.5,21.5
2797.0,21.16528517050429,21.460251427263778,6.28958180852166,21.0,1,-0.46025142726377766,21.005311282955375,20.5,21.5
2798.0,21.182310029831893,21.471627476140746,6.288247259522773,21.0,0,-0.4716274761407462,21.58538796491043,20.5,21.5
2799.0,21.17933121727783,21.438656912266204,6.286911729467557,21.0,0,-0.43865691226620385,21.10895127352078,20.5,21.5
2800.0,21.17635273338027,21.436360933549317,6.285575219373079,21.0,0,-0.4363609335493166,21.413401146380444,20.5,21.5
2801.0,21.173374577877468,21.439868928561943,6.284237730257146,21.0,0,-0.4398689285619426,21.474948878688203,20.5,21.5
2802.0,21.170396750507944,21.537824281602315,6.282899263138316,21.0,0,-0.5378242816023153,22.517377812006043,20.5,21.5
2803.0,21.16741925101047,21.498451980329058,6.2815598190358894,21.0,0,-0.49845198032905813,21.104728967596486,20.5,21.5
2804.0,21.164442079124075,21.479756697377923,6.280219398969911,21.0,0,-0.4797566973779226,21.292803867866567,20.5,21.5
2805.0,21.161465234588043,21.474731274414886,6.27887800396117,21.0,0,-0.4747312744148857,21.424477044784517,20.5,21.5
2806.0,21.158488717141918,21.49941430476652,6.277535635031196,21.0,0,-0.49941430476652116,21.746244608282876,20.5,21.5
2807.0,21.155512526525495,21.485684721753067,6.276192293202261,21.0,0,-0.4856847217530671,21.348388891618526,20.5,21.5
2808.0,21.15253666247883,21.519160937519196,6.2748479794973795,21.0,0,-0.5191609375191959,21.853923095180484,20.5,21.5
2809.0,21.149561124742235,21.56730255971734,6.273502694940304,21.0,0,-0.5673025597173407,22.04871878169879,20.5,21.5
2810.0,21.146585913056274,21.54383157271814,6.272156440555528,21.0,0,-0.5438315727181404,21.309121702726138,20.5,21.5
2811.0,21.143611027161775,21.588256753458282,6.270809217368282,21.0,0,-0.5882567534582819,22.032508560859696,20.5,21.5
2812.0,21.140636466799815,21.590960637955597,6.269461026404536,21.0,0,-0.5909606379555967,21.617999482928745,20.5,21.5
2813.0,21.137662231711737,21.545810518732516,6.268111868690994,21.0,0,-0.545810518732516,21.09430932650171,20.5,21.5
2814.0,21.134688321639132,21.48093961667859,6.266761745255101,21.0,0,-0.4809396166785902,20.832230596139333,20.5,21.5
2815.0,21.131714736323854,21.449491987697318,6.265410657125033,21.0,0,-0.4494919876973178,21.135015697884594,20.5,21.5
2816.0,21.128741475508015,21.424253760723325,6.264058605329702,21.0,0,-0.42425376072332455,21.171871490983392,20.5,21.5
2817.0,21.12576853893398,21.377684122658458,6.262705590898756,21.0,0,-0.37768412265845797,20.911987742009792,20.5,21.5
2818.0,21.122795926344374,21.319231567926693,6.261351614862573,21.0,0,-0.3192315679266926,20.73470602060904,20.5,21.5
2819.0,21.119823637482078,21.291615817981295,6.259996678252264,21.0,0,-0.2916158179812953,21.015458318527322,20.5,21.5
2820.0,21.11685167209023,21.312863973296746,6.258640782099675,21.0,0,-0.3128639732967464,21.525345526451257,20.5,21.5
2821.0,21.113880029912234,21.270171091169814,6.257283927437378,21.0,0,-0.2701710911698143,20.843242269900493,20.5,21.5
2822.0,21.11090871069174,21.294625455839018,6.255926115298676,21.0,0,-0.294625455839018,21.539169102531055,20.5,21.5
2823.0,21.10793771417266,21.411414564547933,6.254567346717604,21.0,0,-0.41141456454793257,22.57930565163708,20.5,21.5
2824.0,21.10496704009917,21.440819341341292,6.2532076227289215,21.0,0,-0.4408193413412924,21.73486710927489,20.5,21.5
2825.0,21.101996688215696,21.462636219561,6.251846944368118,21.0,0,-0.46263621956099854,21.68080500175806,20.5,21.5
2826.0,21.099026658266926,21.524218256082218,6.25048531267141,21.0,0,-0.524218256082218,22.140038621294412,20.5,21.5
2827.0,21.096056949997806,21.467879008198317,6.249122728675739,21.0,0,-0.4678790081983166,20.904486529359303,20.5,21.5
2828.0,21.093087563153542,21.38911340091282,6.247759193418773,21.0,0,-0.38911340091281943,20.601457328057847,20.5,21.5
2829.0,21.090118497479594,21.403024469582927,6.246394707938901,21.0,0,-0.4030244695829275,21.542135156284008,20.5,21.5
2830.0,21.087149752721686,21.411196323982317,6.2450292732752395,21.0,0,-0.41119632398231687,21.49291486797621,20.5,21.5
2831.0,21.084181328625796,21.433973872149373,6.2436628904676255,21.0,0,-0.4339738721493731,21.661749353819935,20.5,21.5
2832.0,21.081213224938164,21.406755585993867,6.24229556055662,21.0,0,-0.4067555859938672,21.134572724438808,20.5,21.5
2833.0,21.078245441405286,21.507155814545918,6.240927284583505,21.0,0,-0.5071558145459178,22.511158100066424,20.5,21.5
2834.0,21.075277977773922,21.506626253564477,6.23955806359028,21.0,0,-0.5066262535644768,21.501330643750066,20.5,21.5
2835.0,21.072310833791086,21.46949735939818,6.238187898619668,21.0,0,-0.46949735939817927,21.098208417735204,20.5,21.5
2836.0,21.069344009204052,21.4095617591441,6.236816790715109,21.0,0,-0.40956175914410053,20.810205756603313,20.5,21.5
2837.0,21.066377503760354,21.50810306123687,6.23544474092076,21.0,0,-0.50810306123687,22.493516082164565,20.5,21.5
2838.0,21.063411317207784,21.40304744734784,6.2340717502814975,21.0,1,-0.40304744734784137,20.352491308457555,20.5,21.5
2839.0,21.0804454492944,21.452793274769256,6.2326978198429135,21.0,0,-0.452793274769256,21.950251548983402,20.5,21.5
2840.0,21.07747589976851,21.427450294058705,6.231322950651316,21.0,0,-0.4274502940587048,21.174020486953193,20.5,21.5
2841.0,21.074506669178685,21.442821223475743,6.229947143753729,21.0,0,-0.44282122347574315,21.596530517646126,20.5,21.5
2842.0,21.0715377572736,21.35388803960549,6.228570400197886,21.0,1,-0.35388803960549,20.46455620090296,20.5,21.5
2843.0,21.088569163802184,21.349484268268807,6.227192721032241,21.0,1,-0.34948426826880663,21.305446554901973,20.5,21.5
2844.0,21.10559688851363,21.329277793478177,6.225814107305954,21.0,1,-0.32927779347817676,21.127213045571878,20.5,21.5
2845.0,21.12262093195739,21.389169396868187,6.224434560068899,21.0,0,-0.3891693968681871,21.98808543076829,20.5,21.5
2846.0,21.11964129468301,21.403090478451155,6.2230540803716625,21.0,0,-0.40309047845115487,21.542301294280833,20.5,21.5
2847.0,21.11666197724015,21.50389523103962,6.22167266926554,21.0,0,-0.5038952310396212,22.511942756924284,20.5,21.5
2848.0,21.113682979378552,21.517515998910255,6.220290327802536,21.0,0,-0.5175159989102553,21.653723677616597,20.5,21.5
2849.0,21.110704300848237,21.416570503851226,6.218907057035362,21.0,1,-0.41657050385122574,20.40711555326093,20.5,21.5
2850.0,21.127725941399476,21.415205817465328,6.217522858017442,21.0,1,-0.4152058174653277,21.401558953606347,20.5,21.5
2851.0,21.1447439007828,21.453047436612415,6.216137731802901,21.0,0,-0.4530474366124153,21.83146362808329,20.5,21.5
2852.0,21.141758179549004,21.439805341872752,6.214751679446573,21.0,0,-0.4398053418727521,21.30738439447612,20.5,21.5
2853.0,21.138772778248985,21.48970756589319,6.213364702003999,21.0,0,-0.4897075658931911,21.98872980609758,20.5,21.5
2854.0,21.135787696633734,21.5685781308402,6.211976800531422,21.0,0,-0.5685781308402014,22.357283780310304,20.5,21.5
2855.0,21.132802934454514,21.522342377724733,6.210587976085789,21.0,0,-0.5223423777247334,21.059984846570053,20.5,21.5
2856.0,21.12981849146284,21.502747165704346,6.20919822972475,21.0,0,-0.5027471657043456,21.30679504550047,20.5,21.5
2857.0,21.126834367410492,21.493184529896137,6.207807562506657,21.0,0,-0.49318452989613704,21.39755817181405,20.5,21.5
2858.0,21.123850562049512,21.394509187483244,6.2064159754905655,21.0,1,-0.39450918748324426,20.407755763354317,20.5,21.5
2859.0,21.1408670751322,21.379555861923613,6.2050234697362265,21.0,1,-0.37955586192361324,21.230022606327303,20.5,21.5
2860.0,21.15787990641112,21.437337171548826,6.203630046304096,21.0,0,-0.4373371715488261,22.015150267800955,20.5,21.5
2861.0,21.1548890564391,21.445716706206092,6.202235706255328,21.0,0,-0.44571670620609183,21.52951205277875,20.5,21.5
2862.0,21.151898525769063,21.45900636701372,6.200840450651768,21.0,0,-0.4590063670137212,21.591902975090015,20.5,21.5
2863.0,21.14890831415404,21.506965387101488,6.199444280555968,21.0,0,-0.5069653871014879,21.986555587979154,20.5,21.5
2864.0,21.145918421347318,21.58277180031024,6.198047197031172,21.0,0,-0.5827718003102405,22.340835932397766,20.5,21.5
2865.0,21.142928847102453,21.5235905502118,6.196649201141318,21.0,0,-0.5235905502118001,20.931778049227397,20.5,21.5
2866.0,21.13993959117326,21.4828371844944,6.195250293951043,21.0,0,-0.48283718449440016,21.0753035273204,20.5,21.5
2867.0,21.136950653313814,21.461032165246365,6.193850476525673,21.0,0,-0.46103216524636537,21.242981972766017,20.5,21.5
2868.0,21.133962033278458,21.52713904845674,6.192449749931232,21.0,0,-0.5271390484567391,22.188207880560476,20.5,21.5
2869.0,21.13097373082179,21.44283074318571,6.191048115234433,21.0,0,-0.44283074318570925,20.59974769047541,20.5,21.5
2870.0,21.127985745698673,21.504042052365584,6.189645573502682,21.0,0,-0.504042052365584,22.11615514416433,20.5,21.5
2871.0,21.124998077664234,21.48614658607027,6.188242125804077,21.0,0,-0.4861465860702694,21.307191923117124,20.5,21.5
2872.0,21.12201072647386,21.406150286047854,6.186837773207403,21.0,0,-0.4061502860478541,20.6061872858237,20.5,21.5
2873.0,21.119023691883207,21.31564998761165,6.185432516782136,21.0,1,-0.31564998761164986,20.410647003249608,20.5,21.5
2874.0,21.13603697364819,21.351065535038515,6.184026357598439,21.0,0,-0.351065535038515,21.705221009307166,20.5,21.5
2875.0,21.13304657152498,21.242509708995005,6.1826192967271645,21.0,1,-0.242509708995005,20.156951448559905,20.5,21.5
2876.0,21.15005648607002,21.265364952537695,6.18121133523985,21.0,1,-0.2653649525376949,21.493917387964594,20.5,21.5
2877.0,21.167062717039855,21.35872436086445,6.179802474208722,21.0,0,-0.3587243608644499,22.292318444132,20.5,21.5
2878.0,21.16406526499129,21.44373955774664,6.178392714706685,21.0,0,-0.443739557746639,22.29389152656853,20.5,21.5
2879.0,21.161068130481233,21.44352509929715,6.176982057807334,21.0,0,-0.4435250992971511,21.441380514802272,20.5,21.5
2880.0,21.1580713132667,21.55833796031549,6.175570504584947,21.0,0,-0.558337960315491,22.70646657049889,20.5,21.5
2881.0,21.155074813104964,21.5697779788788,6.174158056114481,21.0,0,-0.5697779788788004,21.684178164511895,20.5,21.5
2882.0,21.152078629753564,21.603137805089553,6.1727447134715785,21.0,0,-0.6031378050895526,21.936736067197074,20.5,21.5
2883.0,21.14908276297031,21.53005949409361,6.171330477732562,21.0,0,-0.5300594940936101,20.799276384134185,20.5,21.5
2884.0,21.14608721251326,21.56451461959319,6.169915349974431,21.0,0,-0.56451461959319,21.90906587458899,20.5,21.5
2885.0,21.143091978140752,21.57123485491268,6.168499331274869,21.0,0,-0.5712348549126816,21.638437208107597,20.5,21.5
2886.0,21.140097059611378,21.541531091148418,6.167082422712235,21.0,0,-0.5415310911484177,21.24449345350578,20.5,21.5
2887.0,21.137102456683998,21.47285906473669,6.165664625365567,21.0,0,-0.4728590647366886,20.786138800619398,20.5,21.5
2888.0,21.134108169117734,21.508346508770963,6.164245940314579,21.0,0,-0.5083465087709627,21.863220949113703,20.5,21.5
2889.0,21.131114196671973,21.452111508572898,6.162826368639662,21.0,0,-0.45211150857289795,20.88976150659225,20.5,21.5
2890.0,21.128120539106366,21.36666677591264,6.1614059114218795,21.0,0,-0.3666667759126412,20.512219449310074,20.5,21.5
2891.0,21.125127196180827,21.418739957239843,6.159984569742974,21.0,0,-0.41873995723984336,21.939471770511865,20.5,21.5
2892.0,21.12213416765554,21.458387863060615,6.1585623446853575,21.0,0,-0.4583878630606151,21.854866921268332,20.5,21.5
2893.0,21.119141453290943,21.46524498477546,6.157139237332117,21.0,0,-0.4652449847754596,21.533816201923905,20.5,21.5
2894.0,21.116149052847753,21.514263646965812,6.155715248767011,21.0,0,-0.5142636469658122,22.004450268869338,20.5,21.5
2895.0,21.113156966086937,21.511035009011284,6.1542903800744675,21.0,0,-0.5110350090112838,21.478748629466,20.5,21.5
2896.0,21.110165192769735,21.505047115749182,6.152864632339586,21.0,0,-0.505047115749182,21.445168183128164,20.5,21.5
2897.0,21.10717373265765,21.465466073065915,6.151438006648138,21.0,0,-0.46546607306591525,21.069655646233247,20.5,21.5
2898.0,21.104182585512447,21.448098291603824,6.1500105040865565,21.0,0,-0.44809829160382364,21.274420476982908,20.5,21.5
2899.0,21.101191751096163,21.422468735937635,6.148582125741951,21.0,0,-0.4224687359376347,21.166173179275745,20.5,21.5
2900.0,21.098201229171092,21.455974060907344,6.147152872702093,21.0,0,-0.4559740609073444,21.79102731060444,20.5,21.5
2901.0,21.0952110194998,21.45617892850051,6.1457227460554185,21.0,0,-0.4561789285005098,21.458227604432164,20.5,21.5
2902.0,21.09222112184511,21.451783999902283,6.1442917468910325,21.0,0,-0.4517839999022826,21.40783471392001,20.5,21.5
2903.0,21.089231535970118,21.4349295582001,6.1428598762987034,21.0,0,-0.4349295582000998,21.266385141178272,20.5,21.5
2904.0,21.086242261638183,21.45240970000554,6.141427135368863,21.0,0,-0.45240970000553915,21.627211118059932,20.5,21.5
2905.0,21.08325329861293,21.410379790969337,6.139993525192606,21.0,0,-0.41037979096933697,20.990080700607315,20.5,21.5
2906.0,21.080264646658247,21.270215162422094,6.138559046861689,21.0,1,-0.27021516242209387,19.868568876949663,20.5,21.5
2907.0,21.097276305538287,21.2612712423683,6.1371237014685285,21.0,1,-0.2612712423682986,21.171832041830346,20.5,21.5
2908.0,21.11428427501747,21.340373802206855,6.135687490106202,21.0,0,-0.3403738022068552,22.13139940059242,20.5,21.5
2909.0,21.11128855566049,21.33866804150515,6.1342504138684495,21.0,0,-0.3386680415051515,21.321610434488115,20.5,21.5
2910.0,21.108293148032132,21.376835747697577,6.1328124738496665,21.0,0,-0.37683574769757655,21.758512809621827,20.5,21.5
2911.0,21.105298051897297,21.51175830450273,6.131373671144904,21.0,0,-0.511758304502731,22.860983872554275,20.5,21.5
2912.0,21.102303267021146,21.533424164392063,6.129934006849876,21.0,0,-0.5334241643920627,21.75008276328538,20.5,21.5
2913.0,21.09930879316911,21.428402508270022,6.128493482060948,21.0,1,-0.4284025082700218,20.378185947049612,20.5,21.5
2914.0,21.11631463010689,21.381783075516374,6.1270520978751435,21.0,1,-0.381783075516374,20.915588747979896,20.5,21.5
2915.0,21.13331677760044,21.371330343874376,6.125609855390136,21.0,1,-0.37133034387437647,21.2668030274544,20.5,21.5
2916.0,21.150315236216,21.3053123234754,6.124166755704262,21.0,1,-0.3053123234753983,20.645132119485616,20.5,21.5
2917.0,21.167310006519898,21.341353922469256,6.122722799916499,21.0,0,-0.34135392246925633,21.701769912407837,20.5,21.5
2918.0,21.164301089078577,21.37271449470652,6.121277989126483,21.0,0,-0.3727144947065213,21.68632021707917,20.5,21.5
2919.0,21.16129248445859,21.35730612302809,6.119832324434503,21.0,0,-0.3573061230280885,21.20322240624376,20.5,21.5
2920.0,21.158284192426585,21.384172211729414,6.118385806941494,21.0,0,-0.38417221172941396,21.65283309874267,20.5,21.5
2921.0,21.155276212749488,21.44207217815408,6.116938437749042,21.0,0,-0.4420721781540813,22.021071842400755,20.5,21.5
2922.0,21.152268545194488,21.396224044016904,6.115490217959381,21.0,0,-0.39622404401690403,20.93774270264513,20.5,21.5
2923.0,21.149261189529042,21.403236870158405,6.114041148675394,21.0,0,-0.4032368701584055,21.47336513157342,20.5,21.5
2924.0,21.14625414552087,21.454582430347745,6.112591231000609,21.0,0,-0.45458243034774526,21.968038032241143,20.5,21.5
2925.0,21.143247412937967,21.56448972799792,6.111140466039204,21.0,0,-0.5644897279979197,22.663562704499665,20.5,21.5
2926.0,21.140240991548588,21.511178136511347,6.109688854895999,21.0,0,-0.5111781365113472,20.978062221645622,20.5,21.5
2927.0,21.137234881121255,21.60200312799756,6.108236398676458,21.0,0,-0.6020031279975591,22.510253042859677,20.5,21.5
2928.0,21.134229081424767,21.559536922917825,6.106783098486688,21.0,0,-0.5595369229178253,21.134874872120488,20.5,21.5
2929.0,21.131223592228178,21.500481205215614,6.105328955433444,21.0,0,-0.500481205215614,20.9099240281935,20.5,21.5
2930.0,21.128218413300818,21.416375581930666,6.103873970624116,21.0,0,-0.4163755819306658,20.575319349081184,20.5,21.5
2931.0,21.125213544412283,21.48393360530589,6.10241814516674,21.0,0,-0.48393360530588936,22.159513839058125,20.5,21.5
2932.0,21.122208985332435,21.41107083825694,6.100961480169992,21.0,0,-0.4110708382569399,20.682443167767445,20.5,21.5
2933.0,21.119204735831403,21.507118695694707,6.099503976743182,21.0,0,-0.5071186956947074,22.467597270072382,20.5,21.5
2934.0,21.116200795679585,21.59294155852978,6.098045635996264,21.0,0,-0.5929415585297804,22.45117018688051,20.5,21.5
2935.0,21.113197164647648,21.503839374627066,6.096586459039828,21.0,0,-0.5038393746270664,20.612817535599927,20.5,21.5
2936.0,21.110193842506526,21.427261323212008,6.0951264469851,21.0,0,-0.42726132321200794,20.661480809061423,20.5,21.5
2937.0,21.10719082902742,21.46179489691405,6.093665600943944,21.0,0,-0.46179489691404996,21.80713063393447,20.5,21.5
2938.0,21.104188123981803,21.462147654159487,6.092203922028858,21.0,0,-0.46214765415948733,21.46567522661386,20.5,21.5
2939.0,21.101185727141413,21.457218830380413,6.0907414113529725,21.0,0,-0.45721883038041256,21.407930592589665,20.5,21.5
2940.0,21.098183638278254,21.53350564534731,6.089278070030055,21.0,0,-0.5335056453473115,22.2963737950163,20.5,21.5
2941.0,21.095181857164604,21.664791324410942,6.0878138991745,21.0,0,-0.6647913244109418,22.977648115047245,20.5,21.5
2942.0,21.092180383573005,21.56898562963726,6.086348899901341,21.0,0,-0.5689856296372611,20.610928681900454,20.5,21.5
2943.0,21.08917921727627,21.530191523770828,6.084883073326238,21.0,0,-0.5301915237708279,21.142250465106496,20.5,21.5
2944.0,21.08617835804748,21.471767483382894,6.08341642056548,21.0,0,-0.4717674833828944,20.88752707950356,20.5,21.5
2945.0,21.083177805659982,21.375808161813673,6.081948942735988,21.0,1,-0.3758081618136728,20.416214946121457,20.5,21.5
2946.0,21.1001775598874,21.276052723024854,6.08048064095531,21.0,1,-0.2760527230248542,20.278498335136668,20.5,21.5
2947.0,21.117173620503614,21.31075254705262,6.079011516341621,21.0,0,-0.3107525470526191,21.65775078733027,20.5,21.5
2948.0,21.11416598808278,21.271926316421265,6.077541570013725,21.0,0,-0.27192631642126486,20.883664010107722,20.5,21.5
2949.0,21.111158663199166,21.281378297425796,6.076070803091051,21.0,0,-0.2813782974257961,21.37589810747111,20.5,21.5
2950.0,21.108151645627146,21.310368429815195,6.074599216693648,21.0,0,-0.3103684298151954,21.60026975370919,20.5,21.5
2951.0,21.10514493514136,21.353545061822782,6.0731268119421955,21.0,0,-0.353545061822782,21.785311381898648,20.5,21.5
2952.0,21.102138531516722,21.32689457552321,6.071653589957993,21.0,0,-0.3268945755232089,21.060389712527478,20.5,21.5
2953.0,21.09913243452841,21.39243748232561,6.070179551862965,21.0,0,-0.3924374823256116,22.04786655034964,20.5,21.5
2954.0,21.096126643951877,21.428970180897682,6.068704698779653,21.0,0,-0.42897018089768224,21.79429716661839,20.5,21.5
2955.0,21.09312115956284,21.502206297770293,6.067229031831223,21.0,0,-0.502206297770293,22.2345674664964,20.5,21.5
2956.0,21.090115981137295,21.524792506249106,6.06575255214146,21.0,0,-0.5247925062491063,21.75065459103724,20.5,21.5
2957.0,21.087111108451495,21.599301701786914,6.0642752608347665,21.0,0,-0.5993017017869136,22.344393657164986,20.5,21.5
2958.0,21.084106541281972,21.493213368629267,6.062797159036165,21.0,1,-0.49321336862926657,20.432330037052797,20.5,21.5
2959.0,21.101102279405524,21.392768547612068,6.061318247871295,21.0,1,-0.3927685476120679,20.38832033744008,20.5,21.5
2960.0,21.118094322599216,21.321861563296782,6.059838528466411,21.0,1,-0.32186156329678184,20.61279172014392,20.5,21.5
2961.0,21.13508267144039,21.306893260898523,6.058358001948381,21.0,1,-0.30689326089852287,21.157210236915933,20.5,21.5
2962.0,21.15206732650649,21.24393660682572,6.056876669444694,21.0,1,-0.24393660682572005,20.614370066097692,20.5,21.5
2963.0,21.169048288375077,21.295887535196737,6.055394532083449,21.0,0,-0.29588753519673716,21.81539681890691,20.5,21.5
2964.0,21.16602555762382,21.370847813821833,6.053911590993355,21.0,0,-0.3708478138218325,22.120450600072786,20.5,21.5
2965.0,21.163003134830493,21.4115952482597,6.05242784730374,21.0,0,-0.41159524825970095,21.819069592638385,20.5,21.5
2966.0,21.15998101977299,21.395712875826423,6.050943302144536,21.0,0,-0.39571287582642256,21.23688915149364,20.5,21.5
2967.0,21.156959212229463,21.45122293456204,6.04945795664629,21.0,0,-0.45122293456203977,22.006323521918212,20.5,21.5
2968.0,21.153937711978347,21.50142648444147,6.047971811940158,21.0,0,-0.5014264844414704,22.003461983235777,20.5,21.5
2969.0,21.15091651879834,21.461351264597244,6.046484869157903,21.0,0,-0.4613512645972442,21.060599066154982,20.5,21.5
2970.0,21.147895632468412,21.425951052238325,6.044997129431897,21.0,0,-0.4259510522383252,21.071948928649135,20.5,21.5
2971.0,21.144875052767805,21.36798916010157,6.043508593895119,21.0,0,-0.367989160101569,20.788370238734007,20.5,21.5
2972.0,21.14185477947603,21.351004674218746,6.042019263681153,21.0,0,-0.35100467421874626,21.18115981539052,20.5,21.5
2973.0,21.13883481237287,21.335382637563654,6.040529139924188,21.0,0,-0.3353826375636544,21.179162271012736,20.5,21.5
2974.0,21.13581515123838,21.363811915577124,6.039038223759018,21.0,0,-0.36381191557712356,21.648104695711815,20.5,21.5
2975.0,21.132795795852882,21.468692244877694,6.037546516321043,21.0,0,-0.468692244877694,22.5174955378834,20.5,21.5
2976.0,21.129776745996974,21.50622567417464,6.0360540187462615,21.0,0,-0.5062256741746403,21.881559967144103,20.5,21.5
2977.0,21.126758001451524,21.517218545558617,6.034560732171273,21.0,0,-0.5172185455586167,21.62714725939838,20.5,21.5
2978.0,21.123739561997667,21.515704048801318,6.033066657733284,21.0,0,-0.515704048801318,21.50055908122833,20.5,21.5
2979.0,21.120721427416814,21.477921831894434,6.031571796570095,21.0,0,-0.4779218318944345,21.1000996628256,20.5,21.5
2980.0,21.117703597490646,21.3953787820571,6.030076149820108,21.0,0,-0.39537878205710086,20.569948283683765,20.5,21.5
2981.0,21.114686072001113,21.434994599713228,6.028579718622324,21.0,0,-0.43499459971322807,21.8311527762745,20.5,21.5
2982.0,21.11166885073044,21.341713484920433,6.027082504116341,21.0,1,-0.3417134849204331,20.408902336992483,20.5,21.5
2983.0,21.128651933461118,21.30978923007213,6.025584507442351,21.0,1,-0.30978923007213055,20.990546681589105,20.5,21.5
2984.0,21.145631319975912,21.35316421461124,6.024085729741143,21.0,0,-0.35316421461124037,21.78691406000234,20.5,21.5
2985.0,21.142607010857866,21.408773684287276,6.022586172154105,21.0,0,-0.4087736842872758,21.96486838104763,20.5,21.5
2986.0,21.139583006690124,21.387150877035996,6.021085835823212,21.0,0,-0.38715087703599593,21.170922804523197,20.5,21.5
2987.0,21.13655930725595,21.473782662475895,6.019584721891037,21.0,0,-0.4737826624758945,22.34010051687488,20.5,21.5
2988.0,21.13353591233888,21.506851512638537,6.018082831500743,21.0,0,-0.5068515126385371,21.837540014264963,20.5,21.5
2989.0,21.13051282172271,21.479489772145573,6.016580165796086,21.0,0,-0.4794897721455733,21.205872367215935,20.5,21.5
2990.0,21.127490035191524,21.489974015378483,6.015076725921408,21.0,0,-0.4899740153784826,21.594816447707576,20.5,21.5
2991.0,21.12446755252967,21.31565647728743,6.013572513021648,21.0,1,-0.31565647728742974,19.5724810963769,20.5,21.5
2992.0,21.14144537352177,21.258650470182392,6.012067528242327,21.0,1,-0.25865047018239196,20.688590399132014,20.5,21.5
2993.0,21.158419497952714,21.227798528880733,6.0105617727295595,21.0,1,-0.22779852888073293,20.919279115864143,20.5,21.5
2994.0,21.175389926407668,21.317642607235175,6.009055247630039,21.0,0,-0.31764260723517523,22.2160833907796,20.5,21.5
2995.0,21.172356659471912,21.36942503118264,6.007547954091053,21.0,0,-0.36942503118264014,21.88724927065729,20.5,21.5
2996.0,21.169323697730835,21.561027443868813,6.00603989326047,21.0,0,-0.561027443868813,23.47705157073054,20.5,21.5
2997.0,21.16629104096994,21.63870970995125,6.004531066286745,21.0,0,-0.6387097099512502,22.415532370775622,20.5,21.5
2998.0,21.163258688975006,21.758011171409397,6.003021474318915,21.0,0,-0.7580111714093967,22.95102578599086,20.5,21.5
2999.0,21.160226641532073,21.718810333531117,6.0015111185066,21.0,0,-0.7188103335311169,21.32680195474832,20.5,21.5
3000.0,21.15719489842747,21.563560500532226,6.0,21.0,1,-0.5635605005322262,20.01106217054332,20.5,21.5
3001.0,21.174163459447783,21.538059924602113,5.9984881199499,21.0,1,-0.5380599246021127,21.283054165300978,20.5,21.5
3002.0,21.191128324379882,21.52383568491034,5.996975479507661,21.0,1,-0.5238356849103383,21.381593287992594,20.5,21.5
3003.0,21.208089493810906,21.475123075154364,5.995462079825224,21.0,1,-0.47512307515436447,20.987996977594626,20.5,21.5
3004.0,21.225046968328108,21.418556887251334,5.993947922055111,21.0,1,-0.41855688725133433,20.852895008221033,20.5,21.5
3005.0,21.242000748518855,21.503686599461503,5.992433007350417,21.0,0,-0.5036865994615027,22.354983721563187,20.5,21.5
3006.0,21.23895083497062,21.534910752775993,5.990917336864816,21.0,0,-0.5349107527759926,21.84715228592089,20.5,21.5
3007.0,21.235901228270997,21.476283562128067,5.989400911752556,21.0,0,-0.4762835621280672,20.890011655648813,20.5,21.5
3008.0,21.232851928207694,21.400828594875936,5.987883733168462,21.0,0,-0.4008285948759358,20.64627892235462,20.5,21.5
3009.0,21.229802934568685,21.40311797884087,5.986365802267932,21.0,0,-0.4031179788408714,21.426011818490228,20.5,21.5
3010.0,21.226754247142225,21.396169049656685,5.984847120206934,21.0,0,-0.39616904965668454,21.326679757814816,20.5,21.5
3011.0,21.223705865716838,21.40476639320242,5.983327688142014,21.0,0,-0.4047663932024186,21.49073982865976,20.5,21.5
3012.0,21.220657790081322,21.48979703469807,5.981807507230282,21.0,0,-0.48979703469807134,22.3401034496546,20.5,21.5
3013.0,21.21761002002475,21.500819920823357,5.980286578629423,21.0,0,-0.500819920823357,21.611048782076214,20.5,21.5
3014.0,21.21456255533647,21.56488419784859,5.978764903497693,21.0,0,-0.5648841978485883,22.2055269681009,20.5,21.5
3015.0,21.211515395806103,21.51312095814192,5.97724248299391,21.0,0,-0.5131209581419185,20.99548856107522,20.5,21.5
3016.0,21.20846854122354,21.48824513948943,5.975719318277466,21.0,0,-0.48824513948942894,21.239486952964533,20.5,21.5
3017.0,21.205421991378948,21.5203267987608,5.974195410508315,21.0,0,-0.5203267987607987,21.841143391474496,20.5,21.5
3018.0,21.202375746062774,21.53664006197007,5.972670760846981,21.0,0,-0.5366400619700684,21.699772694062766,20.5,21.5
3019.0,21.19932980506573,21.5084224193467,5.9711453704545505,21.0,0,-0.5084224193467008,21.226245993113025,20.5,21.5
3020.0,21.196284168178806,21.5574468536853,5.9696192404926745,21.0,0,-0.557446853685299,22.04769119707128,20.5,21.5
3021.0,21.19323883519327,21.546933102619228,5.968092372123567,21.0,0,-0.5469331026192279,21.441795591958517,20.5,21.5
3022.0,21.190193805900655,21.50518522176178,5.966564766510006,21.0,0,-0.5051852217617814,21.087706413187316,20.5,21.5
3023.0,21.187149080092777,21.54060643845306,5.9650364248153265,21.0,0,-0.5406064384530609,21.894818605365856,20.5,21.5
3024.0,21.184104657561722,21.554692160247733,5.96350734820343,21.0,0,-0.5546921602477326,21.69554937819445,20.5,21.5
3025.0,21.18106053809985,21.476167812667654,5.961977537838775,21.0,0,-0.4761678126676543,20.69092433686687,20.5,21.5
3026.0,21.178016721499798,21.547675241337792,5.960446994886379,21.0,0,-0.5476752413377923,22.262749528039173,20.5,21.5
3027.0,21.174973207554476,21.61131319361188,5.958915720511813,21.0,0,-0.6113131936118812,22.24769271635277,20.5,21.5
3028.0,21.171929996057067,21.599564396229635,5.957383715881214,21.0,0,-0.5995643962296349,21.48207642240717,20.5,21.5
3029.0,21.168887086801032,21.611467600509762,5.955850982161268,21.0,0,-0.6114676005097621,21.730499643311035,20.5,21.5
3030.0,21.165844479580105,21.648059531561064,5.954317520519217,21.0,0,-0.6480595315610636,22.013978842074078,20.5,21.5
3031.0,21.162802174188293,21.583106830902192,5.952783332122862,21.0,0,-0.5831068309021923,20.93357982431348,20.5,21.5
3032.0,21.15976017041988,21.41905175915963,5.951248418140551,21.0,1,-0.419051759159629,19.778501041733996,20.5,21.5
3033.0,21.176718468069424,21.425869180145405,5.949712779741189,21.0,1,-0.42586918014540487,21.494043390003164,20.5,21.5
3034.0,21.19367306693176,21.387718639517935,5.948176418094232,21.0,1,-0.38771863951793506,21.006213233243237,20.5,21.5
3035.0,21.21062396760199,21.430798845744928,5.946639334369687,21.0,0,-0.43079884574492766,21.861600908014854,20.5,21.5
3036.0,21.207571170675344,21.370946780698546,5.945101529738108,21.0,0,-0.3709467806985458,20.772426130234727,20.5,21.5
3037.0,21.204518676747156,21.45470373685606,5.943563005370602,21.0,0,-0.4547037368560609,22.292273298431212,20.5,21.5
3038.0,21.20146648561288,21.443838332788676,5.94202376243882,21.0,0,-0.4438383327886761,21.33518429211483,20.5,21.5
3039.0,21.198414597068243,21.408119895724784,5.940483802114965,21.0,0,-0.40811989572478424,21.050935525085865,20.5,21.5
3040.0,21.195363010909254,21.45211680482594,5.9389431255717815,21.0,0,-0.4521168048259412,21.89208589583751,20.5,21.5
3041.0,21.192311726932186,21.50243295501219,5.937401733982563,21.0,0,-0.5024329550121891,22.005594456874668,20.5,21.5
3042.0,21.189260744933595,21.447075782524017,5.935859628521148,21.0,0,-0.44707578252401703,20.893504057642296,20.5,21.5
3043.0,21.186210064710313,21.44433119101866,5.934316810361912,21.0,0,-0.4443311910186587,21.416885275965075,20.5,21.5
3044.0,21.183159686059444,21.493042657995865,5.932773280679783,21.0,0,-0.4930426579958649,21.980157327767927,20.5,21.5
3045.0,21.180109608778366,21.393280694819488,5.931229040650223,21.0,1,-0.393280694819488,20.39566106305572,20.5,21.5
3046.0,21.197059832664742,21.35248146738906,5.929684091449239,21.0,1,-0.3524814673890617,20.9444891930848,20.5,21.5
3047.0,21.2140063575165,21.42362595819629,5.928138434253378,21.0,0,-0.4236259581962898,22.13507086626857,20.5,21.5
3048.0,21.210949183931845,21.4370295196127,5.926592070239725,21.0,0,-0.4370295196127003,21.571065133776806,20.5,21.5
3049.0,21.207892312509106,21.4632273394825,5.9250450005859,21.0,0,-0.4632273394825006,21.725205538180504,20.5,21.5
3050.0,21.204835743046722,21.539092025133286,5.923497226470068,21.0,0,-0.5390920251332858,22.297738881641138,20.5,21.5
3051.0,21.201779475343407,21.66035085642409,5.921948749070925,21.0,0,-0.6603508564240883,22.872939169332113,20.5,21.5
3052.0,21.198723509198153,21.646542631401164,5.920399569567704,21.0,0,-0.6465426314011644,21.508460381171925,20.5,21.5
3053.0,21.195667844410227,21.569640156847715,5.918849689140171,21.0,0,-0.569640156847715,20.80061541131322,20.5,21.5
3054.0,21.19261248077917,21.55827692965643,5.91729910896863,21.0,0,-0.5582769296564294,21.444644657743574,20.5,21.5
3055.0,21.18955741810481,21.56343014401832,5.915747830233914,21.0,0,-0.5634301440183194,21.61496228763722,20.5,21.5
3056.0,21.186502656187233,21.483633494520593,5.914195854117388,21.0,0,-0.4836334945205927,20.685666999543326,20.5,21.5
3057.0,21.18344819482682,21.43052984260817,5.912643181800951,21.0,0,-0.43052984260816984,20.89949332348394,20.5,21.5
3058.0,21.180394033824214,21.43798309218456,5.911089814467031,21.0,0,-0.43798309218455955,21.512515587948457,20.5,21.5
3059.0,21.177340172980344,21.39107074023525,5.909535753298584,21.0,0,-0.39107074023525,20.921947220742155,20.5,21.5
3060.0,21.174286612096406,21.37120470269618,5.9079809994790935,21.0,0,-0.3712047026961791,21.17254432730547,20.5,21.5
3061.0,21.171233350973882,21.39051403518044,5.906425554192575,21.0,0,-0.39051403518044125,21.583607360023063,20.5,21.5
3062.0,21.168180389414527,21.420826128785166,5.904869418623566,21.0,0,-0.42082612878516557,21.72394706483241,20.5,21.5
3063.0,21.16512772722037,21.49892017317103,5.903312593957131,21.0,0,-0.49892017317102955,22.27986061702967,20.5,21.5
3064.0,21.162075364193715,21.531200068165752,5.901755081378862,21.0,0,-0.5312000681657523,21.85399901811298,20.5,21.5
3065.0,21.159023300137154,21.520918110204157,5.900196882074871,21.0,0,-0.5209181102041569,21.418098530588203,20.5,21.5
3066.0,21.155971534853542,21.45708494640421,5.898637997231793,21.0,0,-0.4570849464042084,20.818753308404723,20.5,21.5
3067.0,21.152920068146017,21.490214776664097,5.89707842803679,21.0,0,-0.4902147766640965,21.821513079262978,20.5,21.5
3068.0,21.149868899817996,21.428369002123283,5.895518175677539,21.0,0,-0.4283690021232829,20.809911256715147,20.5,21.5
3069.0,21.146818029673167,21.458559251259764,5.893957241342242,21.0,0,-0.45855925125976427,21.760461742624578,20.5,21.5
3070.0,21.1437674575155,21.448664994081607,5.892395626219618,21.0,0,-0.4486649940816072,21.349722422300037,20.5,21.5
3071.0,21.140717183149242,21.459839567252182,5.890833331498904,21.0,0,-0.4598395672521818,21.571585298957928,20.5,21.5
3072.0,21.13766720637891,21.468655748651155,5.889270358369855,21.0,0,-0.46865574865115533,21.55681756264089,20.5,21.5
3073.0,21.134617527009308,21.401697047025007,5.887706708022744,21.0,0,-0.4016970470250065,20.73211003076352,20.5,21.5
3074.0,21.13156814484551,21.44575948533429,5.88614238164836,21.0,0,-0.445759485334289,21.886383868427114,20.5,21.5
3075.0,21.12851905969287,21.45413880622961,5.884577380438003,21.0,0,-0.45413880622961145,21.537932015182836,20.5,21.5
3076.0,21.12547027135702,21.46219164923903,5.88301170558349,21.0,0,-0.4621916492390312,21.54272007933323,20.5,21.5
3077.0,21.122421779643865,21.422032397876343,5.881445358277153,21.0,0,-0.42203239787634317,21.020439884249463,20.5,21.5
3078.0,21.119373584359593,21.49297719059952,5.879878339711831,21.0,0,-0.4929771905995217,22.202425117831307,20.5,21.5
3079.0,21.116325685310663,21.374984271736146,5.878310651080876,21.0,1,-0.374984271736146,20.19505508310239,20.5,21.5
3080.0,21.133278082303818,21.380215746570705,5.876742293578155,21.0,1,-0.38021574657070545,21.4325304949163,20.5,21.5
3081.0,21.150226775146074,21.427347326632464,5.875173268398038,21.0,0,-0.42734732663246433,21.898663127250053,20.5,21.5
3082.0,21.147171764444725,21.406878951897724,5.873603576735405,21.0,0,-0.40687895189772405,21.20219520455032,20.5,21.5
3083.0,21.144117050807182,21.485327817851456,5.872033219785646,21.0,0,-0.48532781785145573,22.269816477388773,20.5,21.5
3084.0,21.141062634040978,21.47925787146698,5.870462198744655,21.0,0,-0.47925787146698084,21.418558407622232,20.5,21.5
3085.0,21.138008513953917,21.400173224731137,5.868890514808834,21.0,0,-0.40017322473113737,20.609326757372703,20.5,21.5
3086.0,21.13495469035409,21.322770407716266,5.867318169175089,21.0,0,-0.3227704077162663,20.548742237567556,20.5,21.5
3087.0,21.131901163049854,21.362181614880367,5.865745163040828,21.0,0,-0.3621816148803667,21.75629368652137,20.5,21.5
3088.0,21.12884793184985,21.32220577076452,5.864171497603965,21.0,0,-0.3222057707645192,20.922447329606044,20.5,21.5
3089.0,21.125794996563002,21.44708205706411,5.8625971740629135,21.0,0,-0.44708205706411164,22.695844920060036,20.5,21.5
3090.0,21.1227423569985,21.52208797697506,5.8610221936165905,21.0,0,-0.5220879769750617,22.272147176084562,20.5,21.5
3091.0,21.119690012965826,21.553013465445076,5.859446557464411,21.0,0,-0.5530134654450762,21.86226835014522,20.5,21.5
3092.0,21.116637964274727,21.53627443541862,5.857870266806293,21.0,0,-0.5362744354186191,21.368884135154047,20.5,21.5
3093.0,21.11358621073523,21.48683577026166,5.856293322842646,21.0,0,-0.4868357702616599,20.99244911869207,20.5,21.5
3094.0,21.110534752157655,21.334949730084254,5.854715726774385,21.0,1,-0.3349497300842543,19.8160893283102,20.5,21.5
3095.0,21.12748358835258,21.323929134867022,5.853137479802917,21.0,1,-0.32392913486702213,21.2137231826947,20.5,21.5
3096.0,21.144428719130868,21.35376322970667,5.851558583130145,21.0,0,-0.3537632297066686,21.652104178103134,20.5,21.5
3097.0,21.141370145103668,21.40682524272364,5.8499790379584695,21.0,0,-0.4068252427236416,21.93744537289337,20.5,21.5
3098.0,21.13831186688224,21.401831981502802,5.848398845490781,21.0,0,-0.4018319815028022,21.351899369294408,20.5,21.5
3099.0,21.13525388427796,21.545025169004116,5.846818006930464,21.0,0,-0.5450251690041163,22.976957044017258,20.5,21.5
3100.0,21.13219619710249,21.58778269105512,5.8452365234813985,21.0,0,-0.5877826910551214,22.01535791156517,20.5,21.5
3101.0,21.129138805167766,21.53847479300433,5.843654396347952,21.0,0,-0.5384747930043297,21.045395812496412,20.5,21.5
3102.0,21.126081708286,21.50258534178625,5.842071626734981,21.0,0,-0.5025853417862507,21.14369082960546,20.5,21.5
3103.0,21.12302490626969,21.521921544960264,5.840488215847838,21.0,0,-0.5219215449602643,21.7152835767004,20.5,21.5
3104.0,21.119968398931608,21.40940426448214,5.838904164892355,21.0,1,-0.4094042644821414,20.284231459700912,20.5,21.5
3105.0,21.1369121860848,21.40336973074626,5.837319475074857,21.0,1,-0.4033697307462596,21.34302439338744,20.5,21.5
3106.0,21.153852267542597,21.47590258170789,5.835734147602153,21.0,0,-0.4759025817078886,22.20123109132418,20.5,21.5
3107.0,21.15078864391861,21.43662490979077,5.834148183681542,21.0,0,-0.43662490979076907,21.043848190619574,20.5,21.5
3108.0,21.147725315826563,21.491322705884212,5.832561584520803,21.0,0,-0.4913227058842118,22.03830066681864,20.5,21.5
3109.0,21.1446622830803,21.58122144149889,5.830974351328199,21.0,0,-0.5812214414988901,22.480208797645673,20.5,21.5
3110.0,21.14159954549395,21.62634337907948,5.829386485312479,21.0,0,-0.6263433790794792,22.07756275488537,20.5,21.5
3111.0,21.138537102881912,21.547141723469828,5.82779798768287,21.0,0,-0.5471417234698279,20.755125167373315,20.5,21.5
3112.0,21.13547495505887,21.544600512553735,5.826208859649083,21.0,0,-0.5446005125537354,21.51918840339281,20.5,21.5
3113.0,21.132413101839788,21.551150984151928,5.82461910242131,21.0,0,-0.5511509841519278,21.61665570013385,20.5,21.5
3114.0,21.129351543039903,21.526576176737386,5.823028717210218,21.0,0,-0.526576176737386,21.28082810259197,20.5,21.5
3115.0,21.126290278474738,21.422773352915915,5.821437705226955,21.0,1,-0.42277335291591456,20.3847451147012,20.5,21.5
3116.0,21.143229307960087,21.398362566864446,5.819846067683145,21.0,1,-0.3983625668644457,21.154254706349757,20.5,21.5
3117.0,21.160164631312032,21.405787978941888,5.818253805790892,21.0,1,-0.4057879789418877,21.480042099716307,20.5,21.5
3118.0,21.177096249146928,21.385307037718796,5.81666092076277,21.0,1,-0.38530703771879615,21.18049762548788,20.5,21.5
3119.0,21.194024162081252,21.42877979743916,5.815067413811832,21.0,0,-0.4287797974391587,21.863507394642784,20.5,21.5
3120.0,21.190948370731597,21.4747531860207,5.813473286151601,21.0,0,-0.47475318602069905,21.934487071836102,20.5,21.5
3121.0,21.18787287571468,21.557447294997306,5.811878538996076,21.0,0,-0.5574472949973064,22.38438838476338,20.5,21.5
3122.0,21.18479767684734,21.581442114177555,5.810283173559725,21.0,0,-0.5814421141775554,21.821390305980046,20.5,21.5
3123.0,21.18172277394668,21.521414129026915,5.80868719105749,21.0,0,-0.5214141290269154,20.921134277520515,20.5,21.5
3124.0,21.178648166830104,21.465606270723413,5.80709059270478,21.0,0,-0.46560627072341276,20.907527687688386,20.5,21.5
3125.0,21.175573855315278,21.45719957932937,5.805493379717475,21.0,0,-0.4571995793293695,21.373132665388937,20.5,21.5
3126.0,21.17249983922016,21.50773024355038,5.8038955533119205,21.0,0,-0.5077302435503803,22.01303688576049,20.5,21.5
3127.0,21.169426118362978,21.520944409650333,5.802297114704932,21.0,0,-0.5209444096503333,21.653086070649863,20.5,21.5
3128.0,21.166352692562246,21.50874874527339,5.80069806511379,21.0,0,-0.5087487452733903,21.38679210150396,20.5,21.5
3129.0,21.163279561636756,21.54062434951202,5.79909840575624,21.0,0,-0.5406243495120187,21.859380391898302,20.5,21.5
3130.0,21.16020672540558,21.480817575326395,5.797498137850493,21.0,0,-0.4808175753263946,20.882749833470154,20.5,21.5
3131.0,21.15713418368807,21.399791018127452,5.795897262615221,21.0,0,-0.399791018127452,20.589525446138026,20.5,21.5
3132.0,21.154061936303854,21.314291903390888,5.794295781269561,21.0,1,-0.3142919033908882,20.45930075602525,20.5,21.5
3133.0,21.170989983072847,21.336793532663926,5.792693695033112,21.0,0,-0.33679353266392553,21.5618098253943,20.5,21.5
3134.0,21.16791432381524,21.257574381292777,5.79109100512593,21.0,1,-0.2575743812927769,20.46538286758129,20.5,21.5
3135.0,21.184838959151502,21.28124319902866,5.789487712768534,21.0,0,-0.28124319902865835,21.517931376387473,20.5,21.5
3136.0,21.181759888902224,21.351038810654348,5.787883819181903,21.0,0,-0.35103881065434805,22.048994926911245,20.5,21.5
3137.0,21.17868111368828,21.461138944848877,5.7862793255874685,21.0,0,-0.4611389448488765,22.56214028679416,20.5,21.5
3138.0,21.175602633330662,21.481601548904358,5.784674233207123,21.0,0,-0.4816015489043579,21.686227589459172,20.5,21.5
3139.0,21.172524447650638,21.542855046818104,5.783068543263215,21.0,0,-0.5428550468181044,22.15539002595557,20.5,21.5
3140.0,21.16944655646976,21.52774437230468,5.781462256978547,21.0,0,-0.5277443723046815,21.376637627170453,20.5,21.5
3141.0,21.166368959609862,21.489715233035046,5.7798553755763775,21.0,0,-0.4897152330350458,21.10942384033869,20.5,21.5
3142.0,21.163291656893055,21.457556125701853,5.778247900280412,21.0,0,-0.4575561257018528,21.135965052369922,20.5,21.5
3143.0,21.160214648141732,21.480635612991115,5.776639832314818,21.0,0,-0.4806356129911151,21.71143048588374,20.5,21.5
3144.0,21.157137933178568,21.454185628942064,5.775031172904207,21.0,0,-0.4541856289420636,21.18968578845155,20.5,21.5
3145.0,21.154061511826512,21.56915416433879,5.773421923273641,21.0,0,-0.5691541643387907,22.718839518306062,20.5,21.5
3146.0,21.1509853839088,21.57374788560314,5.771812084648637,21.0,0,-0.5737478856031402,21.619685098246634,20.5,21.5
3147.0,21.147909549248947,21.606708666439545,5.770201658255157,21.0,0,-0.6067086664395447,21.93631647480359,20.5,21.5
3148.0,21.14483400767075,21.55150641082356,5.768590645319607,21.0,0,-0.5515064108235599,20.999483854663712,20.5,21.5
3149.0,21.14175875899828,21.556203145225066,5.766979047068848,21.0,0,-0.5562031452250658,21.603170489240124,20.5,21.5
3150.0,21.138683803055894,21.533718166935937,5.76536686473018,21.0,0,-0.5337181669359374,21.308868384044654,20.5,21.5
3151.0,21.13560913966823,21.544913228891836,5.763754099531349,21.0,0,-0.5449132288918364,21.656863848450826,20.5,21.5
3152.0,21.132534768660204,21.514512812963783,5.762140752700549,21.0,0,-0.5145128129637833,21.210508653683252,20.5,21.5
3153.0,21.129460689857012,21.576115436105077,5.76052682546641,21.0,0,-0.5761154361050771,22.192141667518015,20.5,21.5
3154.0,21.126386903084136,21.548968915322742,5.758912319058011,21.0,0,-0.5489689153227424,21.277503707499395,20.5,21.5
3155.0,21.12331340816733,21.451502454510727,5.757297234704866,21.0,1,-0.45150245451072735,20.476837846390577,20.5,21.5
3156.0,21.14024020493264,21.405387956005935,5.7556815736369344,21.0,1,-0.405387956005935,20.944242970958012,20.5,21.5
3157.0,21.15716329320638,21.378534732124308,5.7540653370846115,21.0,1,-0.378534732124308,21.110002493308038,20.5,21.5
3158.0,21.174082673615157,21.349192115009526,5.752448526278731,21.0,1,-0.34919211500952585,21.055765943861704,20.5,21.5
3159.0,21.19099834678569,21.405844362155648,5.750831142450567,21.0,0,-0.4058443621556478,21.972366833616867,20.5,21.5
3160.0,21.187910313344823,21.385396051763145,5.749213186831825,21.0,0,-0.38539605176314495,21.180912947838117,20.5,21.5
3161.0,21.18482257391952,21.370906097538644,5.747594660654649,21.0,0,-0.37090609753864356,21.22600655529363,20.5,21.5
3162.0,21.181735128336864,21.4030062494958,5.745975565151618,21.0,0,-0.40300624949579955,21.72400776906736,20.5,21.5
3163.0,21.178647976424227,21.437386620382465,5.744355901555744,21.0,0,-0.43738662038246545,21.781190329249124,20.5,21.5
3164.0,21.175561118009252,21.42357696062044,5.742735671100471,21.0,0,-0.4235769606204407,21.285480363000193,20.5,21.5
3165.0,21.17247455291987,21.498022767869546,5.741114875019672,21.0,0,-0.49802276786954636,22.242480840360603,20.5,21.5
3166.0,21.16938828098429,21.450505897305632,5.739493514547659,21.0,0,-0.4505058973056322,20.97533719166649,20.5,21.5
3167.0,21.166302302031003,21.44910913213553,5.737871590919164,21.0,0,-0.44910913213552917,21.4351414804345,20.5,21.5
3168.0,21.163216615888782,21.41273151834115,5.736249105369356,21.0,0,-0.4127315183411504,21.048955380397363,20.5,21.5
3169.0,21.160131222386678,21.346205386581325,5.734626059133826,21.0,0,-0.3462053865813246,20.680944068983067,20.5,21.5
3170.0,21.15704612135403,21.349264008067845,5.733002453448595,21.0,0,-0.34926400806784486,21.379850222933047,20.5,21.5
3171.0,21.153961312620446,21.392036407557043,5.731378289550109,21.0,0,-0.3920364075570433,21.819760402449027,20.5,21.5
3172.0,21.150876796015833,21.48066904835157,5.729753568675239,21.0,0,-0.48066904835156876,22.366995456296824,20.5,21.5
3173.0,21.147792571370363,21.495346127351723,5.728128292061283,21.0,0,-0.49534612735172345,21.64211691735327,20.5,21.5
3174.0,21.1447086385145,21.484284002305,5.726502460945958,21.0,0,-0.48428400230499946,21.37366275183776,20.5,21.5
3175.0,21.14162499727899,21.475520689166,5.724876076567403,21.0,0,-0.4755206891660002,21.387887557776008,20.5,21.5
3176.0,21.138541647494847,21.58072644130558,5.723249140164185,21.0,0,-0.580726441305579,22.632783962701367,20.5,21.5
3177.0,21.13545858899338,21.517830615027897,5.721621652975284,21.0,0,-0.5178306150278971,20.888872352251077,20.5,21.5
3178.0,21.132375821606175,21.56747155296846,5.719993616240102,21.0,0,-0.5674715529684597,22.063880932374087,20.5,21.5
3179.0,21.129293345165102,21.657666374888798,5.718365031198462,21.0,0,-0.6576663748887981,22.55961459409218,20.5,21.5
3180.0,21.126211159502308,21.660390067581687,5.716735899090601,21.0,0,-0.6603900675816874,21.68762699451058,20.5,21.5
3181.0,21.123129264450224,21.59504638208038,5.715106221157173,21.0,0,-0.5950463820803797,20.941609527067303,20.5,21.5
3182.0,21.120047659841564,21.59272012654643,5.71347599863925,21.0,0,-0.5927201265464284,21.569457571206915,20.5,21.5
3183.0,21.116966345509322,21.554021694862847,5.711845232778318,21.0,0,-0.5540216948628469,21.167037378027032,20.5,21.5
3184.0,21.113885321286777,21.481058116415035,5.710213924816274,21.0,0,-0.48105811641503493,20.751422331936915,20.5,21.5
3185.0,21.110804587007483,21.44715751686395,5.708582075995432,21.0,0,-0.44715751686394967,21.108151521353097,20.5,21.5
3186.0,21.10772414250528,21.391755345531504,5.706949687558515,21.0,0,-0.3917553455315037,20.837733632207044,20.5,21.5
3187.0,21.104643987614292,21.208654437878614,5.705316760748657,21.0,1,-0.20865443787861437,19.37764536134972,20.5,21.5
3188.0,21.12156412216892,21.13747011767821,5.703683296809404,21.0,1,-0.13747011767820894,20.425626915674155,20.5,21.5
3189.0,21.138480546003848,21.168930289854757,5.702049296984709,21.0,1,-0.16893028985475667,21.483532011620234,20.5,21.5
3190.0,21.155393259754042,21.13855262051891,5.700414762518935,21.0,1,-0.1385526205189116,20.83477592716046,20.5,21.5
3191.0,21.172302264054597,21.238193059063427,5.69877969465685,21.0,0,-0.23819305906342692,22.23459744450858,20.5,21.5
3192.0,21.169207559540716,21.343317122952598,5.6971440946436305,21.0,0,-0.3433171229525982,22.39455776184431,20.5,21.5
3193.0,21.166113146847735,21.36293303355623,5.6955079637248565,21.0,0,-0.3629330335562315,21.559092139592565,20.5,21.5
3194.0,21.16301902581111,21.370964862862188,5.693871303146511,21.0,0,-0.37096486286218777,21.45128315592175,20.5,21.5
3195.0,21.159925196266578,21.39213006971662,5.692234114154986,21.0,0,-0.3921300697166217,21.60378213826096,20.5,21.5
3196.0,21.156831658050155,21.393518747159202,5.69059639799707,21.0,0,-0.3935187471592023,21.40740552158501,20.5,21.5
3197.0,21.153738410998145,21.425496712886506,5.688958155919955,21.0,0,-0.42549671288650615,21.745276370159544,20.5,21.5
3198.0,21.150645454947128,21.537338712166527,5.687319389171233,21.0,0,-0.5373387121665267,22.655758704966733,20.5,21.5
3199.0,21.14755278973397,21.543917568222568,5.685680098998897,21.0,0,-0.5439175682225681,21.60970612878298,20.5,21.5
3200.0,21.144460415195823,21.582691678617135,5.684040286651338,21.0,0,-0.5826916786171346,21.9704327825628,20.5,21.5
3201.0,21.141368331170113,21.52593842067257,5.6823999533773435,21.0,0,-0.5259384206725706,20.95840584122693,20.5,21.5
3202.0,21.138276537494555,21.499164292906258,5.6807591004261,21.0,0,-0.49916429290625786,21.23142301524313,20.5,21.5
3203.0,21.13518503400714,21.36219409991562,5.679117729047189,21.0,1,-0.36219409991561946,19.992492170009236,20.5,21.5
3204.0,21.15209382054615,21.354556371462294,5.677475840490582,21.0,1,-0.35455637146229435,21.278179086929043,20.5,21.5
3205.0,21.16899889695014,21.442136186412153,5.675833436006654,21.0,0,-0.4421361864121529,22.31793433591074,20.5,21.5
3206.0,21.16590026385795,21.43485046886591,5.674190516846164,21.0,0,-0.4348504688659105,21.361993293403486,20.5,21.5
3207.0,21.162801921908546,21.47709334583153,5.672547084260269,21.0,0,-0.4770933458315305,21.89952211548773,20.5,21.5
3208.0,21.159703870941016,21.547553366437793,5.67090313950051,21.0,0,-0.5475533664377927,22.252153572500415,20.5,21.5
3209.0,21.156606110794726,21.514744559615732,5.669258683818827,21.0,0,-0.5147445596157318,21.186656491395123,20.5,21.5
3210.0,21.15350864130933,21.415288563201155,5.667613718467543,21.0,1,-0.41528856320115537,20.42072859905539,20.5,21.5
3211.0,21.17041146232476,21.385124404757374,5.665968244699369,21.0,1,-0.38512440475737364,21.083482820319556,20.5,21.5
3212.0,21.187310573681238,21.437616363556902,5.664322263767406,21.0,0,-0.43761636355690214,21.962535951552187,20.5,21.5
3213.0,21.184205976019253,21.454039374597812,5.662675776925143,21.0,0,-0.4540393745978122,21.618269485006913,20.5,21.5
3214.0,21.181101669979434,21.59624077430919,5.6610287854264465,21.0,0,-0.5962407743091909,23.018254771422978,20.5,21.5
3215.0,21.177997655402525,21.575619125449524,5.659381290525575,21.0,0,-0.5756191254495242,21.369402636852858,20.5,21.5
3216.0,21.17489393212955,21.68539772286553,5.6577332934771665,21.0,0,-0.685397722865531,22.7831836970256,20.5,21.5
3217.0,21.17179050000182,21.64176803495652,5.656084795536243,21.0,0,-0.6417680349565202,21.205471155866412,20.5,21.5
3218.0,21.168687358860925,21.566264041987647,5.654435797958208,21.0,0,-0.5662640419876475,20.81122411229892,20.5,21.5
3219.0,21.165584508548744,21.451660419785505,5.6527863019988445,21.0,1,-0.45166041978550453,20.305624197764075,20.5,21.5
3220.0,21.182481948907434,21.46029760794473,5.651136308914314,21.0,0,-0.4602976079447316,21.546669489537003,20.5,21.5
3221.0,21.179375679779437,21.416990623063295,5.649485819961159,21.0,0,-0.4169906230632954,20.983920774248933,20.5,21.5
3222.0,21.176269701807474,21.346470144906352,5.647834836396299,21.0,0,-0.34647014490635186,20.641265363336917,20.5,21.5
3223.0,21.17316401483439,21.425030119294032,5.64618335947703,21.0,0,-0.425030119294032,22.210629863170833,20.5,21.5
3224.0,21.17005861870332,21.468996273802468,5.644531390461022,21.0,0,-0.46899627380246756,21.908657818886823,20.5,21.5
3225.0,21.16695351325767,21.39010540093829,5.642878930606323,21.0,0,-0.39010540093828894,20.601196672296503,20.5,21.5
3226.0,21.16384869834114,21.38385287830376,5.6412259811713525,21.0,0,-0.3838528783037596,21.321327651958466,20.5,21.5
3227.0,21.160744173797706,21.423961901713884,5.639572543414903,21.0,0,-0.42396190171388426,21.82505213581513,20.5,21.5
3228.0,21.15763993947163,21.386332754713884,5.63791861859614,21.0,0,-0.38633275471388373,21.01004128471388,20.5,21.5
3229.0,21.154535995207453,21.328558601602452,5.636264207974599,21.0,0,-0.3285586016024524,20.75081707048814,20.5,21.5
3230.0,21.151432340850008,21.35982310702411,5.634609312810185,21.0,0,-0.35982310702410913,21.672468161240676,20.5,21.5
3231.0,21.1483289762444,21.380534502397833,5.632953934363172,21.0,0,-0.3805345023978326,21.587648456135067,20.5,21.5
3232.0,21.145225901236024,21.371672409962674,5.631298073894206,21.0,0,-0.3716724099626738,21.283051485611086,20.5,21.5
3233.0,21.142123115670557,21.30783331332606,5.629641732664292,21.0,0,-0.3078333133260607,20.66944234695993,20.5,21.5
3234.0,21.139020619393957,21.336390635004076,5.627984911934809,21.0,0,-0.33639063500407573,21.621963851784226,20.5,21.5
3235.0,21.135918412252465,21.41244414540531,5.6263276129675,21.0,0,-0.4124441454053098,22.17297924941765,20.5,21.5
3236.0,21.13281649409261,21.427902940281182,5.624669837024466,21.0,0,-0.42790294028118225,21.582490889039907,20.5,21.5
3237.0,21.129714864761194,21.497668228311163,5.623011585368176,21.0,0,-0.49766822831116286,22.19532110861097,20.5,21.5
3238.0,21.126613524105316,21.560721372366842,5.621352859261464,21.0,0,-0.5607213723668423,22.191252812923636,20.5,21.5
3239.0,21.123512471972347,21.583452615177684,5.619693659967519,21.0,0,-0.5834526151776842,21.810765043286104,20.5,21.5
3240.0,21.120411708209947,21.546218784679812,5.618033988749896,21.0,0,-0.5462187846798123,21.173880479701094,20.5,21.5
3241.0,21.117311232666054,21.42425310112276,5.616373846872504,21.0,1,-0.4242531011227584,20.20459626555222,20.5,21.5
3242.0,21.134211045188895,21.34434039565152,5.6147132355996145,21.0,1,-0.3443403956515212,20.54521334093915,20.5,21.5
3243.0,21.151107145626977,21.344653637242406,5.613052156195856,21.0,1,-0.3446536372424056,21.34778605315125,20.5,21.5
3244.0,21.16799953462909,21.287123902301044,5.611390609926211,21.0,1,-0.2871239023010439,20.711826552887427,20.5,21.5
3245.0,21.18488821284415,21.36157042550946,5.609728598056021,21.0,0,-0.36157042550945917,22.106035657593612,20.5,21.5
3246.0,21.181773180921194,21.4630496406169,5.608066121850982,21.0,0,-0.46304964061690157,22.477841791691326,20.5,21.5
3247.0,21.17865843950938,21.619181085579676,5.606403182577136,21.0,0,-0.619181085579676,23.18049553520742,20.5,21.5
3248.0,21.175543988457996,21.607977355096953,5.604739781500889,21.0,0,-0.6079773550969527,21.49594005026972,20.5,21.5
3249.0,21.172429827616604,21.682183582994544,5.603075919888992,21.0,0,-0.6821835829945435,22.42424586197045,20.5,21.5
3250.0,21.169315956835057,21.614135719048384,5.601411599008546,21.0,0,-0.6141357190483845,20.933657079586794,20.5,21.5
3251.0,21.16620237596349,21.545283304155298,5.599746820127007,21.0,0,-0.5452833041552978,20.85675915522443,20.5,21.5
3252.0,21.163089084852324,21.380387213344655,5.598081584512174,21.0,1,-0.38038721334465464,19.731426305238223,20.5,21.5
3253.0,21.179976083352255,21.436687765309276,5.596415893432197,21.0,0,-0.43668776530927644,21.999693284955494,20.5,21.5
3254.0,21.176859371314272,21.421952700798435,5.5947497481555715,21.0,0,-0.4219527007984354,21.274602055690025,20.5,21.5
3255.0,21.17374294938964,21.380204687265014,5.593083149951142,21.0,0,-0.3802046872650138,20.962724551930798,20.5,21.5
3256.0,21.170626817429753,21.45051502529455,5.591416100088093,21.0,0,-0.4505150252945498,22.15361840558991,20.5,21.5
3257.0,21.167510975286284,21.498640154822503,5.589748599835958,21.0,0,-0.49864015482250323,21.979891450102038,20.5,21.5
3258.0,21.164395422811193,21.493987200811496,5.588080650464608,21.0,0,-0.49398720081149605,21.447457660701424,20.5,21.5
3259.0,21.161280159856723,21.488999738501228,5.586412253244261,21.0,0,-0.4889997385012279,21.439125115398546,20.5,21.5
3260.0,21.1581651862754,21.547510874652314,5.5847434094454735,21.0,0,-0.5475108746523141,22.132622236163176,20.5,21.5
3261.0,21.155050501920034,21.50458180896021,5.583074120339143,21.0,0,-0.5045818089602108,21.075291152039178,20.5,21.5
3262.0,21.151936106643717,21.407469822398177,5.581404387196506,21.0,1,-0.407469822398177,20.43634995677784,20.5,21.5
3263.0,21.168822000299826,21.365537382590908,5.579734211289136,21.0,1,-0.36553738259090807,20.94621298451822,20.5,21.5
3264.0,21.185704182742025,21.420849693023275,5.578063593888944,21.0,0,-0.4208496930232748,21.973972797346942,20.5,21.5
3265.0,21.182582654624255,21.369729157791102,5.5763925362681785,21.0,0,-0.3697291577911024,20.85852380546938,20.5,21.5
3266.0,21.179461416600585,21.416008343047174,5.5747210396994245,21.0,0,-0.4160083430471744,21.878800195607894,20.5,21.5
3267.0,21.176340468525204,21.499593224693832,5.573049105455596,21.0,0,-0.4995932246938324,22.335442041160412,20.5,21.5
3268.0,21.17321981025259,21.5229341791316,5.571376734809948,21.0,0,-0.5229341791315996,21.75634372350927,20.5,21.5
3269.0,21.1700994416375,21.45568361212413,5.569703929036059,21.0,0,-0.45568361212412967,20.78317794204943,20.5,21.5
3270.0,21.16697936253498,21.49139547245774,5.568030689407845,21.0,0,-0.4913954724577394,21.848514075793837,20.5,21.5
3271.0,21.163859572800355,21.4378351307683,5.566357017199552,21.0,0,-0.43783513076829905,20.902231713873896,20.5,21.5
3272.0,21.160740072289236,21.437258683489627,5.564682913685753,21.0,0,-0.4372586834896275,21.431494210702912,20.5,21.5
3273.0,21.157620860857516,21.444269469002293,5.563008380141352,21.0,0,-0.44426946900229325,21.51437732412895,20.5,21.5
3274.0,21.154501938361374,21.423728302572048,5.561333417841576,21.0,0,-0.42372830257204797,21.218316638269595,20.5,21.5
3275.0,21.15138330465727,21.442044692731123,5.5596580280619845,21.0,0,-0.44204469273112323,21.625208594321876,20.5,21.5
3276.0,21.14826495960195,21.511210266006508,5.557982212078459,21.0,0,-0.5112102660065077,22.202865998760352,20.5,21.5
3277.0,21.145146903052446,21.53102933157626,5.556305971167205,21.0,0,-0.53102933157626,21.729219987273783,20.5,21.5
3278.0,21.142029134866068,21.5027020339707,5.554629306604755,21.0,0,-0.5027020339706993,21.219429057915093,20.5,21.5
3279.0,21.138911654900415,21.457809213149773,5.552952219667962,21.0,0,-0.45780921314977263,21.008881004940505,20.5,21.5
3280.0,21.13579446301337,21.500017543131662,5.551274711633998,21.0,0,-0.500017543131662,21.922100842950556,20.5,21.5
3281.0,21.132677559063094,21.41779515859327,5.549596783780362,21.0,0,-0.41779515859327176,20.59557131320937,20.5,21.5
3282.0,21.129560942908036,21.363236215186028,5.547918437384865,21.0,0,-0.3632362151860278,20.817646781113588,20.5,21.5
3283.0,21.126444614406932,21.378607780621707,5.546239673725643,21.0,0,-0.3786077806217065,21.532323434978494,20.5,21.5
3284.0,21.123328573418796,21.472614940005492,5.544560494081149,21.0,0,-0.4726149400054922,22.41268653384335,20.5,21.5
3285.0,21.12021281980293,21.483485836005496,5.542880899730149,21.0,0,-0.4834858360054959,21.592194796005533,20.5,21.5
3286.0,21.117097353418917,21.496612257593913,5.541200891951728,21.0,0,-0.49661225759391314,21.627876473478086,20.5,21.5
3287.0,21.113982174126622,21.513412515123285,5.539520472025284,21.0,0,-0.5134125151232851,21.681415090417005,20.5,21.5
3288.0,21.110867281786202,21.404329752890092,5.537839641230532,21.0,1,-0.4043297528900922,20.313502130558163,20.5,21.5
3289.0,21.12775267625809,21.42382794110899,5.536158400847496,21.0,0,-0.42382794110898914,21.61880982329796,20.5,21.5
3290.0,21.124634357403007,21.2777560379707,5.534476752156514,21.0,1,-0.2777560379707005,19.817037006587814,20.5,21.5
3291.0,21.14151632588196,21.306345811760984,5.532794696438235,21.0,0,-0.3063458117609841,21.59224354966382,20.5,21.5
3292.0,21.13839458155607,21.279690207045697,5.531112234973618,21.0,0,-0.2796902070456966,21.01313415989282,20.5,21.5
3293.0,21.135273125086755,21.339242611342826,5.529429369043929,21.0,0,-0.33924261134282574,21.934766654314117,20.5,21.5
3294.0,21.132151956335548,21.245228458450622,5.527746099930746,21.0,1,-0.24522845845062236,20.30508692952859,20.5,21.5
3295.0,21.149031075164267,21.30849268512298,5.52606242891595,21.0,0,-0.30849268512298167,21.941134951846575,20.5,21.5
3296.0,21.145906481435016,21.216242208162303,5.52437835728173,21.0,1,-0.21624220816230277,20.293737438555514,20.5,21.5
3297.0,21.162782175810186,21.182663346887296,5.522693886310579,21.0,1,-0.18266334688729557,20.846874734137224,20.5,21.5
3298.0,21.179654158152285,21.163515734145133,5.521009017285297,21.0,1,-0.16351573414513254,20.972039606723502,20.5,21.5
3299.0,21.196522429124112,21.205024257467162,5.519323751488983,21.0,0,-0.20502425746716213,21.620109490687458,20.5,21.5
3300.0,21.193386989388586,21.30499094132567,5.5176380902050415,21.0,0,-0.30499094132566995,22.304657779910748,20.5,21.5
3301.0,21.19025183960875,21.38357544049917,5.515952034717177,21.0,0,-0.38357544049916825,22.16942043223415,20.5,21.5
3302.0,21.18711697964777,21.471687761359664,5.514265586309393,21.0,0,-0.4716877613596644,22.352810969964626,20.5,21.5
3303.0,21.1839824093691,21.5367866217537,5.512578746265993,21.0,0,-0.5367866217536985,22.18777522569404,20.5,21.5
3304.0,21.18084812863648,21.54619337621094,5.510891515871581,21.0,0,-0.5461933762109403,21.64026092078336,20.5,21.5
3305.0,21.177714137313927,21.477010986962107,5.509203896411055,21.0,0,-0.47701098696210664,20.78518709447377,20.5,21.5
3306.0,21.174580435265746,21.439212453791548,5.507515889169611,21.0,0,-0.43921245379154783,21.06122712208596,20.5,21.5
3307.0,21.171447022356528,21.46015550213,5.50582749543274,21.0,0,-0.4601555021300001,21.669585985514523,20.5,21.5
3308.0,21.168313898451142,21.48074025326659,5.504138716486228,21.0,0,-0.480740253266589,21.686587764632478,20.5,21.5
3309.0,21.16518106341475,21.459382645194296,5.5024495536161515,21.0,0,-0.45938264519429595,21.245806564471366,20.5,21.5
3310.0,21.16204851711279,21.45669652086794,5.500760008108883,21.0,0,-0.4566965208679399,21.42983527760438,20.5,21.5
3311.0,21.15891625941099,21.456959299279596,5.499070081251085,21.0,0,-0.4569592992795961,21.45958708339616,20.5,21.5
3312.0,21.155784290175358,21.344328874786196,5.49737977432971,21.0,1,-0.34432887478619634,20.2180246298522,20.5,21.5
3313.0,21.172652609272188,21.333405395051553,5.495689088632,21.0,1,-0.3334053950515532,21.224170597705122,20.5,21.5
3314.0,21.18951721656806,21.385047619058344,5.493998025445486,21.0,0,-0.3850476190583443,21.901469859126255,20.5,21.5
3315.0,21.186378112729834,21.432846393900586,5.492306586057986,21.0,0,-0.43284639390058643,21.910834142323008,20.5,21.5
3316.0,21.1832392984245,21.46561705615831,5.490614771757604,21.0,0,-0.4656170561583117,21.793323678735565,20.5,21.5
3317.0,21.180100773519165,21.561994747611514,5.488922583832734,21.0,0,-0.5619947476115144,22.52577166214354,20.5,21.5
3318.0,21.176962537881227,21.52818659361784,5.487230023572046,21.0,0,-0.5281865936178392,21.190105053681087,20.5,21.5
3319.0,21.173824591378366,21.468894529935124,5.485537092264499,21.0,0,-0.4688945299351239,20.87597389310797,20.5,21.5
3320.0,21.170686933878542,21.50169363066647,5.483843791199336,21.0,0,-0.5016936306664697,21.829684637979927,20.5,21.5
3321.0,21.167549565250006,21.564805579093793,5.482150121666077,21.0,0,-0.5648055790937931,22.195925063367028,20.5,21.5
3322.0,21.16441248536129,21.62773849522837,5.480456084954528,21.0,0,-0.6277384952283711,22.25706765657415,20.5,21.5
3323.0,21.16127569408121,21.601409417443488,5.478761682354769,21.0,0,-0.6014094174434881,21.338118639594658,20.5,21.5
3324.0,21.158139191278863,21.666345022645242,5.477066915157162,21.0,0,-0.6663450226452419,22.31570107466278,20.5,21.5
3325.0,21.15500297682364,21.602551271362096,5.475371784652347,21.0,0,-0.6025512713620955,20.964613758530632,20.5,21.5
3326.0,21.151867050585203,21.576928480935944,5.473676292131238,21.0,0,-0.5769284809359441,21.32070057667443,20.5,21.5
3327.0,21.148731412433513,21.49412307696239,5.471980438885026,21.0,0,-0.49412307696238855,20.666069037226833,20.5,21.5
3328.0,21.145596062238802,21.54819604387658,5.47028422620518,21.0,0,-0.5481960438765796,22.08892571301849,20.5,21.5
3329.0,21.142460999871595,21.53689514184928,5.468587655383438,21.0,0,-0.5368951418492784,21.423886121576267,20.5,21.5
3330.0,21.139326225202698,21.4923537360304,5.466890727711811,21.0,0,-0.4923537360303989,21.046939677841603,20.5,21.5
3331.0,21.1361917381032,21.491084368290498,5.465193444482585,21.0,0,-0.4910843682904975,21.478390690891484,20.5,21.5
3332.0,21.133057538444476,21.43436850023219,5.463495806988314,21.0,0,-0.4343685002321891,20.867209819649105,20.5,21.5
3333.0,21.129923626098183,21.468955057155867,5.461797816521824,21.0,0,-0.46895505715586694,21.814820626392645,20.5,21.5
3334.0,21.126790000936268,21.345226958258717,5.460099474376209,21.0,1,-0.3452269582587171,20.10794596928722,20.5,21.5
3335.0,21.143656662830956,21.371550869138694,5.458400781844829,21.0,0,-0.3715508691386944,21.634789977938468,20.5,21.5
3336.0,21.14051961165476,21.383582119356394,5.456701740221312,21.0,0,-0.38358211935639375,21.503894621533387,20.5,21.5
3337.0,21.137382848080474,21.413134430274784,5.455002350799552,21.0,0,-0.41313443027478414,21.708657539458688,20.5,21.5
3338.0,21.134246371981018,21.31248057903374,5.45330261487371,21.0,1,-0.31248057903373905,20.305942066623288,20.5,21.5
3339.0,21.151110183229598,21.409734437184827,5.451602533738207,21.0,0,-0.40973443718482727,22.38227301869571,20.5,21.5
3340.0,21.1479702816997,21.43605539264101,5.449902108687731,21.0,0,-0.4360553926410091,21.699264947202828,20.5,21.5
3341.0,21.144830668065097,21.370468969396132,5.448201341017226,21.0,0,-0.37046896939613205,20.71460473694736,20.5,21.5
3342.0,21.14169134219969,21.391151073417983,5.4465002320219025,21.0,0,-0.3911510734179835,21.597972113636498,20.5,21.5
3343.0,21.138552303977654,21.429059675318932,5.44479878299723,21.0,0,-0.42905967531893197,21.808145694328417,20.5,21.5
3344.0,21.13541355327346,21.461763845731195,5.4430969952389345,21.0,0,-0.4617638457311948,21.788805549853823,20.5,21.5
3345.0,21.13227508996185,21.378538205974298,5.441394870043003,21.0,0,-0.3785382059742979,20.54628180840533,20.5,21.5
3346.0,21.12913691391787,21.426817609488417,5.4396924087056755,21.0,0,-0.42681760948841685,21.909611644629607,20.5,21.5
3347.0,21.125999025016824,21.40816025205384,5.4379896125234515,21.0,0,-0.40816025205383966,21.221586677708068,20.5,21.5
3348.0,21.122861423134324,21.424424331204982,5.4362864827930855,21.0,0,-0.4244243312049818,21.587065122716403,20.5,21.5
3349.0,21.119724108146254,21.34413011839286,5.434583020811583,21.0,0,-0.34413011839286156,20.54118799027166,20.5,21.5
3350.0,21.116587079928788,21.420657785636692,5.432879227876206,21.0,0,-0.420657785636692,22.185934458074996,20.5,21.5
3351.0,21.113450338358376,21.39903509428236,5.431175105284466,21.0,0,-0.39903509428236106,21.182808180739052,20.5,21.5
3352.0,21.11031388331176,21.391909019478938,5.429470654334127,21.0,0,-0.39190901947893764,21.320648271444703,20.5,21.5
3353.0,21.107177714665966,21.342840542692933,5.4277658763232015,21.0,0,-0.34284054269293307,20.852155774832887,20.5,21.5
3354.0,21.104041832298297,21.334891428581958,5.4260607725499534,21.0,0,-0.3348914285819582,21.25540028747221,20.5,21.5
3355.0,21.100906236086345,21.331131248474133,5.424355344312892,21.0,0,-0.3311312484741329,21.29352944739588,20.5,21.5
3356.0,21.09777092590799,21.289930080867673,5.422649592910778,21.0,0,-0.28993008086767347,20.87791840480308,20.5,21.5
3357.0,21.094635901641393,21.20840665223456,5.420943519642612,21.0,1,-0.20840665223456156,20.393172365903443,20.5,21.5
3358.0,21.111501163164995,21.226602465558063,5.419237125807644,21.0,1,-0.22660246555806296,21.408560598793077,20.5,21.5
3359.0,21.128362710357525,21.26435720460348,5.417530412705367,21.0,0,-0.2643572046034812,21.641904595057664,20.5,21.5
3360.0,21.125220543897996,21.230516920765194,5.415823381635518,21.0,0,-0.2305169207651936,20.892114082382317,20.5,21.5
3361.0,21.122078664465544,21.293156833492777,5.414116033898076,21.0,0,-0.29315683349277677,21.91955596076861,20.5,21.5
3362.0,21.11893707193943,21.44051874242863,5.412408370793259,21.0,0,-0.44051874242862965,22.91413783178716,20.5,21.5
3363.0,21.115795766199202,21.43388219215251,5.410700393621528,21.0,0,-0.43388219215250956,21.36751668939131,20.5,21.5
3364.0,21.112654747124687,21.356963042981878,5.408992103683581,21.0,0,-0.356963042981878,20.587771551275562,20.5,21.5
3365.0,21.109514014595998,21.446207158824933,5.407283502280355,21.0,0,-0.446207158824933,22.338648317255483,20.5,21.5
3366.0,21.106373568493535,21.43915680641961,5.405574590713025,21.0,0,-0.43915680641961075,21.368653282366388,20.5,21.5
3367.0,21.103233408697978,21.39524842656835,5.403865370283002,21.0,0,-0.3952484265683509,20.956164628055753,20.5,21.5
3368.0,21.100093535090295,21.44269227750237,5.40215584229193,21.0,0,-0.4426922775023705,21.917130786842566,20.5,21.5
3369.0,21.096953947551736,21.422029051962674,5.40044600804169,21.0,0,-0.4220290519626744,21.215396796565713,20.5,21.5
3370.0,21.093814645963835,21.358652200311543,5.398735868834395,21.0,0,-0.35865220031154266,20.724883683800225,20.5,21.5
3371.0,21.09067563020841,21.320695200649915,5.39702542597239,21.0,0,-0.3206952006499151,20.94112520403364,20.5,21.5
3372.0,21.08753690016756,21.327716894470775,5.3953146807582515,21.0,0,-0.32771689447077534,21.397933832679378,20.5,21.5
3373.0,21.08439845572368,21.361533855693082,5.393603634494789,21.0,0,-0.3615338556930823,21.69970346791615,20.5,21.5
3374.0,21.081260296759435,21.416389564930363,5.391892288485036,21.0,0,-0.4163895649303626,21.964946657303166,20.5,21.5
3375.0,21.07812242315778,21.466665105768328,5.390180644032256,21.0,0,-0.4666651057683282,21.969420514147984,20.5,21.5
3376.0,21.074984834801956,21.503770798168404,5.388468702439944,21.0,0,-0.5037707981684036,21.874827722169158,20.5,21.5
3377.0,21.071847531575482,21.468886821881107,5.386756465011816,21.0,0,-0.46888682188110664,21.120047059008137,20.5,21.5
3378.0,21.06871051336217,21.42959434733215,5.385043933051816,21.0,0,-0.42959434733214863,21.03666960184257,20.5,21.5
3379.0,21.06557378004611,21.433536782444573,5.38333110786411,21.0,0,-0.4335367824445733,21.47296113356882,20.5,21.5
3380.0,21.06243733151167,21.477039133452188,5.38161799075309,21.0,0,-0.4770391334521875,21.91206264352833,20.5,21.5
3381.0,21.05930116764352,21.47149563936953,5.37990458302337,21.0,0,-0.4714956393695289,21.416060698542942,20.5,21.5
3382.0,21.056165288326593,21.47485931961321,5.378190885979782,21.0,0,-0.47485931961320915,21.508496122050012,20.5,21.5
3383.0,21.053029693446124,21.433502462625714,5.3764769009273845,21.0,0,-0.43350246262571446,21.019933892750768,20.5,21.5
3384.0,21.04989438288762,21.416979699064363,5.37476262917145,21.0,0,-0.4169796990643633,21.25175206345085,20.5,21.5
3385.0,21.046759356536874,21.28942789169026,5.373048072017469,21.0,1,-0.2894278916902593,20.01390981794922,20.5,21.5
3386.0,21.06362461427997,21.25399065191629,5.371333230771154,21.0,1,-0.2539906519162898,20.899618254176595,20.5,21.5
3387.0,21.080486156003268,21.266714502242188,5.369618106738431,21.0,1,-0.26671450224218773,21.393953005501167,20.5,21.5
3388.0,21.097343982393415,21.35003536591232,5.367902701225439,21.0,0,-0.3500353659123192,22.183244002613634,20.5,21.5
3389.0,21.09419809413718,21.48790427513871,5.366187015538539,21.0,0,-0.4879042751387104,22.866593367402622,20.5,21.5
3390.0,21.09105249192146,21.469377305602073,5.364471050984296,21.0,0,-0.46937730560207314,21.2841076102357,20.5,21.5
3391.0,21.087907175633273,21.47504060555736,5.362754808869492,21.0,0,-0.4750406055573606,21.531673605110235,20.5,21.5
3392.0,21.08476214515992,21.534172428861247,5.36103829050112,21.0,0,-0.5341724288612468,22.12549066190011,20.5,21.5
3393.0,21.08161740038899,21.48773707433132,5.359321497186385,21.0,0,-0.48773707433132074,21.02338352903206,20.5,21.5
3394.0,21.07847294120835,21.407971293501497,5.3576044302326995,21.0,0,-0.40797129350149675,20.610313485203257,20.5,21.5
3395.0,21.075328767506154,21.4112174215331,5.355887090947684,21.0,0,-0.4112174215330988,21.44367870184912,20.5,21.5
3396.0,21.07218487917084,21.41959341437429,5.354169480639166,21.0,0,-0.4195934143742903,21.503353342786205,20.5,21.5
3397.0,21.069041276091134,21.44192260465996,5.352451600615184,21.0,0,-0.44192260465996114,21.66521450751667,20.5,21.5
3398.0,21.06589795815604,21.409975339740356,5.350733452183974,21.0,0,-0.40997533974035605,21.090502690544305,20.5,21.5
3399.0,21.062754925254843,21.35672531641644,5.3490150366539835,21.0,0,-0.35672531641644056,20.824225083177286,20.5,21.5
3400.0,21.059612177277124,21.39601697815832,5.347296355333861,21.0,0,-0.39601697815831827,21.788933595577095,20.5,21.5
3401.0,21.056469714112737,21.41308225404745,5.3455774095324555,21.0,0,-0.413082254047449,21.583735012938757,20.5,21.5
3402.0,21.05332753565182,21.349061318887937,5.343858200558819,21.0,0,-0.34906131888793723,20.70885196729282,20.5,21.5
3403.0,21.050185641784804,21.360499371807407,5.342138729722206,21.0,0,-0.360499371807407,21.474879901002105,20.5,21.5
3404.0,21.04704403240239,21.40267275709423,5.340418998332066,21.0,0,-0.4026727570942299,21.82440660996246,20.5,21.5
3405.0,21.043902707395574,21.386522697610353,5.3386990076980485,21.0,0,-0.38652269761035285,21.225022102771582,20.5,21.5
3406.0,21.040761666655634,21.361919764600486,5.336978759130005,21.0,0,-0.36191976460048636,21.11589043450182,20.5,21.5
3407.0,21.03762091007413,21.32684929393983,5.335258253937978,21.0,0,-0.32684929393983,20.976144587333266,20.5,21.5
3408.0,21.0344804375429,21.30239700599589,5.333537493432204,21.0,0,-0.30239700599588915,21.05787412655648,20.5,21.5
3409.0,21.031340248954077,21.323110807748556,5.3318164789231215,21.0,0,-0.32311080774855583,21.530248825275223,20.5,21.5
3410.0,21.02820034420007,21.211480041396143,5.330095211721355,21.0,1,-0.2114800413961433,20.095172377872018,20.5,21.5
3411.0,21.045060723173574,21.156905893311755,5.328373693137727,21.0,1,-0.1569058933117553,20.611164412467875,20.5,21.5
3412.0,21.06191738576757,21.191908471982423,5.326651924483245,21.0,0,-0.19190847198242267,21.541934258689096,20.5,21.5
3413.0,21.058770332675312,21.298280807984177,5.324929907069113,21.0,0,-0.29828080798417744,22.362004168001725,20.5,21.5
3414.0,21.055623564590192,21.252774450347157,5.3232076422067225,21.0,0,-0.2527744503471574,20.797710873976957,20.5,21.5
3415.0,21.052477081405716,21.342926239866554,5.321485131207652,21.0,0,-0.3429262398665536,22.244444135060515,20.5,21.5
3416.0,21.049330883015674,21.444862294654296,5.31976237538367,21.0,0,-0.44486229465429616,22.464222842531722,20.5,21.5
3417.0,21.046184969314147,21.4389541498822,5.3180393760467295,21.0,0,-0.43895414988219983,21.379872702161236,20.5,21.5
3418.0,21.043039340195495,21.420034979249703,5.316316134508967,21.0,0,-0.4200349792497029,21.230843272924734,20.5,21.5
3419.0,21.03989399555436,21.426587499354202,5.314592652082709,21.0,0,-0.42658749935420204,21.492112700399193,20.5,21.5
3420.0,21.036748935285665,21.43385171048252,5.312868930080462,21.0,0,-0.43385171048252147,21.506493821765716,20.5,21.5
3421.0,21.033604159284625,21.408574513908533,5.311144969814913,21.0,0,-0.4085745139085333,21.15580254816865,20.5,21.5
3422.0,21.03045966744673,21.3841060472425,5.309420772598937,21.0,0,-0.38410604724250064,21.139421380582174,20.5,21.5
3423.0,21.02731545966776,21.351895598311913,5.307696339745581,21.0,0,-0.35189559831191275,21.029791109006034,20.5,21.5
3424.0,21.024171535843777,21.353757175923523,5.305971672568077,21.0,0,-0.35375717592352274,21.372372952039623,20.5,21.5
3425.0,21.02102789587112,21.354954550631202,5.304246772379833,21.0,0,-0.3549545506312022,21.366928297707997,20.5,21.5
3426.0,21.017884539646424,21.35931061890932,5.302521640494438,21.0,0,-0.35931061890931915,21.40287130169049,20.5,21.5
3427.0,21.014741467066592,21.382863407697094,5.300796278225654,21.0,0,-0.38286340769709426,21.618391295574845,20.5,21.5
3428.0,21.011598678028825,21.370340552021638,5.299070686887419,21.0,0,-0.37034055202163785,21.245111995267074,20.5,21.5
3429.0,21.0084561724306,21.394997080306474,5.297344867793846,21.0,0,-0.3949970803064744,21.64156236315484,20.5,21.5
3430.0,21.005313950169672,21.411128242680064,5.295618822259222,21.0,0,-0.4111282426800642,21.572439866415962,20.5,21.5
3431.0,21.00217201114409,21.3116947421532,5.293892551598003,21.0,1,-0.31169474215320037,20.317359736884562,20.5,21.5
3432.0,21.01903035525218,21.309465186029293,5.292166057124823,21.0,1,-0.30946518602929274,21.287169624790216,20.5,21.5
3433.0,21.035884982392556,21.25988939226021,5.290439340154482,21.0,1,-0.25988939226020946,20.764131454569377,20.5,21.5
3434.0,21.05273589326411,21.259276211878216,5.288712402001948,21.0,1,-0.25927621187821615,21.253144408058283,20.5,21.5
3435.0,21.069583088565857,21.31487742775326,5.286985243982358,21.0,0,-0.31487742775325955,21.870889586503694,20.5,21.5
3436.0,21.06642656899694,21.443207053450855,5.2852578674110235,21.0,0,-0.4432070534508554,22.726503310426814,20.5,21.5
3437.0,21.06327033525662,21.427217985286646,5.2835302736034135,21.0,0,-0.4272179852866458,21.26732730364455,20.5,21.5
3438.0,21.06011438724429,21.444361023755413,5.281802463875165,21.0,0,-0.44436102375541253,21.61579140844308,20.5,21.5
3439.0,21.056958724859616,21.42669614219229,5.2800744395420836,21.0,0,-0.42669614219229146,21.25004732656108,20.5,21.5
3440.0,21.053803348002553,21.361342230283377,5.278346201920131,21.0,0,-0.36134223028337686,20.70780311119423,20.5,21.5
3441.0,21.050648256573336,21.31635712027953,5.276617752325437,21.0,0,-0.31635712027953033,20.866506020241065,20.5,21.5
3442.0,21.047493450472487,21.35842035072117,5.274889092074293,21.0,0,-0.3584203507211683,21.779052655137548,20.5,21.5
3443.0,21.04433892960081,21.37031122859657,5.273160222483147,21.0,0,-0.3703112285965702,21.48922000735059,20.5,21.5
3444.0,21.041184693859385,21.40487876371769,5.27143114486861,21.0,0,-0.40487876371769005,21.75055411492889,20.5,21.5
3445.0,21.038030743149587,21.414454997613742,5.269701860547446,21.0,0,-0.41445499761374194,21.51021733657426,20.5,21.5
3446.0,21.034877077373068,21.388350119890827,5.267972370836585,21.0,0,-0.388350119890827,21.127301342661678,20.5,21.5
3447.0,21.03172369643176,21.397953107109338,5.266242677053105,21.0,0,-0.3979531071093376,21.493982979294444,20.5,21.5
3448.0,21.028570600227887,21.359514474691014,5.264512780514244,21.0,0,-0.3595144746910144,20.975128150507782,20.5,21.5
3449.0,21.025417788663944,21.291344936220415,5.262782682537396,21.0,0,-0.29134493622041546,20.609649551514426,20.5,21.5
3450.0,21.02226526164272,21.242673647644736,5.261052384440104,21.0,0,-0.24267364764473598,20.75596076188794,20.5,21.5
3451.0,21.01911301906728,21.218199209224686,5.259321887540064,21.0,0,-0.21819920922468583,20.973454825024184,20.5,21.5
3452.0,21.015961060840976,21.207433270808867,5.257591193155125,21.0,0,-0.20743327080886687,21.099773886650677,20.5,21.5
3453.0,21.01280938686744,21.195795388619906,5.255860302603288,21.0,0,-0.19579538861990642,21.079416566730302,20.5,21.5
3454.0,21.009657997050585,21.230090227575413,5.2541292172027,21.0,0,-0.2300902275754133,21.573038617130482,20.5,21.5
3455.0,21.006506891294617,21.27151924012444,5.25239793827166,21.0,0,-0.27151924012444084,21.685809365614716,20.5,21.5
3456.0,21.00335606950401,21.328455739283697,5.250666467128609,21.0,0,-0.3284557392836973,21.897820730876262,20.5,21.5
3457.0,21.000205531583536,21.315599962272888,5.248934805092139,21.0,0,-0.3155999622728878,21.187042192164792,20.5,21.5
3458.0,20.99705527743824,21.39778921716057,5.247202953480985,21.0,0,-0.3977892171605717,22.21968176603741,20.5,21.5
3459.0,20.99390530697345,21.33137500409243,5.24547091361403,21.0,0,-0.33137500409242904,20.667232873411002,20.5,21.5
3460.0,20.990755620094777,21.32260024725682,5.243738686810295,21.0,0,-0.322600247256819,21.23485267890072,20.5,21.5
3461.0,20.98760621670812,21.280883632773662,5.242006274388948,21.0,0,-0.28088363277366213,20.863717487942093,20.5,21.5
3462.0,20.984457096719655,21.233540327448782,5.240273677669294,21.0,0,-0.2335403274487824,20.760107274199985,20.5,21.5
3463.0,20.981308260035846,21.14868682973926,5.2385408979707835,21.0,1,-0.14868682973925829,20.300151852644017,20.5,21.5
3464.0,20.99815970656343,21.239623187568505,5.236807936613001,21.0,0,-0.23962318756850465,22.14898676586097,20.5,21.5
3465.0,20.99500743620944,21.261775848030485,5.2350747949156755,21.0,0,-0.26177584803048504,21.48330245265029,20.5,21.5
3466.0,20.991855449681182,21.287009930555733,5.233341474198667,21.0,0,-0.2870099305557332,21.539350755808215,20.5,21.5
3467.0,20.988703746886085,21.304060641457614,5.231607975781975,21.0,0,-0.3040606414576139,21.47456775047642,20.5,21.5
3468.0,20.985552327731863,21.32656756202003,5.229874300985733,21.0,0,-0.32656756202003123,21.551636767644204,20.5,21.5
3469.0,20.982401192126513,21.30876849843214,5.228140451130212,21.0,0,-0.3087684984321406,21.130777862553234,20.5,21.5
3470.0,20.979250339978314,21.261582355289363,5.226406427535814,21.0,0,-0.261582355289363,20.789720923861587,20.5,21.5
3471.0,20.976099771195827,21.2392628030207,5.224672231523071,21.0,0,-0.2392628030207007,21.016067280334077,20.5,21.5
3472.0,20.97294948568789,21.241653682259063,5.222937864412652,21.0,0,-0.24165368225906292,21.265562474642685,20.5,21.5
3473.0,20.969799483363637,21.201551343796318,5.22120332752535,21.0,0,-0.2015513437963179,20.800527959168868,20.5,21.5
3474.0,20.96664976413247,21.181609372617604,5.219468622182091,21.0,0,-0.18160937261760424,20.982189660830468,20.5,21.5
3475.0,20.96350032790408,21.176301493655604,5.217733749703929,21.0,0,-0.176301493655604,21.1232227040356,20.5,21.5
3476.0,20.96035117458844,21.125001448545873,5.215998711412046,21.0,0,-0.12500144854587347,20.61200099744857,20.5,21.5
3477.0,20.957202304095805,21.21147313493861,5.214263508627749,21.0,0,-0.2114731349386112,22.07618999886599,20.5,21.5
3478.0,20.954053716336713,21.28265861006704,5.212528142672467,21.0,0,-0.2826586100670383,21.99451336135131,20.5,21.5
3479.0,20.95090541122198,21.33650512962938,5.21079261486776,21.0,0,-0.33650512962937995,21.874970325252796,20.5,21.5
3480.0,20.947757388662712,21.468537647760524,5.2090569265353075,21.0,0,-0.46853764776052387,22.788862829071963,20.5,21.5
3481.0,20.944609648570285,21.529632679390623,5.207321078996911,21.0,0,-0.5296326793906232,22.140582995691616,20.5,21.5
3482.0,20.94146219085637,21.45352382248929,5.205585073574493,21.0,0,-0.45352382248929146,20.692435253475974,20.5,21.5
3483.0,20.938315015432913,21.432382431044893,5.203848911590101,21.0,0,-0.4323824310448927,21.220968516600905,20.5,21.5
3484.0,20.935168122212144,21.380333151547138,5.202112594365893,21.0,0,-0.38033315154713776,20.85984035656959,20.5,21.5
3485.0,20.932021511106573,21.259965594314657,5.200376123224153,21.0,1,-0.25996559431465727,20.056290021989852,20.5,21.5
3486.0,20.948875182028996,21.243631697020852,5.198639499487278,21.0,1,-0.2436316970208523,21.080292724082803,20.5,21.5
3487.0,20.965725134892487,21.227527460592714,5.196902724477783,21.0,1,-0.22752746059271445,21.066485096311336,20.5,21.5
3488.0,20.982571370410405,21.20807368794997,5.1951657995183,21.0,1,-0.2080736879499696,21.01353596152252,20.5,21.5
3489.0,20.999413889296225,21.182822391673078,5.193428725931569,21.0,1,-0.1828223916730778,20.93030942890416,20.5,21.5
3490.0,21.016252692263553,21.1995398565167,5.191691505040449,21.0,1,-0.1995398565167008,21.36671450495293,20.5,21.5
3491.0,21.033087780026108,21.24202180180375,5.189954138167908,21.0,0,-0.24202180180375166,21.66684125467426,20.5,21.5
3492.0,21.029919153297737,21.264080975048618,5.188216626637029,21.0,0,-0.2640809750486177,21.48467270749728,20.5,21.5
3493.0,21.026750812792404,21.275019631346474,5.186478971771001,21.0,0,-0.2750196313464741,21.384406194325038,20.5,21.5
3494.0,21.0235827584242,21.295448692142525,5.184741174893124,21.0,0,-0.295448692142525,21.499739300103034,20.5,21.5
3495.0,21.020414990107493,21.32398932193079,5.183003237326806,21.0,0,-0.3239893219307888,21.609395619813426,20.5,21.5
3496.0,21.017247507756938,21.321164809822616,5.181265160395561,21.0,0,-0.32116480982261564,21.292919688740884,20.5,21.5
3497.0,21.014080311287465,21.351041558069277,5.179526945423011,21.0,0,-0.3510415580692765,21.649809040535885,20.5,21.5
3498.0,21.010913400614292,21.432433385161872,5.177788593732883,21.0,0,-0.4324333851618718,22.246351656087825,20.5,21.5
3499.0,21.007746775652915,21.398636661951578,5.176050106649008,21.0,0,-0.39863666195157776,21.060669429848637,20.5,21.5
3500.0,21.004580436319113,21.446749048970002,5.174311485495317,21.0,0,-0.4467490489700019,21.927872919154243,20.5,21.5
3501.0,21.00141438252895,21.499061239756532,5.172572731595847,21.0,0,-0.49906123975653216,22.022183147621835,20.5,21.5
3502.0,20.99824861419876,21.489321424705857,5.170833846274736,21.0,0,-0.4893214247058566,21.3919232741991,20.5,21.5
3503.0,20.995083131245178,21.43322879278309,5.169094830856218,21.0,0,-0.43322879278309046,20.87230247355543,20.5,21.5
3504.0,20.9919179335851,21.495279243156006,5.167355686664631,21.0,0,-0.4952792431560056,22.115783746885157,20.5,21.5
3505.0,20.988753021135715,21.477767966673735,5.1656164150244095,21.0,0,-0.4777679666737349,21.302655201851028,20.5,21.5
3506.0,20.985588393814492,21.427475404036805,5.1638770172600825,21.0,0,-0.4274754040368052,20.924549777667508,20.5,21.5
3507.0,20.98242405153918,21.35618371785746,5.162137494696277,21.0,0,-0.3561837178574585,20.643266856063992,20.5,21.5
3508.0,20.97925999422781,21.41595410009859,5.160397848657718,21.0,0,-0.41595410009858824,22.013657922509886,20.5,21.5
3509.0,20.976096221798695,21.38928161325206,5.158658080469219,21.0,0,-0.38928161325205934,21.12255674478677,20.5,21.5
3510.0,20.972932734170428,21.39997543509859,5.156918191455691,21.0,0,-0.39997543509858957,21.506913653563892,20.5,21.5
3511.0,20.969769531261885,21.376803524330608,5.155178182942132,21.0,0,-0.37680352433060804,21.145084416650793,20.5,21.5
3512.0,20.966606612992223,21.369802380943653,5.153438056253638,21.0,0,-0.3698023809436535,21.299790947074108,20.5,21.5
3513.0,20.963443979280875,21.26801557884671,5.151697812715389,21.0,1,-0.2680155788467111,20.250147557877288,20.5,21.5
3514.0,20.98028163004756,21.335092850063507,5.149957453652656,21.0,0,-0.3350928500635071,22.005865562231467,20.5,21.5
3515.0,20.97711556521228,21.3223100082071,5.1482169803907984,21.0,0,-0.32231000820710065,21.194481589643036,20.5,21.5
3516.0,20.973949785495314,21.30993613083722,5.146476394255265,21.0,0,-0.3099361308372188,21.1861973571384,20.5,21.5
3517.0,20.970784290817065,21.29375779545,5.1447356965715825,21.0,0,-0.2937577954499986,21.131974441577796,20.5,21.5
3518.0,20.967619081098217,21.249273808759558,5.142994888665372,21.0,0,-0.24927380875955762,20.804433941855148,20.5,21.5
3519.0,20.96445415625973,21.199408473928266,5.141253971862334,21.0,0,-0.19940847392826555,20.700755125615345,20.5,21.5
3520.0,20.961289516222852,21.13577884666005,5.13951294748825,21.0,1,-0.1357788466600489,20.499482573977883,20.5,21.5
3521.0,20.978125160909105,21.19065509603653,5.13777181686899,21.0,0,-0.19065509603652941,21.739417589801334,20.5,21.5
3522.0,20.9749570902403,21.247593369523113,5.136030581330497,21.0,0,-0.24759336952311273,21.816976104388946,20.5,21.5
3523.0,20.97178930493852,21.26416939879824,5.134289242198799,21.0,0,-0.2641693987982414,21.42992969154953,20.5,21.5
3524.0,20.96862180492597,21.275570545101438,5.1325478008,21.0,0,-0.27557054510143786,21.389582008133402,20.5,21.5
3525.0,20.965454590125145,21.29721296134829,5.130806258460286,21.0,0,-0.2972129613482899,21.51363712381681,20.5,21.5
3526.0,20.962287660458813,21.254834260645044,5.129064616505916,21.0,0,-0.254834260645044,20.831047253612585,20.5,21.5
3527.0,20.959121015850023,21.323682720056517,5.127322876263226,21.0,0,-0.3236827200565173,22.01216731417125,20.5,21.5
3528.0,20.955954656222104,21.400161675618357,5.125581039058627,21.0,0,-0.4001616756183566,22.16495123123675,20.5,21.5
3529.0,20.952788581498673,21.316882439936258,5.123839106218604,21.0,1,-0.31688243993625775,20.48409008311527,20.5,21.5
3530.0,20.969622791603616,21.294287379902897,5.122097079069714,21.0,1,-0.29428737990289733,21.068336779569293,20.5,21.5
3531.0,20.98645328646111,21.279865261428064,5.120354958938587,21.0,1,-0.2798652614280641,21.135644076679732,20.5,21.5
3532.0,21.003280066795604,21.241056432383118,5.118612747151924,21.0,1,-0.24105643238311814,20.85296814193366,20.5,21.5
3533.0,21.020103133331673,21.265022663488413,5.116870445036493,21.0,0,-0.26502266348841275,21.50468497454136,20.5,21.5
3534.0,21.016922486794016,21.35344400776081,5.115128053919134,21.0,0,-0.3534440077608103,22.237657450484786,20.5,21.5
3535.0,21.01374212790744,21.4583223714295,5.113385575126755,21.0,0,-0.4583223714294995,22.50710600811639,20.5,21.5
3536.0,21.010562056596886,21.509564173445227,5.111643009986328,21.0,0,-0.5095641734452272,22.021982193602504,20.5,21.5
3537.0,21.007382272787563,21.51243959631309,5.109900359824891,21.0,0,-0.5124395963130901,21.54119382499172,20.5,21.5
3538.0,21.00420277640497,21.52329232867205,5.108157625969551,21.0,0,-0.5232923286720492,21.63181965226164,20.5,21.5
3539.0,21.001023567374883,21.494140473776774,5.1064148097474735,21.0,0,-0.49414047377677406,21.202621924824022,20.5,21.5
3540.0,20.997844645623356,21.443515270207424,5.1046719124858875,21.0,0,-0.4435152702074241,20.937263234513924,20.5,21.5
3541.0,20.994666011076728,21.379242339193173,5.102928935512089,21.0,0,-0.37924233919317274,20.73651302905066,20.5,21.5
3542.0,20.991487663661616,21.35518213924368,5.101185880153427,21.0,0,-0.3551821392436807,21.11458013974876,20.5,21.5
3543.0,20.988309603304913,21.309669149806176,5.099442747737316,21.0,0,-0.3096691498061759,20.854539255431128,20.5,21.5
3544.0,20.9851318299338,21.379420319667396,5.097699539591227,21.0,0,-0.3794203196673962,22.0769320182796,20.5,21.5
3545.0,20.98195434347573,21.32417453059801,5.095956257042689,21.0,0,-0.32417453059801105,20.77171663990416,20.5,21.5
3546.0,20.978777143858444,21.408836545410956,5.094212901419285,21.0,0,-0.4088365454109564,22.25545669354041,20.5,21.5
3547.0,20.975600231009956,21.3421569398732,5.092469474048659,21.0,0,-0.34215693987319895,20.675360884495625,20.5,21.5
3548.0,20.972423604858562,21.29503912078771,5.090725976258508,21.0,0,-0.29503912078770966,20.823860929932817,20.5,21.5
3549.0,20.969247265332843,21.273164889922548,5.0889824093765785,21.0,0,-0.2731648899225476,21.054422581270927,20.5,21.5
3550.0,20.96607121236165,21.19290287126921,5.087238774730672,21.0,1,-0.19290287126921157,20.39028268473585,20.5,21.5
3551.0,20.982895445874124,21.11400035595664,5.085495073648644,21.0,1,-0.11400035595664093,20.324975202830935,20.5,21.5
3552.0,20.99971596579968,21.146012697127716,5.0837513074583995,21.0,1,-0.14601269712771625,21.46613610883847,20.5,21.5
3553.0,21.01653277286801,21.193660679016045,5.08200747748789,21.0,0,-0.19366067901604467,21.67014049789933,20.5,21.5
3554.0,21.013345867808937,21.172088522609595,5.08026358506512,21.0,0,-0.17208852260959517,20.9563669585451,20.5,21.5
3555.0,21.010159251352388,21.237394987416877,5.078519631518138,21.0,0,-0.23739498741687726,21.890459635489698,20.5,21.5
3556.0,21.00697292342842,21.216690523201226,5.07677561817504,21.0,0,-0.21669052320122617,21.009645881044715,20.5,21.5
3557.0,21.003786883967372,21.20757192632599,5.075031546363969,21.0,0,-0.20757192632598986,21.116385957573627,20.5,21.5
3558.0,21.000601132899853,21.19526714023602,5.073287417413113,21.0,0,-0.19526714023601954,21.072219279336316,20.5,21.5
3559.0,20.997415670156755,21.173714424026787,5.071543232650699,21.0,0,-0.17371442402678738,20.958187261934466,20.5,21.5
3560.0,20.994230495669253,21.159174319831575,5.069798993405002,21.0,0,-0.1591743198315747,21.013773277879448,20.5,21.5
3561.0,20.9910456093688,21.201041354565824,5.0680547010043355,21.0,0,-0.20104135456582384,21.619711701908315,20.5,21.5
3562.0,20.987861011187128,21.285811244441522,5.066310356777053,21.0,0,-0.28581124444152195,22.133510143198503,20.5,21.5
3563.0,20.984676701056244,21.32223727932611,5.064565962051549,21.0,0,-0.3222372793261101,21.686497628171992,20.5,21.5
3564.0,20.981492678908445,21.296742279061718,5.062821518156256,21.0,0,-0.2967422790617178,21.041792276417794,20.5,21.5
3565.0,20.978308944676296,21.479730647508383,5.061077026419646,21.0,0,-0.4797306475083829,23.309614331975034,20.5,21.5
3566.0,20.975125498292645,21.491519035187835,5.059332488170222,21.0,0,-0.49151903518783513,21.609402911982357,20.5,21.5
3567.0,20.97194233969062,21.42259436941411,5.057587904736527,21.0,0,-0.4225943694141101,20.73334771167686,20.5,21.5
3568.0,20.96875946880363,21.419432274507862,5.0558432774471385,21.0,0,-0.41943227450786225,21.387811325445384,20.5,21.5
3569.0,20.96557688556536,21.42857173111553,5.054098607630663,21.0,0,-0.4285717311155288,21.519966297192195,20.5,21.5
3570.0,20.96239458990977,21.280092028354936,5.052353896615746,21.0,1,-0.28009202835493596,19.795295000749007,20.5,21.5
3571.0,20.97921258177111,21.280166473329324,5.05060914573106,21.0,1,-0.28016647332932365,21.2809109230732,20.5,21.5
3572.0,20.996026861083905,21.31792665846038,5.048864356305307,21.0,0,-0.3179266584603795,21.695528509770938,20.5,21.5
3573.0,20.99283742858295,21.329891253490366,5.047119529667221,21.0,0,-0.3298912534903664,21.449537203790236,20.5,21.5
3574.0,20.989648285003167,21.331910071738115,5.045374667145563,21.0,0,-0.3319100717381147,21.352098254215598,20.5,21.5
3575.0,20.986459430279595,21.357104705643177,5.043629770069122,21.0,0,-0.3571047056431773,21.609051044693803,20.5,21.5
3576.0,20.983270864347553,21.35249791105353,5.041884839766714,21.0,0,-0.3524979110535291,21.306429965157047,20.5,21.5
3577.0,20.980082587142636,21.33194114539654,5.040139877567179,21.0,0,-0.3319411453965415,21.126373488826665,20.5,21.5
3578.0,20.976894598600722,21.291426047008034,5.03839488479938,21.0,0,-0.2914260470080343,20.886275063122962,20.5,21.5
3579.0,20.973706898657962,21.306713645081363,5.036649862792205,21.0,0,-0.3067136450813628,21.459589625814647,20.5,21.5
3580.0,20.97051948725079,21.248760736551926,5.034904812874567,21.0,0,-0.248760736551926,20.669231651257558,20.5,21.5
3581.0,20.967332364315915,21.236838262251837,5.033159736375395,21.0,0,-0.2368382622518368,21.117613519250945,20.5,21.5
3582.0,20.964145529790326,21.22204034774866,5.031414634623642,21.0,0,-0.22204034774865988,21.07406120271689,20.5,21.5
3583.0,20.96095898361129,21.23124602994625,5.029669508948277,21.0,0,-0.23124602994624865,21.323302851922136,20.5,21.5
3584.0,20.95777272571636,21.211793668763697,5.02792436067829,21.0,0,-0.21179366876369699,21.01727005693818,20.5,21.5
3585.0,20.95458675604335,21.2080262292672,5.026179191142689,21.0,0,-0.20802622926720105,21.17035183430224,20.5,21.5
3586.0,20.95140107453037,21.260499048410068,5.024434001670494,21.0,0,-0.2604990484100682,21.78522723983874,20.5,21.5
3587.0,20.948215681115798,21.247632680763537,5.022688793590746,21.0,0,-0.2476326807635374,21.11896900429823,20.5,21.5
3588.0,20.945030575738294,21.198921242725284,5.020943568232492,21.0,0,-0.19892124272528378,20.711806862342748,20.5,21.5
3589.0,20.941845758336793,21.144514642642967,5.0191983269248,21.0,0,-0.14451464264296732,20.600448641819803,20.5,21.5
3590.0,20.93866122885051,21.163024689387335,5.017453070996748,21.0,0,-0.16302468938733483,21.34812515683101,20.5,21.5
3591.0,20.93547698721894,21.147570785996738,5.015707801777423,21.0,0,-0.1475707859967379,20.99303175209077,20.5,21.5
3592.0,20.932293033381853,21.195213682270953,5.013962520595922,21.0,0,-0.19521368227095337,21.671642645013108,20.5,21.5
3593.0,20.929109367279295,21.25142451307302,5.012217228781357,21.0,0,-0.25142451307301883,21.813532821093673,20.5,21.5
3594.0,20.925925988851596,21.23292153100865,5.01047192766284,21.0,0,-0.23292153100864965,21.047891710364958,20.5,21.5
3595.0,20.922742898039356,21.256724194415987,5.008726618569494,21.0,0,-0.2567241944159875,21.494750828489366,20.5,21.5
3596.0,20.919560094783463,21.21409652654446,5.0069813028304475,21.0,0,-0.2140965265444592,20.787819847829176,20.5,21.5
3597.0,20.916377579025074,21.218030046702893,5.0052359817748355,21.0,0,-0.21803004670289283,21.25736524828723,20.5,21.5
3598.0,20.913195350705625,21.159204879717834,5.003490656731797,21.0,0,-0.1592048797178336,20.57095320986724,20.5,21.5
3599.0,20.91001340976683,21.221670927152786,5.00174532903047,21.0,0,-0.22167092715278613,21.84633140150231,20.5,21.5
